bundle_id,timestamp,source,destination,relay_path,propagation_delay_sec,rss_dbm,packet_size_bytes,transmission_rate_bps,ttl_original,status
821,2026-08-01T00:00:30,Rover-3,Earth Ground Station,Mars Surface Rover>Mars Orbiter>Lunar Relay Satellite 2>Lunar Relay Satellite 1>Earth Ground Station,727.52,-93.85,471,250,3600,Normal
1,2026-08-01T00:01:10,Rover-1,Earth Ground Station,Mars Surface Rover>Mars Orbiter>Lunar Relay Satellite 2>Lunar Relay Satellite 1>Earth Ground Station,703.21,-97.29,485,241,3600,Normal
411,2026-08-01T00:01:23,Rover-2,Earth Ground Station,Mars Surface Rover>Mars Orbiter>Lunar Relay Satellite 2>Lunar Relay Satellite 1>Earth Ground Station,734.98,-99.23,529,266,3600,Normal
2,2026-08-01T00:01:46,Rover-1,Earth Ground Station,Mars Surface Rover>Mars Orbiter>Lunar Relay Satellite 2>Lunar Relay Satellite 1>Earth Ground Station,727.63,-98.73,469,252,3600,Normal
822,2026-08-01T00:01:55,Rover-3,Earth Ground Station,Mars Surface Rover>Mars Orbiter>Lunar Relay Satellite 2>Lunar Relay Satellite 1>Earth Ground Station,709.62,-95.46,485,254,3600,Normal
3,2026-08-01T00:02:17,Rover-1,Earth Ground Station,Mars Surface Rover>Mars Orbiter>Lunar Relay Satellite 2>Lunar Relay Satellite 1>Earth Ground Station,702.45,-92.46,522,258,3600,Normal
412,2026-08-01T00:02:19,Rover-2,Earth Ground Station,Mars Surface Rover>Mars Orbiter>Lunar Relay Satellite 2>Lunar Relay Satellite 1>Earth Ground Station,704.34,-96.24,467,241,3600,Normal
413,2026-08-01T00:03:02,Rover-2,Earth Ground Station,Mars Surface Rover>Mars Orbiter>Lunar Relay Satellite 2>Lunar Relay Satellite 1>Earth Ground Station,720.25,-93.8,524,262,3600,Normal
823,2026-08-01T00:03:04,Rover-3,Earth Ground Station,Mars Surface Rover>Mars Orbiter>Lunar Relay Satellite 2>Lunar Relay Satellite 1>Earth Ground Station,713.22,-92.0,504,252,3600,Normal
4,2026-08-01T00:03:32,Rover-1,Earth Ground Station,Mars Surface Rover>Mars Orbiter>Lunar Relay Satellite 2>Lunar Relay Satellite 1>Earth Ground Station,726.48,-95.43,483,259,3600,Normal
414,2026-08-01T00:04:11,Rover-2,Earth Ground Station,Mars Surface Rover>Mars Orbiter>Lunar Relay Satellite 2>Lunar Relay Satellite 1>Earth Ground Station,737.83,-96.51,462,257,3600,Normal
824,2026-08-01T00:04:22,Rover-3,Earth Ground Station,Mars Surface Rover>Mars Orbiter>Lunar Relay Satellite 2>Lunar Relay Satellite 1>Earth Ground Station,714.48,-98.37,489,242,3600,Normal
5,2026-08-01T00:04:53,Rover-1,Earth Ground Station,Mars Surface Rover>Mars Orbiter>Lunar Relay Satellite 2>Lunar Relay Satellite 1>Earth Ground Station,735.95,-97.46,477,252,3600,Normal
825,2026-08-01T00:05:00,Rover-3,Earth Ground Station,Mars Surface Rover>Mars Orbiter>Lunar Relay Satellite 2>Lunar Relay Satellite 1>Earth Ground Station,740.7,-96.77,544,265,3600,Normal
415,2026-08-01T00:05:07,Rover-2,Earth Ground Station,Mars Surface Rover>Mars Orbiter>Lunar Relay Satellite 2>Lunar Relay Satellite 1>Earth Ground Station,698.91,-95.28,488,275,3600,Normal
416,2026-08-01T00:05:38,Rover-2,Earth Ground Station,Mars Surface Rover>Mars Orbiter>Lunar Relay Satellite 2>Lunar Relay Satellite 1>Earth Ground Station,720.1,-96.88,504,274,3600,Normal
6,2026-08-01T00:05:40,Rover-1,Earth Ground Station,Mars Surface Rover>Mars Orbiter>Lunar Relay Satellite 2>Lunar Relay Satellite 1>Earth Ground Station,705.12,-99.34,495,239,3600,Normal
7,2026-08-01T00:06:16,Rover-1,Earth Ground Station,Mars Surface Rover>Mars Orbiter>Lunar Relay Satellite 2>Lunar Relay Satellite 1>Earth Ground Station,713.91,-93.52,487,237,3600,Normal
417,2026-08-01T00:06:19,Rover-2,Earth Ground Station,Mars Surface Rover>Mars Orbiter>Lunar Relay Satellite 2>Lunar Relay Satellite 1>Earth Ground Station,703.02,-91.16,476,243,3600,Normal
826,2026-08-01T00:06:21,Rover-3,Earth Ground Station,Mars Surface Rover>Mars Orbiter>Lunar Relay Satellite 2>Lunar Relay Satellite 1>Earth Ground Station,708.59,-94.36,499,241,3600,Normal
8,2026-08-01T00:07:15,Rover-1,Earth Ground Station,Mars Surface Rover>Mars Orbiter>Lunar Relay Satellite 2>Lunar Relay Satellite 1>Earth Ground Station,721.57,-99.49,499,258,3600,Normal
418,2026-08-01T00:07:22,Rover-2,Earth Ground Station,Mars Surface Rover>Mars Orbiter>Lunar Relay Satellite 2>Lunar Relay Satellite 1>Earth Ground Station,709.3,-93.62,542,238,3600,Normal
827,2026-08-01T00:07:38,Rover-3,Earth Ground Station,Mars Surface Rover>Mars Orbiter>Lunar Relay Satellite 2>Lunar Relay Satellite 1>Earth Ground Station,704.86,-97.9,478,255,3600,Normal
419,2026-08-01T00:08:17,Rover-2,Earth Ground Station,Mars Surface Rover>Mars Orbiter>Lunar Relay Satellite 2>Lunar Relay Satellite 1>Earth Ground Station,718.23,-92.56,532,247,3600,Normal
9,2026-08-01T00:08:38,Rover-1,Earth Ground Station,Mars Surface Rover>Mars Orbiter>Lunar Relay Satellite 2>Lunar Relay Satellite 1>Earth Ground Station,725.56,-98.66,497,243,3600,Normal
828,2026-08-01T00:09:05,Rover-3,Earth Ground Station,Mars Surface Rover>Mars Orbiter>Lunar Relay Satellite 2>Lunar Relay Satellite 1>Earth Ground Station,735.09,-95.16,534,267,3600,Normal
10,2026-08-01T00:09:12,Rover-1,Earth Ground Station,Mars Surface Rover>Mars Orbiter>Lunar Relay Satellite 2>Lunar Relay Satellite 1>Earth Ground Station,700.38,-92.42,490,238,3600,Normal
420,2026-08-01T00:09:39,Rover-2,Earth Ground Station,Mars Surface Rover>Mars Orbiter>Lunar Relay Satellite 2>Lunar Relay Satellite 1>Earth Ground Station,735.03,-96.46,548,266,3600,Normal
829,2026-08-01T00:09:54,Rover-3,Earth Ground Station,Mars Surface Rover>Mars Orbiter>Lunar Relay Satellite 2>Lunar Relay Satellite 1>Earth Ground Station,709.24,-98.41,465,239,3600,Normal
11,2026-08-01T00:09:56,Rover-1,Earth Ground Station,Mars Surface Rover>Mars Orbiter>Lunar Relay Satellite 2>Lunar Relay Satellite 1>Earth Ground Station,735.83,-93.86,507,269,3600,Normal
421,2026-08-01T00:10:14,Rover-2,Earth Ground Station,Mars Surface Rover>Mars Orbiter>Lunar Relay Satellite 2>Lunar Relay Satellite 1>Earth Ground Station,715.91,-93.83,509,261,3600,Normal
830,2026-08-01T00:10:34,Rover-3,Earth Ground Station,Mars Surface Rover>Mars Orbiter>Lunar Relay Satellite 2>Lunar Relay Satellite 1>Earth Ground Station,700.99,-97.98,509,261,3600,Normal
12,2026-08-01T00:10:36,Rover-1,Earth Ground Station,Mars Surface Rover>Mars Orbiter>Lunar Relay Satellite 2>Lunar Relay Satellite 1>Earth Ground Station,714.39,-92.24,488,273,3600,Normal
422,2026-08-01T00:11:28,Rover-2,Earth Ground Station,Mars Surface Rover>Mars Orbiter>Lunar Relay Satellite 2>Lunar Relay Satellite 1>Earth Ground Station,705.8,-95.0,505,267,3600,Normal
831,2026-08-01T00:11:32,Rover-3,Earth Ground Station,Mars Surface Rover>Mars Orbiter>Lunar Relay Satellite 2>Lunar Relay Satellite 1>Earth Ground Station,730.57,-92.72,497,258,3600,Normal
13,2026-08-01T00:11:47,Rover-1,Earth Ground Station,Mars Surface Rover>Mars Orbiter>Lunar Relay Satellite 2>Lunar Relay Satellite 1>Earth Ground Station,701.48,-96.28,515,245,3600,Normal
423,2026-08-01T00:12:34,Rover-2,Earth Ground Station,Mars Surface Rover>Mars Orbiter>Lunar Relay Satellite 2>Lunar Relay Satellite 1>Earth Ground Station,740.62,-99.5,552,273,3600,Normal
14,2026-08-01T00:12:46,Rover-1,Earth Ground Station,Mars Surface Rover>Mars Orbiter>Lunar Relay Satellite 2>Lunar Relay Satellite 1>Earth Ground Station,714.79,-99.65,526,258,3600,Normal
832,2026-08-01T00:12:53,Rover-3,Earth Ground Station,Mars Surface Rover>Mars Orbiter>Lunar Relay Satellite 2>Lunar Relay Satellite 1>Earth Ground Station,709.53,-90.44,473,271,3600,Normal
424,2026-08-01T00:13:18,Rover-2,Earth Ground Station,Mars Surface Rover>Mars Orbiter>Lunar Relay Satellite 2>Lunar Relay Satellite 1>Earth Ground Station,707.53,-98.5,551,254,3600,Normal
425,2026-08-01T00:13:50,Rover-2,Earth Ground Station,Mars Surface Rover>Mars Orbiter>Lunar Relay Satellite 2>Lunar Relay Satellite 1>Earth Ground Station,738.32,-96.75,489,257,3600,Normal
15,2026-08-01T00:13:59,Rover-1,Earth Ground Station,Mars Surface Rover>Mars Orbiter>Lunar Relay Satellite 2>Lunar Relay Satellite 1>Earth Ground Station,712.41,-97.55,466,269,3600,Normal
833,2026-08-01T00:14:01,Rover-3,Earth Ground Station,Mars Surface Rover>Mars Orbiter>Lunar Relay Satellite 2>Lunar Relay Satellite 1>Earth Ground Station,706.99,-95.72,527,242,3600,Normal
426,2026-08-01T00:15:02,Rover-2,Earth Ground Station,Mars Surface Rover>Mars Orbiter>Lunar Relay Satellite 2>Lunar Relay Satellite 1>Earth Ground Station,699.82,-99.07,493,274,3600,Normal
16,2026-08-01T00:15:20,Rover-1,Earth Ground Station,Mars Surface Rover>Mars Orbiter>Lunar Relay Satellite 2>Lunar Relay Satellite 1>Earth Ground Station,712.03,-92.79,482,274,3600,Normal
834,2026-08-01T00:15:20,Rover-3,Earth Ground Station,Mars Surface Rover>Mars Orbiter>Lunar Relay Satellite 2>Lunar Relay Satellite 1>Earth Ground Station,710.7,-93.34,513,267,3600,Normal
427,2026-08-01T00:16:09,Rover-2,Earth Ground Station,Mars Surface Rover>Mars Orbiter>Lunar Relay Satellite 2>Lunar Relay Satellite 1>Earth Ground Station,704.63,-98.05,544,273,3600,Normal
835,2026-08-01T00:16:18,Rover-3,Earth Ground Station,Mars Surface Rover>Mars Orbiter>Lunar Relay Satellite 2>Lunar Relay Satellite 1>Earth Ground Station,736.83,-93.87,490,261,3600,Normal
17,2026-08-01T00:16:46,Rover-1,Earth Ground Station,Mars Surface Rover>Mars Orbiter>Lunar Relay Satellite 2>Lunar Relay Satellite 1>Earth Ground Station,729.41,-92.27,511,271,3600,Normal
836,2026-08-01T00:16:57,Rover-3,Earth Ground Station,Mars Surface Rover>Mars Orbiter>Lunar Relay Satellite 2>Lunar Relay Satellite 1>Earth Ground Station,735.91,-96.34,555,252,3600,Normal
428,2026-08-01T00:16:58,Rover-2,Earth Ground Station,Mars Surface Rover>Mars Orbiter>Lunar Relay Satellite 2>Lunar Relay Satellite 1>Earth Ground Station,705.42,-92.53,546,251,3600,Normal
18,2026-08-01T00:17:57,Rover-1,Earth Ground Station,Mars Surface Rover>Mars Orbiter>Lunar Relay Satellite 2>Lunar Relay Satellite 1>Earth Ground Station,718.22,-92.77,486,258,3600,Normal
837,2026-08-01T00:18:06,Rover-3,Earth Ground Station,Mars Surface Rover>Mars Orbiter>Lunar Relay Satellite 2>Lunar Relay Satellite 1>Earth Ground Station,723.09,-98.31,468,242,3600,Normal
429,2026-08-01T00:18:25,Rover-2,Earth Ground Station,Mars Surface Rover>Mars Orbiter>Lunar Relay Satellite 2>Lunar Relay Satellite 1>Earth Ground Station,721.75,-93.9,536,267,3600,Normal
19,2026-08-01T00:18:43,Rover-1,Earth Ground Station,Mars Surface Rover>Mars Orbiter>Lunar Relay Satellite 2>Lunar Relay Satellite 1>Earth Ground Station,730.67,-94.32,520,250,3600,Normal
838,2026-08-01T00:18:50,Rover-3,Earth Ground Station,Mars Surface Rover>Mars Orbiter>Lunar Relay Satellite 2>Lunar Relay Satellite 1>Earth Ground Station,711.94,-96.45,533,260,3600,Normal
20,2026-08-01T00:19:21,Rover-1,Earth Ground Station,Mars Surface Rover>Mars Orbiter>Lunar Relay Satellite 2>Lunar Relay Satellite 1>Earth Ground Station,720.41,-91.11,465,240,3600,Normal
430,2026-08-01T00:19:39,Rover-2,Earth Ground Station,Mars Surface Rover>Mars Orbiter>Lunar Relay Satellite 2>Lunar Relay Satellite 1>Earth Ground Station,729.68,-95.01,560,237,3600,Normal
839,2026-08-01T00:19:45,Rover-3,Earth Ground Station,Mars Surface Rover>Mars Orbiter>Lunar Relay Satellite 2>Lunar Relay Satellite 1>Earth Ground Station,710.12,-94.48,549,250,3600,Normal
21,2026-08-01T00:20:31,Rover-1,Earth Ground Station,Mars Surface Rover>Mars Orbiter>Lunar Relay Satellite 2>Lunar Relay Satellite 1>Earth Ground Station,705.31,-96.71,521,251,3600,Normal
431,2026-08-01T00:20:36,Rover-2,Earth Ground Station,Mars Surface Rover>Mars Orbiter>Lunar Relay Satellite 2>Lunar Relay Satellite 1>Earth Ground Station,708.43,-90.97,522,260,3600,Normal
840,2026-08-01T00:20:52,Rover-3,Earth Ground Station,Mars Surface Rover>Mars Orbiter>Lunar Relay Satellite 2>Lunar Relay Satellite 1>Earth Ground Station,720.9,-94.53,477,270,3600,Normal
841,2026-08-01T00:21:30,Rover-3,Earth Ground Station,Mars Surface Rover>Mars Orbiter>Lunar Relay Satellite 2>Lunar Relay Satellite 1>Earth Ground Station,729.84,-96.54,557,264,3600,Normal
22,2026-08-01T00:21:39,Rover-1,Earth Ground Station,Mars Surface Rover>Mars Orbiter>Lunar Relay Satellite 2>Lunar Relay Satellite 1>Earth Ground Station,741.43,-95.28,560,270,3600,Normal
432,2026-08-01T00:21:44,Rover-2,Earth Ground Station,Mars Surface Rover>Mars Orbiter>Lunar Relay Satellite 2>Lunar Relay Satellite 1>Earth Ground Station,715.54,-97.6,463,246,3600,Normal
842,2026-08-01T00:22:05,Rover-3,Earth Ground Station,Mars Surface Rover>Mars Orbiter>Lunar Relay Satellite 2>Lunar Relay Satellite 1>Earth Ground Station,707.5,-94.02,470,273,3600,Normal
23,2026-08-01T00:22:09,Rover-1,Earth Ground Station,Mars Surface Rover>Mars Orbiter>Lunar Relay Satellite 2>Lunar Relay Satellite 1>Earth Ground Station,727.79,-91.34,551,266,3600,Normal
433,2026-08-01T00:22:42,Rover-2,Earth Ground Station,Mars Surface Rover>Mars Orbiter>Lunar Relay Satellite 2>Lunar Relay Satellite 1>Earth Ground Station,719.59,-93.63,557,253,3600,Normal
843,2026-08-01T00:23:05,Rover-3,Earth Ground Station,Mars Surface Rover>Mars Orbiter>Lunar Relay Satellite 2>Lunar Relay Satellite 1>Earth Ground Station,722.09,-90.5,501,266,3600,Normal
24,2026-08-01T00:23:28,Rover-1,Earth Ground Station,Mars Surface Rover>Mars Orbiter>Lunar Relay Satellite 2>Lunar Relay Satellite 1>Earth Ground Station,726.09,-91.31,505,254,3600,Normal
844,2026-08-01T00:23:40,Rover-3,Earth Ground Station,Mars Surface Rover>Mars Orbiter>Lunar Relay Satellite 2>Lunar Relay Satellite 1>Earth Ground Station,702.89,-96.12,469,273,3600,Normal
434,2026-08-01T00:23:55,Rover-2,Earth Ground Station,Mars Surface Rover>Mars Orbiter>Lunar Relay Satellite 2>Lunar Relay Satellite 1>Earth Ground Station,723.71,-93.86,539,247,3600,Normal
845,2026-08-01T00:24:34,Rover-3,Earth Ground Station,Mars Surface Rover>Mars Orbiter>Lunar Relay Satellite 2>Lunar Relay Satellite 1>Earth Ground Station,711.76,-92.6,489,261,3600,Normal
435,2026-08-01T00:24:40,Rover-2,Earth Ground Station,Mars Surface Rover>Mars Orbiter>Lunar Relay Satellite 2>Lunar Relay Satellite 1>Earth Ground Station,729.21,-91.03,476,264,3600,Normal
25,2026-08-01T00:24:44,Rover-1,Earth Ground Station,Mars Surface Rover>Mars Orbiter>Lunar Relay Satellite 2>Lunar Relay Satellite 1>Earth Ground Station,736.24,-92.75,512,242,3600,Normal
846,2026-08-01T00:25:12,Rover-3,Earth Ground Station,Mars Surface Rover>Mars Orbiter>Lunar Relay Satellite 2>Lunar Relay Satellite 1>Earth Ground Station,721.16,-91.87,464,250,3600,Normal
436,2026-08-01T00:25:50,Rover-2,Earth Ground Station,Mars Surface Rover>Mars Orbiter>Lunar Relay Satellite 2>Lunar Relay Satellite 1>Earth Ground Station,705.06,-93.95,497,239,3600,Normal
26,2026-08-01T00:26:12,Rover-1,Earth Ground Station,Mars Surface Rover>Mars Orbiter>Lunar Relay Satellite 2>Lunar Relay Satellite 1>Earth Ground Station,703.0,-96.19,546,256,3600,Normal
847,2026-08-01T00:26:40,Rover-3,Earth Ground Station,Mars Surface Rover>Mars Orbiter>Lunar Relay Satellite 2>Lunar Relay Satellite 1>Earth Ground Station,712.45,-94.77,560,257,3600,Normal
27,2026-08-01T00:26:54,Rover-1,Earth Ground Station,Mars Surface Rover>Mars Orbiter>Lunar Relay Satellite 2>Lunar Relay Satellite 1>Earth Ground Station,705.0,-97.49,516,267,3600,Normal
437,2026-08-01T00:27:20,Rover-2,Earth Ground Station,Mars Surface Rover>Mars Orbiter>Lunar Relay Satellite 2>Lunar Relay Satellite 1>Earth Ground Station,711.72,-93.67,488,240,3600,Normal
848,2026-08-01T00:27:27,Rover-3,Earth Ground Station,Mars Surface Rover>Mars Orbiter>Lunar Relay Satellite 2>Lunar Relay Satellite 1>Earth Ground Station,722.1,-91.53,557,257,3600,Normal
28,2026-08-01T00:27:57,Rover-1,Earth Ground Station,Mars Surface Rover>Mars Orbiter>Lunar Relay Satellite 2>Lunar Relay Satellite 1>Earth Ground Station,738.08,-95.94,510,240,3600,Normal
438,2026-08-01T00:28:01,Rover-2,Earth Ground Station,Mars Surface Rover>Mars Orbiter>Lunar Relay Satellite 2>Lunar Relay Satellite 1>Earth Ground Station,717.02,-95.54,513,239,3600,Normal
849,2026-08-01T00:28:34,Rover-3,Earth Ground Station,Mars Surface Rover>Mars Orbiter>Lunar Relay Satellite 2>Lunar Relay Satellite 1>Earth Ground Station,724.22,-96.24,525,258,3600,Normal
439,2026-08-01T00:28:36,Rover-2,Earth Ground Station,Mars Surface Rover>Mars Orbiter>Lunar Relay Satellite 2>Lunar Relay Satellite 1>Earth Ground Station,713.69,-91.13,522,248,3600,Normal
29,2026-08-01T00:28:50,Rover-1,Earth Ground Station,Mars Surface Rover>Mars Orbiter>Lunar Relay Satellite 2>Lunar Relay Satellite 1>Earth Ground Station,736.36,-98.15,492,237,3600,Normal
440,2026-08-01T00:29:30,Rover-2,Earth Ground Station,Mars Surface Rover>Mars Orbiter>Lunar Relay Satellite 2>Lunar Relay Satellite 1>Earth Ground Station,698.93,-94.18,540,265,3600,Normal
850,2026-08-01T00:29:37,Rover-3,Earth Ground Station,Mars Surface Rover>Mars Orbiter>Lunar Relay Satellite 2>Lunar Relay Satellite 1>Earth Ground Station,726.04,-95.32,553,255,3600,Normal
30,2026-08-01T00:30:16,Rover-1,Earth Ground Station,Mars Surface Rover>Mars Orbiter>Lunar Relay Satellite 2>Lunar Relay Satellite 1>Earth Ground Station,722.91,-91.0,535,268,3600,Normal
851,2026-08-01T00:30:21,Rover-3,Earth Ground Station,Mars Surface Rover>Mars Orbiter>Lunar Relay Satellite 2>Lunar Relay Satellite 1>Earth Ground Station,733.16,-94.45,498,246,3600,Normal
441,2026-08-01T00:30:35,Rover-2,Earth Ground Station,Mars Surface Rover>Mars Orbiter>Lunar Relay Satellite 2>Lunar Relay Satellite 1>Earth Ground Station,737.5,-99.54,519,242,3600,Normal
852,2026-08-01T00:31:10,Rover-3,Earth Ground Station,Mars Surface Rover>Mars Orbiter>Lunar Relay Satellite 2>Lunar Relay Satellite 1>Earth Ground Station,698.86,-95.22,538,241,3600,Normal
442,2026-08-01T00:31:29,Rover-2,Earth Ground Station,Mars Surface Rover>Mars Orbiter>Lunar Relay Satellite 2>Lunar Relay Satellite 1>Earth Ground Station,705.72,-92.8,488,241,3600,Normal
31,2026-08-01T00:31:34,Rover-1,Earth Ground Station,Mars Surface Rover>Mars Orbiter>Lunar Relay Satellite 2>Lunar Relay Satellite 1>Earth Ground Station,721.41,-91.44,528,274,3600,Normal
853,2026-08-01T00:31:58,Rover-3,Earth Ground Station,Mars Surface Rover>Mars Orbiter>Lunar Relay Satellite 2>Lunar Relay Satellite 1>Earth Ground Station,718.67,-90.33,555,274,3600,Normal
443,2026-08-01T00:32:09,Rover-2,Earth Ground Station,Mars Surface Rover>Mars Orbiter>Lunar Relay Satellite 2>Lunar Relay Satellite 1>Earth Ground Station,717.18,-94.25,510,238,3600,Normal
32,2026-08-01T00:32:14,Rover-1,Earth Ground Station,Mars Surface Rover>Mars Orbiter>Lunar Relay Satellite 2>Lunar Relay Satellite 1>Earth Ground Station,709.85,-98.54,504,244,3600,Normal
444,2026-08-01T00:32:55,Rover-2,Earth Ground Station,Mars Surface Rover>Mars Orbiter>Lunar Relay Satellite 2>Lunar Relay Satellite 1>Earth Ground Station,739.19,-97.1,511,260,3600,Normal
854,2026-08-01T00:32:58,Rover-3,Earth Ground Station,Mars Surface Rover>Mars Orbiter>Lunar Relay Satellite 2>Lunar Relay Satellite 1>Earth Ground Station,711.34,-97.53,542,259,3600,Normal
33,2026-08-01T00:33:18,Rover-1,Earth Ground Station,Mars Surface Rover>Mars Orbiter>Lunar Relay Satellite 2>Lunar Relay Satellite 1>Earth Ground Station,731.03,-96.8,533,251,3600,Normal
445,2026-08-01T00:33:54,Rover-2,Earth Ground Station,Mars Surface Rover>Mars Orbiter>Lunar Relay Satellite 2>Lunar Relay Satellite 1>Earth Ground Station,703.02,-93.14,557,249,3600,Normal
855,2026-08-01T00:34:18,Rover-3,Earth Ground Station,Mars Surface Rover>Mars Orbiter>Lunar Relay Satellite 2>Lunar Relay Satellite 1>Earth Ground Station,698.71,-93.8,502,258,3600,Normal
34,2026-08-01T00:34:30,Rover-1,Earth Ground Station,Mars Surface Rover>Mars Orbiter>Lunar Relay Satellite 2>Lunar Relay Satellite 1>Earth Ground Station,726.47,-94.41,513,240,3600,Normal
446,2026-08-01T00:35:03,Rover-2,Earth Ground Station,Mars Surface Rover>Mars Orbiter>Lunar Relay Satellite 2>Lunar Relay Satellite 1>Earth Ground Station,714.81,-98.44,505,253,3600,Normal
856,2026-08-01T00:35:13,Rover-3,Earth Ground Station,Mars Surface Rover>Mars Orbiter>Lunar Relay Satellite 2>Lunar Relay Satellite 1>Earth Ground Station,709.2,-97.04,526,269,3600,Normal
35,2026-08-01T00:35:14,Rover-1,Earth Ground Station,Mars Surface Rover>Mars Orbiter>Lunar Relay Satellite 2>Lunar Relay Satellite 1>Earth Ground Station,701.17,-90.45,517,259,3600,Normal
36,2026-08-01T00:35:44,Rover-1,Earth Ground Station,Mars Surface Rover>Mars Orbiter>Lunar Relay Satellite 2>Lunar Relay Satellite 1>Earth Ground Station,701.47,-96.25,484,272,3600,Normal
857,2026-08-01T00:35:57,Rover-3,Earth Ground Station,Mars Surface Rover>Mars Orbiter>Lunar Relay Satellite 2>Lunar Relay Satellite 1>Earth Ground Station,709.76,-94.26,485,266,3600,Normal
447,2026-08-01T00:36:25,Rover-2,Earth Ground Station,Mars Surface Rover>Mars Orbiter>Lunar Relay Satellite 2>Lunar Relay Satellite 1>Earth Ground Station,735.53,-99.51,474,248,3600,Normal
37,2026-08-01T00:37:09,Rover-1,Earth Ground Station,Mars Surface Rover>Mars Orbiter>Lunar Relay Satellite 2>Lunar Relay Satellite 1>Earth Ground Station,712.67,-95.13,489,255,3600,Normal
858,2026-08-01T00:37:25,Rover-3,Earth Ground Station,Mars Surface Rover>Mars Orbiter>Lunar Relay Satellite 2>Lunar Relay Satellite 1>Earth Ground Station,724.89,-96.84,488,262,3600,Normal
448,2026-08-01T00:37:55,Rover-2,Earth Ground Station,Mars Surface Rover>Mars Orbiter>Lunar Relay Satellite 2>Lunar Relay Satellite 1>Earth Ground Station,728.44,-94.8,478,251,3600,Normal
38,2026-08-01T00:38:13,Rover-1,Earth Ground Station,Mars Surface Rover>Mars Orbiter>Lunar Relay Satellite 2>Lunar Relay Satellite 1>Earth Ground Station,704.12,-99.14,519,254,3600,Normal
859,2026-08-01T00:38:29,Rover-3,Earth Ground Station,Mars Surface Rover>Mars Orbiter>Lunar Relay Satellite 2>Lunar Relay Satellite 1>Earth Ground Station,733.34,-94.17,548,242,3600,Normal
449,2026-08-01T00:38:45,Rover-2,Earth Ground Station,Mars Surface Rover>Mars Orbiter>Lunar Relay Satellite 2>Lunar Relay Satellite 1>Earth Ground Station,710.99,-96.85,511,259,3600,Normal
860,2026-08-01T00:39:17,Rover-3,Earth Ground Station,Mars Surface Rover>Mars Orbiter>Lunar Relay Satellite 2>Lunar Relay Satellite 1>Earth Ground Station,703.17,-94.58,507,264,3600,Normal
450,2026-08-01T00:39:30,Rover-2,Earth Ground Station,Mars Surface Rover>Mars Orbiter>Lunar Relay Satellite 2>Lunar Relay Satellite 1>Earth Ground Station,712.48,-92.91,541,250,3600,Normal
39,2026-08-01T00:39:33,Rover-1,Earth Ground Station,Mars Surface Rover>Mars Orbiter>Lunar Relay Satellite 2>Lunar Relay Satellite 1>Earth Ground Station,718.83,-94.12,470,262,3600,Normal
861,2026-08-01T00:40:18,Rover-3,Earth Ground Station,Mars Surface Rover>Mars Orbiter>Lunar Relay Satellite 2>Lunar Relay Satellite 1>Earth Ground Station,706.51,-90.43,465,257,3600,Normal
40,2026-08-01T00:40:25,Rover-1,Earth Ground Station,Mars Surface Rover>Mars Orbiter>Lunar Relay Satellite 2>Lunar Relay Satellite 1>Earth Ground Station,716.7,-94.69,535,263,3600,Normal
451,2026-08-01T00:40:59,Rover-2,Earth Ground Station,Mars Surface Rover>Mars Orbiter>Lunar Relay Satellite 2>Lunar Relay Satellite 1>Earth Ground Station,722.76,-95.88,516,263,3600,Normal
862,2026-08-01T00:40:59,Rover-3,Earth Ground Station,Mars Surface Rover>Mars Orbiter>Lunar Relay Satellite 2>Lunar Relay Satellite 1>Earth Ground Station,740.4,-92.93,473,253,3600,Normal
863,2026-08-01T00:41:29,Rover-3,Earth Ground Station,Mars Surface Rover>Mars Orbiter>Lunar Relay Satellite 2>Lunar Relay Satellite 1>Earth Ground Station,708.46,-91.68,511,249,3600,Normal
41,2026-08-01T00:41:36,Rover-1,Earth Ground Station,Mars Surface Rover>Mars Orbiter>Lunar Relay Satellite 2>Lunar Relay Satellite 1>Earth Ground Station,702.65,-94.07,495,270,3600,Normal
452,2026-08-01T00:42:04,Rover-2,Earth Ground Station,Mars Surface Rover>Mars Orbiter>Lunar Relay Satellite 2>Lunar Relay Satellite 1>Earth Ground Station,699.56,-97.16,557,244,3600,Normal
864,2026-08-01T00:42:18,Rover-3,Earth Ground Station,Mars Surface Rover>Mars Orbiter>Lunar Relay Satellite 2>Lunar Relay Satellite 1>Earth Ground Station,732.34,-94.98,498,264,3600,Normal
42,2026-08-01T00:42:21,Rover-1,Earth Ground Station,Mars Surface Rover>Mars Orbiter>Lunar Relay Satellite 2>Lunar Relay Satellite 1>Earth Ground Station,706.68,-95.34,475,243,3600,Normal
865,2026-08-01T00:42:50,Rover-3,Earth Ground Station,Mars Surface Rover>Mars Orbiter>Lunar Relay Satellite 2>Lunar Relay Satellite 1>Earth Ground Station,712.67,-98.26,558,237,3600,Normal
43,2026-08-01T00:43:20,Rover-1,Earth Ground Station,Mars Surface Rover>Mars Orbiter>Lunar Relay Satellite 2>Lunar Relay Satellite 1>Earth Ground Station,709.19,-99.02,506,270,3600,Normal
453,2026-08-01T00:43:25,Rover-2,Earth Ground Station,Mars Surface Rover>Mars Orbiter>Lunar Relay Satellite 2>Lunar Relay Satellite 1>Earth Ground Station,710.99,-96.83,544,268,3600,Normal
866,2026-08-01T00:44:09,Rover-3,Earth Ground Station,Mars Surface Rover>Mars Orbiter>Lunar Relay Satellite 2>Lunar Relay Satellite 1>Earth Ground Station,715.35,-95.41,479,272,3600,Normal
454,2026-08-01T00:44:21,Rover-2,Earth Ground Station,Mars Surface Rover>Mars Orbiter>Lunar Relay Satellite 2>Lunar Relay Satellite 1>Earth Ground Station,727.47,-91.57,491,245,3600,Normal
44,2026-08-01T00:44:25,Rover-1,Earth Ground Station,Mars Surface Rover>Mars Orbiter>Lunar Relay Satellite 2>Lunar Relay Satellite 1>Earth Ground Station,702.63,-96.45,516,236,3600,Normal
867,2026-08-01T00:44:55,Rover-3,Earth Ground Station,Mars Surface Rover>Mars Orbiter>Lunar Relay Satellite 2>Lunar Relay Satellite 1>Earth Ground Station,733.71,-98.12,473,266,3600,Normal
45,2026-08-01T00:45:00,Rover-1,Earth Ground Station,Mars Surface Rover>Mars Orbiter>Lunar Relay Satellite 2>Lunar Relay Satellite 1>Earth Ground Station,738.42,-98.31,477,255,3600,Normal
455,2026-08-01T00:45:00,Rover-2,Earth Ground Station,Mars Surface Rover>Mars Orbiter>Lunar Relay Satellite 2>Lunar Relay Satellite 1>Earth Ground Station,729.3,-97.75,468,276,3600,Normal
868,2026-08-01T00:45:40,Rover-3,Earth Ground Station,Mars Surface Rover>Mars Orbiter>Lunar Relay Satellite 2>Lunar Relay Satellite 1>Earth Ground Station,715.02,-99.51,486,276,3600,Normal
46,2026-08-01T00:45:43,Rover-1,Earth Ground Station,Mars Surface Rover>Mars Orbiter>Lunar Relay Satellite 2>Lunar Relay Satellite 1>Earth Ground Station,735.75,-98.82,477,235,3600,Normal
456,2026-08-01T00:46:00,Rover-2,Earth Ground Station,Mars Surface Rover>Mars Orbiter>Lunar Relay Satellite 2>Lunar Relay Satellite 1>Earth Ground Station,723.55,-95.33,555,271,3600,Normal
869,2026-08-01T00:46:22,Rover-3,Earth Ground Station,Mars Surface Rover>Mars Orbiter>Lunar Relay Satellite 2>Lunar Relay Satellite 1>Earth Ground Station,718.31,-97.57,514,275,3600,Normal
47,2026-08-01T00:46:37,Rover-1,Earth Ground Station,Mars Surface Rover>Mars Orbiter>Lunar Relay Satellite 2>Lunar Relay Satellite 1>Earth Ground Station,709.86,-97.7,507,252,3600,Normal
457,2026-08-01T00:46:56,Rover-2,Earth Ground Station,Mars Surface Rover>Mars Orbiter>Lunar Relay Satellite 2>Lunar Relay Satellite 1>Earth Ground Station,721.89,-97.76,497,272,3600,Normal
870,2026-08-01T00:47:22,Rover-3,Earth Ground Station,Mars Surface Rover>Mars Orbiter>Lunar Relay Satellite 2>Lunar Relay Satellite 1>Earth Ground Station,715.21,-99.38,556,242,3600,Normal
48,2026-08-01T00:47:53,Rover-1,Earth Ground Station,Mars Surface Rover>Mars Orbiter>Lunar Relay Satellite 2>Lunar Relay Satellite 1>Earth Ground Station,741.4,-95.53,534,241,3600,Normal
458,2026-08-01T00:48:00,Rover-2,Earth Ground Station,Mars Surface Rover>Mars Orbiter>Lunar Relay Satellite 2>Lunar Relay Satellite 1>Earth Ground Station,724.05,-98.94,471,245,3600,Normal
871,2026-08-01T00:48:38,Rover-3,Earth Ground Station,Mars Surface Rover>Mars Orbiter>Lunar Relay Satellite 2>Lunar Relay Satellite 1>Earth Ground Station,700.22,-99.16,514,245,3600,Normal
49,2026-08-01T00:48:41,Rover-1,Earth Ground Station,Mars Surface Rover>Mars Orbiter>Lunar Relay Satellite 2>Lunar Relay Satellite 1>Earth Ground Station,707.8,-90.81,536,238,3600,Normal
459,2026-08-01T00:49:12,Rover-2,Earth Ground Station,Mars Surface Rover>Mars Orbiter>Lunar Relay Satellite 2>Lunar Relay Satellite 1>Earth Ground Station,713.74,-96.4,465,275,3600,Normal
50,2026-08-01T00:49:31,Rover-1,Earth Ground Station,Mars Surface Rover>Mars Orbiter>Lunar Relay Satellite 2>Lunar Relay Satellite 1>Earth Ground Station,700.87,-95.8,512,270,3600,Normal
872,2026-08-01T00:49:48,Rover-3,Earth Ground Station,Mars Surface Rover>Mars Orbiter>Lunar Relay Satellite 2>Lunar Relay Satellite 1>Earth Ground Station,711.31,-93.67,466,262,3600,Normal
51,2026-08-01T00:50:11,Rover-1,Earth Ground Station,Mars Surface Rover>Mars Orbiter>Lunar Relay Satellite 2>Lunar Relay Satellite 1>Earth Ground Station,700.86,-95.07,547,238,3600,Normal
460,2026-08-01T00:50:25,Rover-2,Earth Ground Station,Mars Surface Rover>Mars Orbiter>Lunar Relay Satellite 2>Lunar Relay Satellite 1>Earth Ground Station,726.34,-99.43,494,268,3600,Normal
873,2026-08-01T00:50:25,Rover-3,Earth Ground Station,Mars Surface Rover>Mars Orbiter>Lunar Relay Satellite 2>Lunar Relay Satellite 1>Earth Ground Station,708.59,-94.37,462,268,3600,Normal
52,2026-08-01T00:50:45,Rover-1,Earth Ground Station,Mars Surface Rover>Mars Orbiter>Lunar Relay Satellite 2>Lunar Relay Satellite 1>Earth Ground Station,727.57,-92.48,473,271,3600,Normal
461,2026-08-01T00:51:01,Rover-2,Earth Ground Station,Mars Surface Rover>Mars Orbiter>Lunar Relay Satellite 2>Lunar Relay Satellite 1>Earth Ground Station,698.86,-92.71,513,256,3600,Normal
53,2026-08-01T00:51:30,Rover-1,Earth Ground Station,Mars Surface Rover>Mars Orbiter>Lunar Relay Satellite 2>Lunar Relay Satellite 1>Earth Ground Station,723.41,-90.63,469,262,3600,Normal
874,2026-08-01T00:51:32,Rover-3,Earth Ground Station,Mars Surface Rover>Mars Orbiter>Lunar Relay Satellite 2>Lunar Relay Satellite 1>Earth Ground Station,703.57,-97.75,461,237,3600,Normal
462,2026-08-01T00:52:08,Rover-2,Earth Ground Station,Mars Surface Rover>Mars Orbiter>Lunar Relay Satellite 2>Lunar Relay Satellite 1>Earth Ground Station,728.11,-92.35,499,254,3600,Normal
54,2026-08-01T00:52:36,Rover-1,Earth Ground Station,Mars Surface Rover>Mars Orbiter>Lunar Relay Satellite 2>Lunar Relay Satellite 1>Earth Ground Station,720.98,-99.13,481,264,3600,Normal
875,2026-08-01T00:52:52,Rover-3,Earth Ground Station,Mars Surface Rover>Mars Orbiter>Lunar Relay Satellite 2>Lunar Relay Satellite 1>Earth Ground Station,728.24,-96.79,476,267,3600,Normal
55,2026-08-01T00:53:21,Rover-1,Earth Ground Station,Mars Surface Rover>Mars Orbiter>Lunar Relay Satellite 2>Lunar Relay Satellite 1>Earth Ground Station,709.87,-91.49,526,254,3600,Normal
463,2026-08-01T00:53:21,Rover-2,Earth Ground Station,Mars Surface Rover>Mars Orbiter>Lunar Relay Satellite 2>Lunar Relay Satellite 1>Earth Ground Station,723.83,-95.0,496,236,3600,Normal
876,2026-08-01T00:53:37,Rover-3,Earth Ground Station,Mars Surface Rover>Mars Orbiter>Lunar Relay Satellite 2>Lunar Relay Satellite 1>Earth Ground Station,705.21,-91.12,524,273,3600,Normal
464,2026-08-01T00:53:57,Rover-2,Earth Ground Station,Mars Surface Rover>Mars Orbiter>Lunar Relay Satellite 2>Lunar Relay Satellite 1>Earth Ground Station,711.16,-99.0,469,269,3600,Normal
56,2026-08-01T00:54:50,Rover-1,Earth Ground Station,Mars Surface Rover>Mars Orbiter>Lunar Relay Satellite 2>Lunar Relay Satellite 1>Earth Ground Station,730.88,-90.94,507,276,3600,Normal
877,2026-08-01T00:54:55,Rover-3,Earth Ground Station,Mars Surface Rover>Mars Orbiter>Lunar Relay Satellite 2>Lunar Relay Satellite 1>Earth Ground Station,725.41,-90.82,526,264,3600,Normal
465,2026-08-01T00:55:13,Rover-2,Earth Ground Station,Mars Surface Rover>Mars Orbiter>Lunar Relay Satellite 2>Lunar Relay Satellite 1>Earth Ground Station,704.52,-93.21,507,243,3600,Normal
57,2026-08-01T00:55:26,Rover-1,Earth Ground Station,Mars Surface Rover>Mars Orbiter>Lunar Relay Satellite 2>Lunar Relay Satellite 1>Earth Ground Station,701.56,-92.27,487,273,3600,Normal
466,2026-08-01T00:56:13,Rover-2,Earth Ground Station,Mars Surface Rover>Mars Orbiter>Lunar Relay Satellite 2>Lunar Relay Satellite 1>Earth Ground Station,713.45,-91.18,534,254,3600,Normal
878,2026-08-01T00:56:15,Rover-3,Earth Ground Station,Mars Surface Rover>Mars Orbiter>Lunar Relay Satellite 2>Lunar Relay Satellite 1>Earth Ground Station,703.04,-94.88,493,258,3600,Normal
467,2026-08-01T00:56:47,Rover-2,Earth Ground Station,Mars Surface Rover>Mars Orbiter>Lunar Relay Satellite 2>Lunar Relay Satellite 1>Earth Ground Station,711.37,-97.95,472,270,3600,Normal
58,2026-08-01T00:56:52,Rover-1,Earth Ground Station,Mars Surface Rover>Mars Orbiter>Lunar Relay Satellite 2>Lunar Relay Satellite 1>Earth Ground Station,701.37,-92.57,489,253,3600,Normal
879,2026-08-01T00:57:26,Rover-3,Earth Ground Station,Mars Surface Rover>Mars Orbiter>Lunar Relay Satellite 2>Lunar Relay Satellite 1>Earth Ground Station,731.09,-97.9,505,243,3600,Normal
59,2026-08-01T00:57:56,Rover-1,Earth Ground Station,Mars Surface Rover>Mars Orbiter>Lunar Relay Satellite 2>Lunar Relay Satellite 1>Earth Ground Station,728.79,-96.06,561,262,3600,Normal
468,2026-08-01T00:57:58,Rover-2,Earth Ground Station,Mars Surface Rover>Mars Orbiter>Lunar Relay Satellite 2>Lunar Relay Satellite 1>Earth Ground Station,703.12,-97.85,556,265,3600,Normal
60,2026-08-01T00:58:26,Rover-1,Earth Ground Station,Mars Surface Rover>Mars Orbiter>Lunar Relay Satellite 2>Lunar Relay Satellite 1>Earth Ground Station,727.25,-95.52,556,239,3600,Normal
880,2026-08-01T00:58:40,Rover-3,Earth Ground Station,Mars Surface Rover>Mars Orbiter>Lunar Relay Satellite 2>Lunar Relay Satellite 1>Earth Ground Station,714.72,-97.13,486,237,3600,Normal
469,2026-08-01T00:59:01,Rover-2,Earth Ground Station,Mars Surface Rover>Mars Orbiter>Lunar Relay Satellite 2>Lunar Relay Satellite 1>Earth Ground Station,705.94,-91.77,518,274,3600,Normal
470,2026-08-01T00:59:45,Rover-2,Earth Ground Station,Mars Surface Rover>Mars Orbiter>Lunar Relay Satellite 2>Lunar Relay Satellite 1>Earth Ground Station,732.86,-96.23,479,262,3600,Normal
61,2026-08-01T00:59:52,Rover-1,Earth Ground Station,Mars Surface Rover>Mars Orbiter>Lunar Relay Satellite 2>Lunar Relay Satellite 1>Earth Ground Station,704.2,-91.35,471,258,3600,Normal
881,2026-08-01T00:59:55,Rover-3,Earth Ground Station,Mars Surface Rover>Mars Orbiter>Lunar Relay Satellite 2>Lunar Relay Satellite 1>Earth Ground Station,717.3,-93.05,532,243,3600,Normal
882,2026-08-01T01:00:36,Rover-3,Earth Ground Station,Mars Surface Rover>Mars Orbiter>Lunar Relay Satellite 2>Lunar Relay Satellite 1>Earth Ground Station,721.88,-93.32,508,271,3600,Normal
62,2026-08-01T01:00:39,Rover-1,Earth Ground Station,Mars Surface Rover>Mars Orbiter>Lunar Relay Satellite 2>Lunar Relay Satellite 1>Earth Ground Station,710.57,-92.25,495,263,3600,Normal
471,2026-08-01T01:00:40,Rover-2,Earth Ground Station,Mars Surface Rover>Mars Orbiter>Lunar Relay Satellite 2>Lunar Relay Satellite 1>Earth Ground Station,699.66,-96.08,481,259,3600,Normal
472,2026-08-01T01:01:34,Rover-2,Earth Ground Station,Mars Surface Rover>Mars Orbiter>Lunar Relay Satellite 2>Lunar Relay Satellite 1>Earth Ground Station,698.59,-92.29,489,264,3600,Normal
883,2026-08-01T01:01:44,Rover-3,Earth Ground Station,Mars Surface Rover>Mars Orbiter>Lunar Relay Satellite 2>Lunar Relay Satellite 1>Earth Ground Station,737.91,-95.52,467,241,3600,Normal
63,2026-08-01T01:02:03,Rover-1,Earth Ground Station,Mars Surface Rover>Mars Orbiter>Lunar Relay Satellite 2>Lunar Relay Satellite 1>Earth Ground Station,709.8,-94.89,553,270,3600,Normal
884,2026-08-01T01:02:32,Rover-3,Earth Ground Station,Mars Surface Rover>Mars Orbiter>Lunar Relay Satellite 2>Lunar Relay Satellite 1>Earth Ground Station,733.8,-95.4,507,267,3600,Normal
64,2026-08-01T01:02:38,Rover-1,Earth Ground Station,Mars Surface Rover>Mars Orbiter>Lunar Relay Satellite 2>Lunar Relay Satellite 1>Earth Ground Station,725.8,-98.13,465,249,3600,Normal
473,2026-08-01T01:02:54,Rover-2,Earth Ground Station,Mars Surface Rover>Mars Orbiter>Lunar Relay Satellite 2>Lunar Relay Satellite 1>Earth Ground Station,701.1,-91.22,550,243,3600,Normal
65,2026-08-01T01:03:16,Rover-1,Earth Ground Station,Mars Surface Rover>Mars Orbiter>Lunar Relay Satellite 2>Lunar Relay Satellite 1>Earth Ground Station,725.92,-92.74,536,258,3600,Normal
885,2026-08-01T01:03:34,Rover-3,Earth Ground Station,Mars Surface Rover>Mars Orbiter>Lunar Relay Satellite 2>Lunar Relay Satellite 1>Earth Ground Station,714.77,-92.01,462,270,3600,Normal
474,2026-08-01T01:03:44,Rover-2,Earth Ground Station,Mars Surface Rover>Mars Orbiter>Lunar Relay Satellite 2>Lunar Relay Satellite 1>Earth Ground Station,706.91,-91.33,529,255,3600,Normal
66,2026-08-01T01:04:13,Rover-1,Earth Ground Station,Mars Surface Rover>Mars Orbiter>Lunar Relay Satellite 2>Lunar Relay Satellite 1>Earth Ground Station,722.63,-91.31,557,263,3600,Normal
67,2026-08-01T01:04:52,Rover-1,Earth Ground Station,Mars Surface Rover>Mars Orbiter>Lunar Relay Satellite 2>Lunar Relay Satellite 1>Earth Ground Station,721.97,-98.18,520,241,3600,Normal
886,2026-08-01T01:04:53,Rover-3,Earth Ground Station,Mars Surface Rover>Mars Orbiter>Lunar Relay Satellite 2>Lunar Relay Satellite 1>Earth Ground Station,725.19,-93.3,467,275,3600,Normal
475,2026-08-01T01:04:54,Rover-2,Earth Ground Station,Mars Surface Rover>Mars Orbiter>Lunar Relay Satellite 2>Lunar Relay Satellite 1>Earth Ground Station,711.94,-93.94,500,240,3600,Normal
68,2026-08-01T01:05:30,Rover-1,Earth Ground Station,Mars Surface Rover>Mars Orbiter>Lunar Relay Satellite 2>Lunar Relay Satellite 1>Earth Ground Station,700.21,-93.71,556,275,3600,Normal
476,2026-08-01T01:05:46,Rover-2,Earth Ground Station,Mars Surface Rover>Mars Orbiter>Lunar Relay Satellite 2>Lunar Relay Satellite 1>Earth Ground Station,734.93,-96.11,544,264,3600,Normal
69,2026-08-01T01:06:02,Rover-1,Earth Ground Station,Mars Surface Rover>Mars Orbiter>Lunar Relay Satellite 2>Lunar Relay Satellite 1>Earth Ground Station,737.23,-92.25,486,239,3600,Normal
887,2026-08-01T01:06:15,Rover-3,Earth Ground Station,Mars Surface Rover>Mars Orbiter>Lunar Relay Satellite 2>Lunar Relay Satellite 1>Earth Ground Station,715.14,-95.23,511,258,3600,Normal
477,2026-08-01T01:06:35,Rover-2,Earth Ground Station,Mars Surface Rover>Mars Orbiter>Lunar Relay Satellite 2>Lunar Relay Satellite 1>Earth Ground Station,738.09,-95.86,529,248,3600,Normal
478,2026-08-01T01:07:20,Rover-2,Earth Ground Station,Mars Surface Rover>Mars Orbiter>Lunar Relay Satellite 2>Lunar Relay Satellite 1>Earth Ground Station,711.59,-91.99,531,256,3600,Normal
70,2026-08-01T01:07:21,Rover-1,Earth Ground Station,Mars Surface Rover>Mars Orbiter>Lunar Relay Satellite 2>Lunar Relay Satellite 1>Earth Ground Station,722.59,-98.56,560,266,3600,Normal
888,2026-08-01T01:07:24,Rover-3,Earth Ground Station,Mars Surface Rover>Mars Orbiter>Lunar Relay Satellite 2>Lunar Relay Satellite 1>Earth Ground Station,710.63,-94.14,493,239,3600,Normal
479,2026-08-01T01:08:16,Rover-2,Earth Ground Station,Mars Surface Rover>Mars Orbiter>Lunar Relay Satellite 2>Lunar Relay Satellite 1>Earth Ground Station,724.17,-95.71,504,255,3600,Normal
889,2026-08-01T01:08:36,Rover-3,Earth Ground Station,Mars Surface Rover>Mars Orbiter>Lunar Relay Satellite 2>Lunar Relay Satellite 1>Earth Ground Station,701.28,-98.18,474,271,3600,Normal
71,2026-08-01T01:08:50,Rover-1,Earth Ground Station,Mars Surface Rover>Mars Orbiter>Lunar Relay Satellite 2>Lunar Relay Satellite 1>Earth Ground Station,738.57,-98.46,560,268,3600,Normal
890,2026-08-01T01:09:18,Rover-3,Earth Ground Station,Mars Surface Rover>Mars Orbiter>Lunar Relay Satellite 2>Lunar Relay Satellite 1>Earth Ground Station,703.02,-92.07,464,261,3600,Normal
480,2026-08-01T01:09:20,Rover-2,Earth Ground Station,Mars Surface Rover>Mars Orbiter>Lunar Relay Satellite 2>Lunar Relay Satellite 1>Earth Ground Station,728.36,-96.38,563,258,3600,Normal
891,2026-08-01T01:10:12,Rover-3,Earth Ground Station,Mars Surface Rover>Mars Orbiter>Lunar Relay Satellite 2>Lunar Relay Satellite 1>Earth Ground Station,726.82,-95.25,532,246,3600,Normal
72,2026-08-01T01:10:16,Rover-1,Earth Ground Station,Mars Surface Rover>Mars Orbiter>Lunar Relay Satellite 2>Lunar Relay Satellite 1>Earth Ground Station,716.21,-91.95,555,267,3600,Normal
481,2026-08-01T01:10:21,Rover-2,Earth Ground Station,Mars Surface Rover>Mars Orbiter>Lunar Relay Satellite 2>Lunar Relay Satellite 1>Earth Ground Station,710.88,-92.03,547,260,3600,Normal
892,2026-08-01T01:11:05,Rover-3,Earth Ground Station,Mars Surface Rover>Mars Orbiter>Lunar Relay Satellite 2>Lunar Relay Satellite 1>Earth Ground Station,707.94,-97.07,462,273,3600,Normal
73,2026-08-01T01:11:12,Rover-1,Earth Ground Station,Mars Surface Rover>Mars Orbiter>Lunar Relay Satellite 2>Lunar Relay Satellite 1>Earth Ground Station,733.06,-98.46,543,246,3600,Normal
482,2026-08-01T01:11:46,Rover-2,Earth Ground Station,Mars Surface Rover>Mars Orbiter>Lunar Relay Satellite 2>Lunar Relay Satellite 1>Earth Ground Station,713.91,-90.34,474,268,3600,Normal
893,2026-08-01T01:12:16,Rover-3,Earth Ground Station,Mars Surface Rover>Mars Orbiter>Lunar Relay Satellite 2>Lunar Relay Satellite 1>Earth Ground Station,719.63,-98.7,468,268,3600,Normal
74,2026-08-01T01:12:32,Rover-1,Earth Ground Station,Mars Surface Rover>Mars Orbiter>Lunar Relay Satellite 2>Lunar Relay Satellite 1>Earth Ground Station,728.7,-93.88,464,254,3600,Normal
894,2026-08-01T01:12:49,Rover-3,Earth Ground Station,Mars Surface Rover>Mars Orbiter>Lunar Relay Satellite 2>Lunar Relay Satellite 1>Earth Ground Station,713.99,-97.31,551,269,3600,Normal
483,2026-08-01T01:12:51,Rover-2,Earth Ground Station,Mars Surface Rover>Mars Orbiter>Lunar Relay Satellite 2>Lunar Relay Satellite 1>Earth Ground Station,720.23,-94.95,530,252,3600,Normal
75,2026-08-01T01:13:14,Rover-1,Earth Ground Station,Mars Surface Rover>Mars Orbiter>Lunar Relay Satellite 2>Lunar Relay Satellite 1>Earth Ground Station,733.68,-94.62,492,268,3600,Normal
76,2026-08-01T01:13:58,Rover-1,Earth Ground Station,Mars Surface Rover>Mars Orbiter>Lunar Relay Satellite 2>Lunar Relay Satellite 1>Earth Ground Station,708.03,-96.52,501,246,3600,Normal
895,2026-08-01T01:14:09,Rover-3,Earth Ground Station,Mars Surface Rover>Mars Orbiter>Lunar Relay Satellite 2>Lunar Relay Satellite 1>Earth Ground Station,729.0,-98.07,488,237,3600,Normal
484,2026-08-01T01:14:14,Rover-2,Earth Ground Station,Mars Surface Rover>Mars Orbiter>Lunar Relay Satellite 2>Lunar Relay Satellite 1>Earth Ground Station,717.57,-91.84,518,268,3600,Normal
77,2026-08-01T01:14:32,Rover-1,Earth Ground Station,Mars Surface Rover>Mars Orbiter>Lunar Relay Satellite 2>Lunar Relay Satellite 1>Earth Ground Station,740.17,-92.9,526,251,3600,Normal
896,2026-08-01T01:14:43,Rover-3,Earth Ground Station,Mars Surface Rover>Mars Orbiter>Lunar Relay Satellite 2>Lunar Relay Satellite 1>Earth Ground Station,734.45,-90.99,482,256,3600,Normal
485,2026-08-01T01:14:58,Rover-2,Earth Ground Station,Mars Surface Rover>Mars Orbiter>Lunar Relay Satellite 2>Lunar Relay Satellite 1>Earth Ground Station,711.02,-92.86,515,242,3600,Normal
897,2026-08-01T01:15:19,Rover-3,Earth Ground Station,Mars Surface Rover>Mars Orbiter>Lunar Relay Satellite 2>Lunar Relay Satellite 1>Earth Ground Station,729.73,-95.3,480,257,3600,Normal
78,2026-08-01T01:15:55,Rover-1,Earth Ground Station,Mars Surface Rover>Mars Orbiter>Lunar Relay Satellite 2>Lunar Relay Satellite 1>Earth Ground Station,721.56,-99.17,472,275,3600,Normal
486,2026-08-01T01:15:57,Rover-2,Earth Ground Station,Mars Surface Rover>Mars Orbiter>Lunar Relay Satellite 2>Lunar Relay Satellite 1>Earth Ground Station,722.84,-97.59,511,256,3600,Normal
898,2026-08-01T01:16:04,Rover-3,Earth Ground Station,Mars Surface Rover>Mars Orbiter>Lunar Relay Satellite 2>Lunar Relay Satellite 1>Earth Ground Station,723.03,-99.25,517,258,3600,Normal
79,2026-08-01T01:16:36,Rover-1,Earth Ground Station,Mars Surface Rover>Mars Orbiter>Lunar Relay Satellite 2>Lunar Relay Satellite 1>Earth Ground Station,723.48,-99.59,464,259,3600,Normal
487,2026-08-01T01:17:03,Rover-2,Earth Ground Station,Mars Surface Rover>Mars Orbiter>Lunar Relay Satellite 2>Lunar Relay Satellite 1>Earth Ground Station,703.33,-97.61,545,250,3600,Normal
899,2026-08-01T01:17:21,Rover-3,Earth Ground Station,Mars Surface Rover>Mars Orbiter>Lunar Relay Satellite 2>Lunar Relay Satellite 1>Earth Ground Station,702.96,-96.32,497,254,3600,Normal
80,2026-08-01T01:17:28,Rover-1,Earth Ground Station,Mars Surface Rover>Mars Orbiter>Lunar Relay Satellite 2>Lunar Relay Satellite 1>Earth Ground Station,729.87,-93.23,522,256,3600,Normal
81,2026-08-01T01:18:22,Rover-1,Earth Ground Station,Mars Surface Rover>Mars Orbiter>Lunar Relay Satellite 2>Lunar Relay Satellite 1>Earth Ground Station,737.26,-92.06,465,253,3600,Normal
488,2026-08-01T01:18:25,Rover-2,Earth Ground Station,Mars Surface Rover>Mars Orbiter>Lunar Relay Satellite 2>Lunar Relay Satellite 1>Earth Ground Station,731.09,-97.47,505,244,3600,Normal
900,2026-08-01T01:18:33,Rover-3,Earth Ground Station,Mars Surface Rover>Mars Orbiter>Lunar Relay Satellite 2>Lunar Relay Satellite 1>Earth Ground Station,716.85,-91.24,541,258,3600,Normal
489,2026-08-01T01:19:22,Rover-2,Earth Ground Station,Mars Surface Rover>Mars Orbiter>Lunar Relay Satellite 2>Lunar Relay Satellite 1>Earth Ground Station,702.82,-98.14,537,247,3600,Normal
82,2026-08-01T01:19:25,Rover-1,Earth Ground Station,Mars Surface Rover>Mars Orbiter>Lunar Relay Satellite 2>Lunar Relay Satellite 1>Earth Ground Station,738.38,-95.37,534,265,3600,Normal
901,2026-08-01T01:19:35,Rover-3,Earth Ground Station,Mars Surface Rover>Mars Orbiter>Lunar Relay Satellite 2>Lunar Relay Satellite 1>Earth Ground Station,712.98,-91.75,563,253,3600,Normal
490,2026-08-01T01:19:54,Rover-2,Earth Ground Station,Mars Surface Rover>Mars Orbiter>Lunar Relay Satellite 2>Lunar Relay Satellite 1>Earth Ground Station,717.83,-93.56,544,253,3600,Normal
902,2026-08-01T01:20:27,Rover-3,Earth Ground Station,Mars Surface Rover>Mars Orbiter>Lunar Relay Satellite 2>Lunar Relay Satellite 1>Earth Ground Station,737.39,-95.48,562,270,3600,Normal
491,2026-08-01T01:20:31,Rover-2,Earth Ground Station,Mars Surface Rover>Mars Orbiter>Lunar Relay Satellite 2>Lunar Relay Satellite 1>Earth Ground Station,731.91,-92.5,543,259,3600,Normal
83,2026-08-01T01:20:37,Rover-1,Earth Ground Station,Mars Surface Rover>Mars Orbiter>Lunar Relay Satellite 2>Lunar Relay Satellite 1>Earth Ground Station,706.91,-94.35,557,273,3600,Normal
492,2026-08-01T01:21:23,Rover-2,Earth Ground Station,Mars Surface Rover>Mars Orbiter>Lunar Relay Satellite 2>Lunar Relay Satellite 1>Earth Ground Station,735.6,-96.05,504,260,3600,Normal
903,2026-08-01T01:21:23,Rover-3,Earth Ground Station,Mars Surface Rover>Mars Orbiter>Lunar Relay Satellite 2>Lunar Relay Satellite 1>Earth Ground Station,731.41,-94.34,535,260,3600,Normal
84,2026-08-01T01:21:46,Rover-1,Earth Ground Station,Mars Surface Rover>Mars Orbiter>Lunar Relay Satellite 2>Lunar Relay Satellite 1>Earth Ground Station,711.96,-98.31,534,247,3600,Normal
904,2026-08-01T01:22:29,Rover-3,Earth Ground Station,Mars Surface Rover>Mars Orbiter>Lunar Relay Satellite 2>Lunar Relay Satellite 1>Earth Ground Station,721.97,-93.81,517,266,3600,Normal
85,2026-08-01T01:22:35,Rover-1,Earth Ground Station,Mars Surface Rover>Mars Orbiter>Lunar Relay Satellite 2>Lunar Relay Satellite 1>Earth Ground Station,727.21,-93.35,532,258,3600,Normal
493,2026-08-01T01:22:43,Rover-2,Earth Ground Station,Mars Surface Rover>Mars Orbiter>Lunar Relay Satellite 2>Lunar Relay Satellite 1>Earth Ground Station,707.33,-92.22,466,249,3600,Normal
86,2026-08-01T01:23:17,Rover-1,Earth Ground Station,Mars Surface Rover>Mars Orbiter>Lunar Relay Satellite 2>Lunar Relay Satellite 1>Earth Ground Station,716.56,-99.18,530,272,3600,Normal
905,2026-08-01T01:23:22,Rover-3,Earth Ground Station,Mars Surface Rover>Mars Orbiter>Lunar Relay Satellite 2>Lunar Relay Satellite 1>Earth Ground Station,739.94,-94.5,501,265,3600,Normal
494,2026-08-01T01:23:30,Rover-2,Earth Ground Station,Mars Surface Rover>Mars Orbiter>Lunar Relay Satellite 2>Lunar Relay Satellite 1>Earth Ground Station,724.18,-91.85,561,247,3600,Normal
906,2026-08-01T01:24:10,Rover-3,Earth Ground Station,Mars Surface Rover>Mars Orbiter>Lunar Relay Satellite 2>Lunar Relay Satellite 1>Earth Ground Station,724.14,-95.17,562,247,3600,Normal
87,2026-08-01T01:24:26,Rover-1,Earth Ground Station,Mars Surface Rover>Mars Orbiter>Lunar Relay Satellite 2>Lunar Relay Satellite 1>Earth Ground Station,722.99,-94.11,546,247,3600,Normal
495,2026-08-01T01:24:36,Rover-2,Earth Ground Station,Mars Surface Rover>Mars Orbiter>Lunar Relay Satellite 2>Lunar Relay Satellite 1>Earth Ground Station,709.95,-98.4,561,263,3600,Normal
907,2026-08-01T01:24:59,Rover-3,Earth Ground Station,Mars Surface Rover>Mars Orbiter>Lunar Relay Satellite 2>Lunar Relay Satellite 1>Earth Ground Station,740.93,-92.29,493,267,3600,Normal
88,2026-08-01T01:25:09,Rover-1,Earth Ground Station,Mars Surface Rover>Mars Orbiter>Lunar Relay Satellite 2>Lunar Relay Satellite 1>Earth Ground Station,716.97,-95.76,527,254,3600,Normal
496,2026-08-01T01:25:12,Rover-2,Earth Ground Station,Mars Surface Rover>Mars Orbiter>Lunar Relay Satellite 2>Lunar Relay Satellite 1>Earth Ground Station,704.26,-97.38,502,237,3600,Normal
497,2026-08-01T01:25:59,Rover-2,Earth Ground Station,Mars Surface Rover>Mars Orbiter>Lunar Relay Satellite 2>Lunar Relay Satellite 1>Earth Ground Station,735.86,-91.46,549,245,3600,Normal
89,2026-08-01T01:26:07,Rover-1,Earth Ground Station,Mars Surface Rover>Mars Orbiter>Lunar Relay Satellite 2>Lunar Relay Satellite 1>Earth Ground Station,727.59,-95.11,542,274,3600,Normal
908,2026-08-01T01:26:29,Rover-3,Earth Ground Station,Mars Surface Rover>Mars Orbiter>Lunar Relay Satellite 2>Lunar Relay Satellite 1>Earth Ground Station,728.2,-92.87,517,258,3600,Normal
498,2026-08-01T01:27:14,Rover-2,Earth Ground Station,Mars Surface Rover>Mars Orbiter>Lunar Relay Satellite 2>Lunar Relay Satellite 1>Earth Ground Station,712.31,-92.6,547,251,3600,Normal
90,2026-08-01T01:27:24,Rover-1,Earth Ground Station,Mars Surface Rover>Mars Orbiter>Lunar Relay Satellite 2>Lunar Relay Satellite 1>Earth Ground Station,705.73,-91.06,513,261,3600,Normal
499,2026-08-01T01:27:53,Rover-2,Earth Ground Station,Mars Surface Rover>Mars Orbiter>Lunar Relay Satellite 2>Lunar Relay Satellite 1>Earth Ground Station,723.34,-92.8,503,254,3600,Normal
909,2026-08-01T01:27:58,Rover-3,Earth Ground Station,Mars Surface Rover>Mars Orbiter>Lunar Relay Satellite 2>Lunar Relay Satellite 1>Earth Ground Station,723.09,-91.15,507,241,3600,Normal
91,2026-08-01T01:28:15,Rover-1,Earth Ground Station,Mars Surface Rover>Mars Orbiter>Lunar Relay Satellite 2>Lunar Relay Satellite 1>Earth Ground Station,702.43,-99.29,484,248,3600,Normal
910,2026-08-01T01:28:44,Rover-3,Earth Ground Station,Mars Surface Rover>Mars Orbiter>Lunar Relay Satellite 2>Lunar Relay Satellite 1>Earth Ground Station,714.26,-95.78,484,268,3600,Normal
500,2026-08-01T01:29:03,Rover-2,Earth Ground Station,Mars Surface Rover>Mars Orbiter>Lunar Relay Satellite 2>Lunar Relay Satellite 1>Earth Ground Station,732.73,-97.55,502,266,3600,Normal
911,2026-08-01T01:29:19,Rover-3,Earth Ground Station,Mars Surface Rover>Mars Orbiter>Lunar Relay Satellite 2>Lunar Relay Satellite 1>Earth Ground Station,723.05,-95.66,483,238,3600,Normal
92,2026-08-01T01:29:36,Rover-1,Earth Ground Station,Mars Surface Rover>Mars Orbiter>Lunar Relay Satellite 2>Lunar Relay Satellite 1>Earth Ground Station,707.0,-90.48,485,254,3600,Normal
912,2026-08-01T01:30:09,Rover-3,Earth Ground Station,Mars Surface Rover>Mars Orbiter>Lunar Relay Satellite 2>Lunar Relay Satellite 1>Earth Ground Station,732.65,-91.89,545,263,3600,Normal
501,2026-08-01T01:30:17,Rover-2,Earth Ground Station,Mars Surface Rover>Mars Orbiter>Lunar Relay Satellite 2>Lunar Relay Satellite 1>Earth Ground Station,738.85,-93.76,558,248,3600,Normal
502,2026-08-01T01:30:47,Rover-2,Earth Ground Station,Mars Surface Rover>Mars Orbiter>Lunar Relay Satellite 2>Lunar Relay Satellite 1>Earth Ground Station,735.94,-98.3,470,275,3600,Normal
93,2026-08-01T01:31:00,Rover-1,Earth Ground Station,Mars Surface Rover>Mars Orbiter>Lunar Relay Satellite 2>Lunar Relay Satellite 1>Earth Ground Station,731.6,-94.58,551,259,3600,Normal
913,2026-08-01T01:31:15,Rover-3,Earth Ground Station,Mars Surface Rover>Mars Orbiter>Lunar Relay Satellite 2>Lunar Relay Satellite 1>Earth Ground Station,733.8,-91.16,526,237,3600,Normal
503,2026-08-01T01:31:57,Rover-2,Earth Ground Station,Mars Surface Rover>Mars Orbiter>Lunar Relay Satellite 2>Lunar Relay Satellite 1>Earth Ground Station,727.09,-93.65,467,257,3600,Normal
94,2026-08-01T01:32:15,Rover-1,Earth Ground Station,Mars Surface Rover>Mars Orbiter>Lunar Relay Satellite 2>Lunar Relay Satellite 1>Earth Ground Station,728.48,-94.95,485,262,3600,Normal
914,2026-08-01T01:32:36,Rover-3,Earth Ground Station,Mars Surface Rover>Mars Orbiter>Lunar Relay Satellite 2>Lunar Relay Satellite 1>Earth Ground Station,723.3,-91.0,466,267,3600,Normal
504,2026-08-01T01:32:40,Rover-2,Earth Ground Station,Mars Surface Rover>Mars Orbiter>Lunar Relay Satellite 2>Lunar Relay Satellite 1>Earth Ground Station,740.22,-98.09,511,248,3600,Normal
95,2026-08-01T01:32:45,Rover-1,Earth Ground Station,Mars Surface Rover>Mars Orbiter>Lunar Relay Satellite 2>Lunar Relay Satellite 1>Earth Ground Station,736.96,-98.42,551,267,3600,Normal
505,2026-08-01T01:33:28,Rover-2,Earth Ground Station,Mars Surface Rover>Mars Orbiter>Lunar Relay Satellite 2>Lunar Relay Satellite 1>Earth Ground Station,712.99,-95.74,518,255,3600,Normal
915,2026-08-01T01:33:28,Rover-3,Earth Ground Station,Mars Surface Rover>Mars Orbiter>Lunar Relay Satellite 2>Lunar Relay Satellite 1>Earth Ground Station,736.41,-94.38,556,240,3600,Normal
96,2026-08-01T01:33:29,Rover-1,Earth Ground Station,Mars Surface Rover>Mars Orbiter>Lunar Relay Satellite 2>Lunar Relay Satellite 1>Earth Ground Station,706.0,-99.35,513,237,3600,Normal
97,2026-08-01T01:34:14,Rover-1,Earth Ground Station,Mars Surface Rover>Mars Orbiter>Lunar Relay Satellite 2>Lunar Relay Satellite 1>Earth Ground Station,738.03,-91.4,474,254,3600,Normal
506,2026-08-01T01:34:19,Rover-2,Earth Ground Station,Mars Surface Rover>Mars Orbiter>Lunar Relay Satellite 2>Lunar Relay Satellite 1>Earth Ground Station,737.03,-97.49,465,261,3600,Normal
916,2026-08-01T01:34:47,Rover-3,Earth Ground Station,Mars Surface Rover>Mars Orbiter>Lunar Relay Satellite 2>Lunar Relay Satellite 1>Earth Ground Station,708.19,-96.45,522,235,3600,Normal
98,2026-08-01T01:35:17,Rover-1,Earth Ground Station,Mars Surface Rover>Mars Orbiter>Lunar Relay Satellite 2>Lunar Relay Satellite 1>Earth Ground Station,741.08,-95.91,558,272,3600,Normal
507,2026-08-01T01:35:42,Rover-2,Earth Ground Station,Mars Surface Rover>Mars Orbiter>Lunar Relay Satellite 2>Lunar Relay Satellite 1>Earth Ground Station,718.25,-91.43,548,253,3600,Normal
917,2026-08-01T01:36:06,Rover-3,Earth Ground Station,Mars Surface Rover>Mars Orbiter>Lunar Relay Satellite 2>Lunar Relay Satellite 1>Earth Ground Station,725.71,-90.76,514,248,3600,Normal
508,2026-08-01T01:36:12,Rover-2,Earth Ground Station,Mars Surface Rover>Mars Orbiter>Lunar Relay Satellite 2>Lunar Relay Satellite 1>Earth Ground Station,741.25,-94.31,562,272,3600,Normal
99,2026-08-01T01:36:26,Rover-1,Earth Ground Station,Mars Surface Rover>Mars Orbiter>Lunar Relay Satellite 2>Lunar Relay Satellite 1>Earth Ground Station,733.61,-98.72,504,272,3600,Normal
918,2026-08-01T01:37:12,Rover-3,Earth Ground Station,Mars Surface Rover>Mars Orbiter>Lunar Relay Satellite 2>Lunar Relay Satellite 1>Earth Ground Station,704.86,-95.02,483,237,3600,Normal
100,2026-08-01T01:37:24,Rover-1,Earth Ground Station,Mars Surface Rover>Mars Orbiter>Lunar Relay Satellite 2>Lunar Relay Satellite 1>Earth Ground Station,737.16,-97.31,509,246,3600,Normal
509,2026-08-01T01:37:38,Rover-2,Earth Ground Station,Mars Surface Rover>Mars Orbiter>Lunar Relay Satellite 2>Lunar Relay Satellite 1>Earth Ground Station,726.48,-91.76,556,246,3600,Normal
101,2026-08-01T01:38:09,Rover-1,Earth Ground Station,Mars Surface Rover>Mars Orbiter>Lunar Relay Satellite 2>Lunar Relay Satellite 1>Earth Ground Station,734.68,-92.88,540,255,3600,Normal
919,2026-08-01T01:38:28,Rover-3,Earth Ground Station,Mars Surface Rover>Mars Orbiter>Lunar Relay Satellite 2>Lunar Relay Satellite 1>Earth Ground Station,741.49,-99.47,537,259,3600,Normal
510,2026-08-01T01:38:49,Rover-2,Earth Ground Station,Mars Surface Rover>Mars Orbiter>Lunar Relay Satellite 2>Lunar Relay Satellite 1>Earth Ground Station,713.97,-91.03,528,262,3600,Normal
102,2026-08-01T01:38:54,Rover-1,Earth Ground Station,Mars Surface Rover>Mars Orbiter>Lunar Relay Satellite 2>Lunar Relay Satellite 1>Earth Ground Station,710.26,-90.99,490,246,3600,Normal
920,2026-08-01T01:39:03,Rover-3,Earth Ground Station,Mars Surface Rover>Mars Orbiter>Lunar Relay Satellite 2>Lunar Relay Satellite 1>Earth Ground Station,707.99,-93.0,501,240,3600,Normal
511,2026-08-01T01:39:22,Rover-2,Earth Ground Station,Mars Surface Rover>Mars Orbiter>Lunar Relay Satellite 2>Lunar Relay Satellite 1>Earth Ground Station,715.52,-93.15,532,245,3600,Normal
921,2026-08-01T01:39:38,Rover-3,Earth Ground Station,Mars Surface Rover>Mars Orbiter>Lunar Relay Satellite 2>Lunar Relay Satellite 1>Earth Ground Station,718.96,-97.33,516,246,3600,Normal
103,2026-08-01T01:39:44,Rover-1,Earth Ground Station,Mars Surface Rover>Mars Orbiter>Lunar Relay Satellite 2>Lunar Relay Satellite 1>Earth Ground Station,736.98,-91.02,476,251,3600,Normal
104,2026-08-01T01:40:23,Rover-1,Earth Ground Station,Mars Surface Rover>Mars Orbiter>Lunar Relay Satellite 2>Lunar Relay Satellite 1>Earth Ground Station,728.92,-90.86,502,257,3600,Normal
512,2026-08-01T01:40:33,Rover-2,Earth Ground Station,Mars Surface Rover>Mars Orbiter>Lunar Relay Satellite 2>Lunar Relay Satellite 1>Earth Ground Station,702.34,-91.15,482,238,3600,Normal
922,2026-08-01T01:40:33,Rover-3,Earth Ground Station,Mars Surface Rover>Mars Orbiter>Lunar Relay Satellite 2>Lunar Relay Satellite 1>Earth Ground Station,720.08,-97.6,474,241,3600,Normal
105,2026-08-01T01:41:19,Rover-1,Earth Ground Station,Mars Surface Rover>Mars Orbiter>Lunar Relay Satellite 2>Lunar Relay Satellite 1>Earth Ground Station,701.09,-98.16,500,267,3600,Normal
923,2026-08-01T01:41:38,Rover-3,Earth Ground Station,Mars Surface Rover>Mars Orbiter>Lunar Relay Satellite 2>Lunar Relay Satellite 1>Earth Ground Station,706.96,-94.01,519,258,3600,Normal
513,2026-08-01T01:41:40,Rover-2,Earth Ground Station,Mars Surface Rover>Mars Orbiter>Lunar Relay Satellite 2>Lunar Relay Satellite 1>Earth Ground Station,708.17,-96.71,461,264,3600,Normal
106,2026-08-01T01:42:49,Rover-1,Earth Ground Station,Mars Surface Rover>Mars Orbiter>Lunar Relay Satellite 2>Lunar Relay Satellite 1>Earth Ground Station,728.45,-98.39,539,251,3600,Normal
924,2026-08-01T01:42:55,Rover-3,Earth Ground Station,Mars Surface Rover>Mars Orbiter>Lunar Relay Satellite 2>Lunar Relay Satellite 1>Earth Ground Station,721.05,-92.55,488,253,3600,Normal
514,2026-08-01T01:43:02,Rover-2,Earth Ground Station,Mars Surface Rover>Mars Orbiter>Lunar Relay Satellite 2>Lunar Relay Satellite 1>Earth Ground Station,703.61,-98.42,531,255,3600,Normal
107,2026-08-01T01:43:19,Rover-1,Earth Ground Station,Mars Surface Rover>Mars Orbiter>Lunar Relay Satellite 2>Lunar Relay Satellite 1>Earth Ground Station,739.13,-93.09,500,272,3600,Normal
515,2026-08-01T01:43:46,Rover-2,Earth Ground Station,Mars Surface Rover>Mars Orbiter>Lunar Relay Satellite 2>Lunar Relay Satellite 1>Earth Ground Station,714.95,-97.19,471,248,3600,Normal
925,2026-08-01T01:44:08,Rover-3,Earth Ground Station,Mars Surface Rover>Mars Orbiter>Lunar Relay Satellite 2>Lunar Relay Satellite 1>Earth Ground Station,738.32,-91.1,529,252,3600,Normal
108,2026-08-01T01:44:42,Rover-1,Earth Ground Station,Mars Surface Rover>Mars Orbiter>Lunar Relay Satellite 2>Lunar Relay Satellite 1>Earth Ground Station,716.5,-97.35,516,260,3600,Normal
926,2026-08-01T01:45:00,Rover-3,Earth Ground Station,Mars Surface Rover>Mars Orbiter>Lunar Relay Satellite 2>Lunar Relay Satellite 1>Earth Ground Station,706.63,-93.52,527,267,3600,Normal
516,2026-08-01T01:45:12,Rover-2,Earth Ground Station,Mars Surface Rover>Mars Orbiter>Lunar Relay Satellite 2>Lunar Relay Satellite 1>Earth Ground Station,711.33,-93.89,544,271,3600,Normal
109,2026-08-01T01:45:26,Rover-1,Earth Ground Station,Mars Surface Rover>Mars Orbiter>Lunar Relay Satellite 2>Lunar Relay Satellite 1>Earth Ground Station,719.49,-92.84,510,251,3600,Normal
927,2026-08-01T01:45:40,Rover-3,Earth Ground Station,Mars Surface Rover>Mars Orbiter>Lunar Relay Satellite 2>Lunar Relay Satellite 1>Earth Ground Station,741.07,-96.1,562,253,3600,Normal
928,2026-08-01T01:46:19,Rover-3,Earth Ground Station,Mars Surface Rover>Mars Orbiter>Lunar Relay Satellite 2>Lunar Relay Satellite 1>Earth Ground Station,717.43,-99.03,484,263,3600,Normal
517,2026-08-01T01:46:23,Rover-2,Earth Ground Station,Mars Surface Rover>Mars Orbiter>Lunar Relay Satellite 2>Lunar Relay Satellite 1>Earth Ground Station,741.3,-91.61,515,235,3600,Normal
110,2026-08-01T01:46:38,Rover-1,Earth Ground Station,Mars Surface Rover>Mars Orbiter>Lunar Relay Satellite 2>Lunar Relay Satellite 1>Earth Ground Station,727.74,-94.09,477,254,3600,Normal
929,2026-08-01T01:46:58,Rover-3,Earth Ground Station,Mars Surface Rover>Mars Orbiter>Lunar Relay Satellite 2>Lunar Relay Satellite 1>Earth Ground Station,731.13,-98.35,472,237,3600,Normal
111,2026-08-01T01:47:16,Rover-1,Earth Ground Station,Mars Surface Rover>Mars Orbiter>Lunar Relay Satellite 2>Lunar Relay Satellite 1>Earth Ground Station,740.77,-95.32,553,259,3600,Normal
518,2026-08-01T01:47:34,Rover-2,Earth Ground Station,Mars Surface Rover>Mars Orbiter>Lunar Relay Satellite 2>Lunar Relay Satellite 1>Earth Ground Station,705.49,-93.59,482,266,3600,Normal
112,2026-08-01T01:48:28,Rover-1,Earth Ground Station,Mars Surface Rover>Mars Orbiter>Lunar Relay Satellite 2>Lunar Relay Satellite 1>Earth Ground Station,699.57,-96.36,474,254,3600,Normal
930,2026-08-01T01:48:28,Rover-3,Earth Ground Station,Mars Surface Rover>Mars Orbiter>Lunar Relay Satellite 2>Lunar Relay Satellite 1>Earth Ground Station,725.23,-91.65,546,247,3600,Normal
113,2026-08-01T01:49:01,Rover-1,Earth Ground Station,Mars Surface Rover>Mars Orbiter>Lunar Relay Satellite 2>Lunar Relay Satellite 1>Earth Ground Station,709.64,-93.36,507,249,3600,Normal
519,2026-08-01T01:49:02,Rover-2,Earth Ground Station,Mars Surface Rover>Mars Orbiter>Lunar Relay Satellite 2>Lunar Relay Satellite 1>Earth Ground Station,716.19,-96.77,548,239,3600,Normal
931,2026-08-01T01:49:19,Rover-3,Earth Ground Station,Mars Surface Rover>Mars Orbiter>Lunar Relay Satellite 2>Lunar Relay Satellite 1>Earth Ground Station,728.37,-91.31,506,236,3600,Normal
520,2026-08-01T01:49:38,Rover-2,Earth Ground Station,Mars Surface Rover>Mars Orbiter>Lunar Relay Satellite 2>Lunar Relay Satellite 1>Earth Ground Station,704.45,-91.42,535,249,3600,Normal
932,2026-08-01T01:50:02,Rover-3,Earth Ground Station,Mars Surface Rover>Mars Orbiter>Lunar Relay Satellite 2>Lunar Relay Satellite 1>Earth Ground Station,730.37,-92.26,516,266,3600,Normal
114,2026-08-01T01:50:27,Rover-1,Earth Ground Station,Mars Surface Rover>Mars Orbiter>Lunar Relay Satellite 2>Lunar Relay Satellite 1>Earth Ground Station,714.78,-97.39,545,245,3600,Normal
521,2026-08-01T01:50:35,Rover-2,Earth Ground Station,Mars Surface Rover>Mars Orbiter>Lunar Relay Satellite 2>Lunar Relay Satellite 1>Earth Ground Station,711.99,-91.58,489,238,3600,Normal
115,2026-08-01T01:51:02,Rover-1,Earth Ground Station,Mars Surface Rover>Mars Orbiter>Lunar Relay Satellite 2>Lunar Relay Satellite 1>Earth Ground Station,718.72,-97.37,466,274,3600,Normal
933,2026-08-01T01:51:07,Rover-3,Earth Ground Station,Mars Surface Rover>Mars Orbiter>Lunar Relay Satellite 2>Lunar Relay Satellite 1>Earth Ground Station,719.27,-97.18,475,264,3600,Normal
934,2026-08-01T01:51:38,Rover-3,Earth Ground Station,Mars Surface Rover>Mars Orbiter>Lunar Relay Satellite 2>Lunar Relay Satellite 1>Earth Ground Station,714.67,-98.86,514,245,3600,Normal
522,2026-08-01T01:51:40,Rover-2,Earth Ground Station,Mars Surface Rover>Mars Orbiter>Lunar Relay Satellite 2>Lunar Relay Satellite 1>Earth Ground Station,724.36,-97.1,489,274,3600,Normal
116,2026-08-01T01:51:46,Rover-1,Earth Ground Station,Mars Surface Rover>Mars Orbiter>Lunar Relay Satellite 2>Lunar Relay Satellite 1>Earth Ground Station,726.49,-97.67,527,266,3600,Normal
523,2026-08-01T01:52:11,Rover-2,Earth Ground Station,Mars Surface Rover>Mars Orbiter>Lunar Relay Satellite 2>Lunar Relay Satellite 1>Earth Ground Station,735.03,-96.5,491,256,3600,Normal
935,2026-08-01T01:52:11,Rover-3,Earth Ground Station,Mars Surface Rover>Mars Orbiter>Lunar Relay Satellite 2>Lunar Relay Satellite 1>Earth Ground Station,710.67,-97.75,524,237,3600,Normal
524,2026-08-01T01:53:13,Rover-2,Earth Ground Station,Mars Surface Rover>Mars Orbiter>Lunar Relay Satellite 2>Lunar Relay Satellite 1>Earth Ground Station,706.55,-93.97,526,267,3600,Normal
117,2026-08-01T01:53:16,Rover-1,Earth Ground Station,Mars Surface Rover>Mars Orbiter>Lunar Relay Satellite 2>Lunar Relay Satellite 1>Earth Ground Station,709.08,-98.22,524,245,3600,Normal
936,2026-08-01T01:53:22,Rover-3,Earth Ground Station,Mars Surface Rover>Mars Orbiter>Lunar Relay Satellite 2>Lunar Relay Satellite 1>Earth Ground Station,739.23,-90.88,528,262,3600,Normal
118,2026-08-01T01:54:16,Rover-1,Earth Ground Station,Mars Surface Rover>Mars Orbiter>Lunar Relay Satellite 2>Lunar Relay Satellite 1>Earth Ground Station,727.32,-95.61,483,264,3600,Normal
525,2026-08-01T01:54:33,Rover-2,Earth Ground Station,Mars Surface Rover>Mars Orbiter>Lunar Relay Satellite 2>Lunar Relay Satellite 1>Earth Ground Station,739.64,-94.95,472,255,3600,Normal
937,2026-08-01T01:54:50,Rover-3,Earth Ground Station,Mars Surface Rover>Mars Orbiter>Lunar Relay Satellite 2>Lunar Relay Satellite 1>Earth Ground Station,726.92,-98.46,462,271,3600,Normal
119,2026-08-01T01:55:35,Rover-1,Earth Ground Station,Mars Surface Rover>Mars Orbiter>Lunar Relay Satellite 2>Lunar Relay Satellite 1>Earth Ground Station,714.34,-96.01,559,264,3600,Normal
526,2026-08-01T01:55:41,Rover-2,Earth Ground Station,Mars Surface Rover>Mars Orbiter>Lunar Relay Satellite 2>Lunar Relay Satellite 1>Earth Ground Station,701.47,-98.69,462,250,3600,Normal
938,2026-08-01T01:56:01,Rover-3,Earth Ground Station,Mars Surface Rover>Mars Orbiter>Lunar Relay Satellite 2>Lunar Relay Satellite 1>Earth Ground Station,715.1,-99.56,512,264,3600,Normal
527,2026-08-01T01:56:31,Rover-2,Earth Ground Station,Mars Surface Rover>Mars Orbiter>Lunar Relay Satellite 2>Lunar Relay Satellite 1>Earth Ground Station,704.1,-98.43,519,250,3600,Normal
120,2026-08-01T01:56:54,Rover-1,Earth Ground Station,Mars Surface Rover>Mars Orbiter>Lunar Relay Satellite 2>Lunar Relay Satellite 1>Earth Ground Station,733.79,-99.41,471,236,3600,Normal
939,2026-08-01T01:57:28,Rover-3,Earth Ground Station,Mars Surface Rover>Mars Orbiter>Lunar Relay Satellite 2>Lunar Relay Satellite 1>Earth Ground Station,712.03,-98.48,515,243,3600,Normal
121,2026-08-01T01:57:43,Rover-1,Earth Ground Station,Mars Surface Rover>Mars Orbiter>Lunar Relay Satellite 2>Lunar Relay Satellite 1>Earth Ground Station,723.27,-98.88,499,274,3600,Normal
528,2026-08-01T01:57:44,Rover-2,Earth Ground Station,Mars Surface Rover>Mars Orbiter>Lunar Relay Satellite 2>Lunar Relay Satellite 1>Earth Ground Station,705.86,-94.72,561,238,3600,Normal
122,2026-08-01T01:58:25,Rover-1,Earth Ground Station,Mars Surface Rover>Mars Orbiter>Lunar Relay Satellite 2>Lunar Relay Satellite 1>Earth Ground Station,701.68,-96.81,525,239,3600,Normal
940,2026-08-01T01:58:30,Rover-3,Earth Ground Station,Mars Surface Rover>Mars Orbiter>Lunar Relay Satellite 2>Lunar Relay Satellite 1>Earth Ground Station,740.17,-95.58,533,237,3600,Normal
529,2026-08-01T01:58:51,Rover-2,Earth Ground Station,Mars Surface Rover>Mars Orbiter>Lunar Relay Satellite 2>Lunar Relay Satellite 1>Earth Ground Station,701.32,-92.74,464,237,3600,Normal
123,2026-08-01T01:59:44,Rover-1,Earth Ground Station,Mars Surface Rover>Mars Orbiter>Lunar Relay Satellite 2>Lunar Relay Satellite 1>Earth Ground Station,711.43,-96.75,543,268,3600,Normal
941,2026-08-01T01:59:59,Rover-3,Earth Ground Station,Mars Surface Rover>Mars Orbiter>Lunar Relay Satellite 2>Lunar Relay Satellite 1>Earth Ground Station,721.27,-93.42,501,241,3600,Normal
530,2026-08-01T02:00:11,Rover-2,Earth Ground Station,Mars Surface Rover>Mars Orbiter>Lunar Relay Satellite 2>Lunar Relay Satellite 1>Earth Ground Station,715.59,-92.97,533,266,3600,Normal
124,2026-08-01T02:00:50,Rover-1,Earth Ground Station,Mars Surface Rover>Mars Orbiter>Lunar Relay Satellite 2>Lunar Relay Satellite 1>Earth Ground Station,732.21,-93.55,504,250,3600,Normal
942,2026-08-01T02:00:51,Rover-3,Earth Ground Station,Mars Surface Rover>Mars Orbiter>Lunar Relay Satellite 2>Lunar Relay Satellite 1>Earth Ground Station,727.96,-93.63,491,276,3600,Normal
531,2026-08-01T02:01:08,Rover-2,Earth Ground Station,Mars Surface Rover>Mars Orbiter>Lunar Relay Satellite 2>Lunar Relay Satellite 1>Earth Ground Station,728.72,-91.03,515,260,3600,Normal
125,2026-08-01T02:01:52,Rover-1,Earth Ground Station,Mars Surface Rover>Mars Orbiter>Lunar Relay Satellite 2>Lunar Relay Satellite 1>Earth Ground Station,726.37,-90.37,503,255,3600,Normal
943,2026-08-01T02:01:53,Rover-3,Earth Ground Station,Mars Surface Rover>Mars Orbiter>Lunar Relay Satellite 2>Lunar Relay Satellite 1>Earth Ground Station,710.32,-90.84,487,251,3600,Normal
532,2026-08-01T02:01:55,Rover-2,Earth Ground Station,Mars Surface Rover>Mars Orbiter>Lunar Relay Satellite 2>Lunar Relay Satellite 1>Earth Ground Station,702.01,-91.0,555,275,3600,Normal
533,2026-08-01T02:02:34,Rover-2,Earth Ground Station,Mars Surface Rover>Mars Orbiter>Lunar Relay Satellite 2>Lunar Relay Satellite 1>Earth Ground Station,721.57,-93.96,525,269,3600,Normal
126,2026-08-01T02:02:49,Rover-1,Earth Ground Station,Mars Surface Rover>Mars Orbiter>Lunar Relay Satellite 2>Lunar Relay Satellite 1>Earth Ground Station,739.91,-96.29,545,264,3600,Normal
944,2026-08-01T02:03:15,Rover-3,Earth Ground Station,Mars Surface Rover>Mars Orbiter>Lunar Relay Satellite 2>Lunar Relay Satellite 1>Earth Ground Station,741.18,-99.22,557,244,3600,Normal
127,2026-08-01T02:03:46,Rover-1,Earth Ground Station,Mars Surface Rover>Mars Orbiter>Lunar Relay Satellite 2>Lunar Relay Satellite 1>Earth Ground Station,706.01,-95.21,527,260,3600,Normal
534,2026-08-01T02:03:47,Rover-2,Earth Ground Station,Mars Surface Rover>Mars Orbiter>Lunar Relay Satellite 2>Lunar Relay Satellite 1>Earth Ground Station,726.18,-93.2,505,274,3600,Normal
945,2026-08-01T02:04:06,Rover-3,Earth Ground Station,Mars Surface Rover>Mars Orbiter>Lunar Relay Satellite 2>Lunar Relay Satellite 1>Earth Ground Station,737.16,-96.49,469,251,3600,Normal
535,2026-08-01T02:04:32,Rover-2,Earth Ground Station,Mars Surface Rover>Mars Orbiter>Lunar Relay Satellite 2>Lunar Relay Satellite 1>Earth Ground Station,700.9,-91.07,505,254,3600,Normal
128,2026-08-01T02:05:14,Rover-1,Earth Ground Station,Mars Surface Rover>Mars Orbiter>Lunar Relay Satellite 2>Lunar Relay Satellite 1>Earth Ground Station,721.65,-94.84,505,265,3600,Normal
946,2026-08-01T02:05:19,Rover-3,Earth Ground Station,Mars Surface Rover>Mars Orbiter>Lunar Relay Satellite 2>Lunar Relay Satellite 1>Earth Ground Station,724.86,-96.19,484,245,3600,Normal
536,2026-08-01T02:05:40,Rover-2,Earth Ground Station,Mars Surface Rover>Mars Orbiter>Lunar Relay Satellite 2>Lunar Relay Satellite 1>Earth Ground Station,700.78,-96.58,528,242,3600,Normal
947,2026-08-01T02:05:58,Rover-3,Earth Ground Station,Mars Surface Rover>Mars Orbiter>Lunar Relay Satellite 2>Lunar Relay Satellite 1>Earth Ground Station,716.82,-93.22,522,253,3600,Normal
129,2026-08-01T02:06:01,Rover-1,Earth Ground Station,Mars Surface Rover>Mars Orbiter>Lunar Relay Satellite 2>Lunar Relay Satellite 1>Earth Ground Station,712.32,-92.58,556,246,3600,Normal
537,2026-08-01T02:06:10,Rover-2,Earth Ground Station,Mars Surface Rover>Mars Orbiter>Lunar Relay Satellite 2>Lunar Relay Satellite 1>Earth Ground Station,728.98,-96.91,477,274,3600,Normal
948,2026-08-01T02:06:36,Rover-3,Earth Ground Station,Mars Surface Rover>Mars Orbiter>Lunar Relay Satellite 2>Lunar Relay Satellite 1>Earth Ground Station,707.33,-91.57,516,268,3600,Normal
130,2026-08-01T02:06:59,Rover-1,Earth Ground Station,Mars Surface Rover>Mars Orbiter>Lunar Relay Satellite 2>Lunar Relay Satellite 1>Earth Ground Station,708.93,-94.66,523,251,3600,Normal
538,2026-08-01T02:07:13,Rover-2,Earth Ground Station,Mars Surface Rover>Mars Orbiter>Lunar Relay Satellite 2>Lunar Relay Satellite 1>Earth Ground Station,720.74,-98.06,487,250,3600,Normal
131,2026-08-01T02:07:30,Rover-1,Earth Ground Station,Mars Surface Rover>Mars Orbiter>Lunar Relay Satellite 2>Lunar Relay Satellite 1>Earth Ground Station,719.75,-93.34,510,250,3600,Normal
949,2026-08-01T02:08:01,Rover-3,Earth Ground Station,Mars Surface Rover>Mars Orbiter>Lunar Relay Satellite 2>Lunar Relay Satellite 1>Earth Ground Station,704.37,-96.79,552,272,3600,Normal
132,2026-08-01T02:08:16,Rover-1,Earth Ground Station,Mars Surface Rover>Mars Orbiter>Lunar Relay Satellite 2>Lunar Relay Satellite 1>Earth Ground Station,713.1,-98.61,532,246,3600,Normal
539,2026-08-01T02:08:30,Rover-2,Earth Ground Station,Mars Surface Rover>Mars Orbiter>Lunar Relay Satellite 2>Lunar Relay Satellite 1>Earth Ground Station,732.14,-92.8,551,267,3600,Normal
133,2026-08-01T02:08:46,Rover-1,Earth Ground Station,Mars Surface Rover>Mars Orbiter>Lunar Relay Satellite 2>Lunar Relay Satellite 1>Earth Ground Station,720.72,-92.07,485,252,3600,Normal
950,2026-08-01T02:08:58,Rover-3,Earth Ground Station,Mars Surface Rover>Mars Orbiter>Lunar Relay Satellite 2>Lunar Relay Satellite 1>Earth Ground Station,741.41,-99.52,475,273,3600,Normal
540,2026-08-01T02:09:01,Rover-2,Earth Ground Station,Mars Surface Rover>Mars Orbiter>Lunar Relay Satellite 2>Lunar Relay Satellite 1>Earth Ground Station,712.87,-94.33,514,246,3600,Normal
134,2026-08-01T02:09:51,Rover-1,Earth Ground Station,Mars Surface Rover>Mars Orbiter>Lunar Relay Satellite 2>Lunar Relay Satellite 1>Earth Ground Station,731.15,-96.81,526,255,3600,Normal
541,2026-08-01T02:10:07,Rover-2,Earth Ground Station,Mars Surface Rover>Mars Orbiter>Lunar Relay Satellite 2>Lunar Relay Satellite 1>Earth Ground Station,725.51,-94.96,513,237,3600,Normal
951,2026-08-01T02:10:26,Rover-3,Earth Ground Station,Mars Surface Rover>Mars Orbiter>Lunar Relay Satellite 2>Lunar Relay Satellite 1>Earth Ground Station,705.23,-90.89,515,264,3600,Normal
952,2026-08-01T02:11:07,Rover-3,Earth Ground Station,Mars Surface Rover>Mars Orbiter>Lunar Relay Satellite 2>Lunar Relay Satellite 1>Earth Ground Station,712.12,-98.61,535,266,3600,Normal
135,2026-08-01T02:11:11,Rover-1,Earth Ground Station,Mars Surface Rover>Mars Orbiter>Lunar Relay Satellite 2>Lunar Relay Satellite 1>Earth Ground Station,699.14,-93.05,502,245,3600,Normal
542,2026-08-01T02:11:31,Rover-2,Earth Ground Station,Mars Surface Rover>Mars Orbiter>Lunar Relay Satellite 2>Lunar Relay Satellite 1>Earth Ground Station,722.89,-93.74,486,239,3600,Normal
136,2026-08-01T02:12:23,Rover-1,Earth Ground Station,Mars Surface Rover>Mars Orbiter>Lunar Relay Satellite 2>Lunar Relay Satellite 1>Earth Ground Station,723.52,-94.75,515,252,3600,Normal
953,2026-08-01T02:12:33,Rover-3,Earth Ground Station,Mars Surface Rover>Mars Orbiter>Lunar Relay Satellite 2>Lunar Relay Satellite 1>Earth Ground Station,740.43,-99.38,491,266,3600,Normal
543,2026-08-01T02:12:37,Rover-2,Earth Ground Station,Mars Surface Rover>Mars Orbiter>Lunar Relay Satellite 2>Lunar Relay Satellite 1>Earth Ground Station,727.52,-91.35,536,235,3600,Normal
137,2026-08-01T02:13:40,Rover-1,Earth Ground Station,Mars Surface Rover>Mars Orbiter>Lunar Relay Satellite 2>Lunar Relay Satellite 1>Earth Ground Station,722.18,-93.59,507,248,3600,Normal
954,2026-08-01T02:13:55,Rover-3,Earth Ground Station,Mars Surface Rover>Mars Orbiter>Lunar Relay Satellite 2>Lunar Relay Satellite 1>Earth Ground Station,737.03,-99.12,488,267,3600,Normal
544,2026-08-01T02:14:01,Rover-2,Earth Ground Station,Mars Surface Rover>Mars Orbiter>Lunar Relay Satellite 2>Lunar Relay Satellite 1>Earth Ground Station,735.68,-92.57,509,251,3600,Normal
138,2026-08-01T02:14:24,Rover-1,Earth Ground Station,Mars Surface Rover>Mars Orbiter>Lunar Relay Satellite 2>Lunar Relay Satellite 1>Earth Ground Station,703.61,-92.08,473,257,3600,Normal
955,2026-08-01T02:14:31,Rover-3,Earth Ground Station,Mars Surface Rover>Mars Orbiter>Lunar Relay Satellite 2>Lunar Relay Satellite 1>Earth Ground Station,704.08,-90.5,561,260,3600,Normal
545,2026-08-01T02:14:40,Rover-2,Earth Ground Station,Mars Surface Rover>Mars Orbiter>Lunar Relay Satellite 2>Lunar Relay Satellite 1>Earth Ground Station,706.13,-99.37,464,268,3600,Normal
956,2026-08-01T02:15:39,Rover-3,Earth Ground Station,Mars Surface Rover>Mars Orbiter>Lunar Relay Satellite 2>Lunar Relay Satellite 1>Earth Ground Station,722.9,-92.44,484,263,3600,Normal
139,2026-08-01T02:15:42,Rover-1,Earth Ground Station,Mars Surface Rover>Mars Orbiter>Lunar Relay Satellite 2>Lunar Relay Satellite 1>Earth Ground Station,728.22,-92.07,536,246,3600,Normal
546,2026-08-01T02:15:55,Rover-2,Earth Ground Station,Mars Surface Rover>Mars Orbiter>Lunar Relay Satellite 2>Lunar Relay Satellite 1>Earth Ground Station,730.4,-94.23,493,252,3600,Normal
957,2026-08-01T02:16:31,Rover-3,Earth Ground Station,Mars Surface Rover>Mars Orbiter>Lunar Relay Satellite 2>Lunar Relay Satellite 1>Earth Ground Station,701.83,-97.66,474,270,3600,Normal
140,2026-08-01T02:16:49,Rover-1,Earth Ground Station,Mars Surface Rover>Mars Orbiter>Lunar Relay Satellite 2>Lunar Relay Satellite 1>Earth Ground Station,740.59,-95.23,489,239,3600,Normal
547,2026-08-01T02:17:11,Rover-2,Earth Ground Station,Mars Surface Rover>Mars Orbiter>Lunar Relay Satellite 2>Lunar Relay Satellite 1>Earth Ground Station,712.22,-98.1,519,240,3600,Normal
141,2026-08-01T02:17:31,Rover-1,Earth Ground Station,Mars Surface Rover>Mars Orbiter>Lunar Relay Satellite 2>Lunar Relay Satellite 1>Earth Ground Station,711.2,-93.68,491,264,3600,Normal
958,2026-08-01T02:17:31,Rover-3,Earth Ground Station,Mars Surface Rover>Mars Orbiter>Lunar Relay Satellite 2>Lunar Relay Satellite 1>Earth Ground Station,729.16,-93.8,548,255,3600,Normal
142,2026-08-01T02:18:09,Rover-1,Earth Ground Station,Mars Surface Rover>Mars Orbiter>Lunar Relay Satellite 2>Lunar Relay Satellite 1>Earth Ground Station,710.25,-99.51,517,264,3600,Normal
959,2026-08-01T02:18:09,Rover-3,Earth Ground Station,Mars Surface Rover>Mars Orbiter>Lunar Relay Satellite 2>Lunar Relay Satellite 1>Earth Ground Station,705.48,-92.4,502,275,3600,Normal
548,2026-08-01T02:18:24,Rover-2,Earth Ground Station,Mars Surface Rover>Mars Orbiter>Lunar Relay Satellite 2>Lunar Relay Satellite 1>Earth Ground Station,737.36,-91.95,543,275,3600,Normal
143,2026-08-01T02:18:47,Rover-1,Earth Ground Station,Mars Surface Rover>Mars Orbiter>Lunar Relay Satellite 2>Lunar Relay Satellite 1>Earth Ground Station,725.96,-97.4,471,236,3600,Normal
549,2026-08-01T02:19:19,Rover-2,Earth Ground Station,Mars Surface Rover>Mars Orbiter>Lunar Relay Satellite 2>Lunar Relay Satellite 1>Earth Ground Station,701.38,-94.67,489,270,3600,Normal
144,2026-08-01T02:19:35,Rover-1,Earth Ground Station,Mars Surface Rover>Mars Orbiter>Lunar Relay Satellite 2>Lunar Relay Satellite 1>Earth Ground Station,718.68,-94.43,479,237,3600,Normal
960,2026-08-01T02:19:38,Rover-3,Earth Ground Station,Mars Surface Rover>Mars Orbiter>Lunar Relay Satellite 2>Lunar Relay Satellite 1>Earth Ground Station,710.06,-94.17,536,275,3600,Normal
550,2026-08-01T02:20:09,Rover-2,Earth Ground Station,Mars Surface Rover>Mars Orbiter>Lunar Relay Satellite 2>Lunar Relay Satellite 1>Earth Ground Station,702.13,-94.59,498,247,3600,Normal
961,2026-08-01T02:20:56,Rover-3,Earth Ground Station,Mars Surface Rover>Mars Orbiter>Lunar Relay Satellite 2>Lunar Relay Satellite 1>Earth Ground Station,707.24,-91.93,558,253,3600,Normal
145,2026-08-01T02:21:05,Rover-1,Earth Ground Station,Mars Surface Rover>Mars Orbiter>Lunar Relay Satellite 2>Lunar Relay Satellite 1>Earth Ground Station,735.63,-91.33,467,255,3600,Normal
551,2026-08-01T02:21:29,Rover-2,Earth Ground Station,Mars Surface Rover>Mars Orbiter>Lunar Relay Satellite 2>Lunar Relay Satellite 1>Earth Ground Station,711.53,-96.17,508,259,3600,Normal
962,2026-08-01T02:22:05,Rover-3,Earth Ground Station,Mars Surface Rover>Mars Orbiter>Lunar Relay Satellite 2>Lunar Relay Satellite 1>Earth Ground Station,719.57,-93.34,507,245,3600,Normal
146,2026-08-01T02:22:11,Rover-1,Earth Ground Station,Mars Surface Rover>Mars Orbiter>Lunar Relay Satellite 2>Lunar Relay Satellite 1>Earth Ground Station,725.59,-90.76,476,258,3600,Normal
552,2026-08-01T02:22:30,Rover-2,Earth Ground Station,Mars Surface Rover>Mars Orbiter>Lunar Relay Satellite 2>Lunar Relay Satellite 1>Earth Ground Station,741.5,-97.62,535,257,3600,Normal
147,2026-08-01T02:23:00,Rover-1,Earth Ground Station,Mars Surface Rover>Mars Orbiter>Lunar Relay Satellite 2>Lunar Relay Satellite 1>Earth Ground Station,702.08,-92.61,517,252,3600,Normal
963,2026-08-01T02:23:00,Rover-3,Earth Ground Station,Mars Surface Rover>Mars Orbiter>Lunar Relay Satellite 2>Lunar Relay Satellite 1>Earth Ground Station,731.93,-96.03,545,265,3600,Normal
553,2026-08-01T02:23:50,Rover-2,Earth Ground Station,Mars Surface Rover>Mars Orbiter>Lunar Relay Satellite 2>Lunar Relay Satellite 1>Earth Ground Station,708.99,-90.31,502,245,3600,Normal
964,2026-08-01T02:23:55,Rover-3,Earth Ground Station,Mars Surface Rover>Mars Orbiter>Lunar Relay Satellite 2>Lunar Relay Satellite 1>Earth Ground Station,724.82,-97.3,521,257,3600,Normal
148,2026-08-01T02:24:08,Rover-1,Earth Ground Station,Mars Surface Rover>Mars Orbiter>Lunar Relay Satellite 2>Lunar Relay Satellite 1>Earth Ground Station,732.56,-92.39,514,253,3600,Normal
554,2026-08-01T02:24:42,Rover-2,Earth Ground Station,Mars Surface Rover>Mars Orbiter>Lunar Relay Satellite 2>Lunar Relay Satellite 1>Earth Ground Station,725.87,-96.84,461,249,3600,Normal
149,2026-08-01T02:25:06,Rover-1,Earth Ground Station,Mars Surface Rover>Mars Orbiter>Lunar Relay Satellite 2>Lunar Relay Satellite 1>Earth Ground Station,711.25,-95.84,504,258,3600,Normal
965,2026-08-01T02:25:21,Rover-3,Earth Ground Station,Mars Surface Rover>Mars Orbiter>Lunar Relay Satellite 2>Lunar Relay Satellite 1>Earth Ground Station,728.82,-90.62,471,254,3600,Normal
150,2026-08-01T02:25:39,Rover-1,Earth Ground Station,Mars Surface Rover>Mars Orbiter>Lunar Relay Satellite 2>Lunar Relay Satellite 1>Earth Ground Station,724.74,-97.28,557,244,3600,Normal
555,2026-08-01T02:26:00,Rover-2,Earth Ground Station,Mars Surface Rover>Mars Orbiter>Lunar Relay Satellite 2>Lunar Relay Satellite 1>Earth Ground Station,726.8,-98.32,535,239,3600,Normal
151,2026-08-01T02:26:22,Rover-1,Earth Ground Station,Mars Surface Rover>Mars Orbiter>Lunar Relay Satellite 2>Lunar Relay Satellite 1>Earth Ground Station,709.83,-91.02,485,258,3600,Normal
966,2026-08-01T02:26:47,Rover-3,Earth Ground Station,Mars Surface Rover>Mars Orbiter>Lunar Relay Satellite 2>Lunar Relay Satellite 1>Earth Ground Station,700.23,-99.71,513,251,3600,Normal
152,2026-08-01T02:27:02,Rover-1,Earth Ground Station,Mars Surface Rover>Mars Orbiter>Lunar Relay Satellite 2>Lunar Relay Satellite 1>Earth Ground Station,698.52,-94.53,521,247,3600,Normal
556,2026-08-01T02:27:03,Rover-2,Earth Ground Station,Mars Surface Rover>Mars Orbiter>Lunar Relay Satellite 2>Lunar Relay Satellite 1>Earth Ground Station,740.87,-94.24,559,275,3600,Normal
557,2026-08-01T02:27:42,Rover-2,Earth Ground Station,Mars Surface Rover>Mars Orbiter>Lunar Relay Satellite 2>Lunar Relay Satellite 1>Earth Ground Station,729.14,-91.13,555,272,3600,Normal
153,2026-08-01T02:27:46,Rover-1,Earth Ground Station,Mars Surface Rover>Mars Orbiter>Lunar Relay Satellite 2>Lunar Relay Satellite 1>Earth Ground Station,710.85,-92.94,548,238,3600,Normal
967,2026-08-01T02:28:04,Rover-3,Earth Ground Station,Mars Surface Rover>Mars Orbiter>Lunar Relay Satellite 2>Lunar Relay Satellite 1>Earth Ground Station,700.1,-93.93,539,274,3600,Normal
154,2026-08-01T02:28:30,Rover-1,Earth Ground Station,Mars Surface Rover>Mars Orbiter>Lunar Relay Satellite 2>Lunar Relay Satellite 1>Earth Ground Station,738.31,-97.73,524,262,3600,Normal
558,2026-08-01T02:28:45,Rover-2,Earth Ground Station,Mars Surface Rover>Mars Orbiter>Lunar Relay Satellite 2>Lunar Relay Satellite 1>Earth Ground Station,716.24,-98.76,507,266,3600,Normal
968,2026-08-01T02:28:46,Rover-3,Earth Ground Station,Mars Surface Rover>Mars Orbiter>Lunar Relay Satellite 2>Lunar Relay Satellite 1>Earth Ground Station,710.98,-94.03,491,269,3600,Normal
969,2026-08-01T02:29:45,Rover-3,Earth Ground Station,Mars Surface Rover>Mars Orbiter>Lunar Relay Satellite 2>Lunar Relay Satellite 1>Earth Ground Station,705.59,-93.05,554,263,3600,Normal
559,2026-08-01T02:29:52,Rover-2,Earth Ground Station,Mars Surface Rover>Mars Orbiter>Lunar Relay Satellite 2>Lunar Relay Satellite 1>Earth Ground Station,702.53,-91.52,544,238,3600,Normal
155,2026-08-01T02:29:59,Rover-1,Earth Ground Station,Mars Surface Rover>Mars Orbiter>Lunar Relay Satellite 2>Lunar Relay Satellite 1>Earth Ground Station,706.95,-91.34,483,241,3600,Normal
156,2026-08-01T02:30:46,Rover-1,Earth Ground Station,Mars Surface Rover>Mars Orbiter>Lunar Relay Satellite 2>Lunar Relay Satellite 1>Earth Ground Station,734.11,-90.93,477,248,3600,Normal
560,2026-08-01T02:30:58,Rover-2,Earth Ground Station,Mars Surface Rover>Mars Orbiter>Lunar Relay Satellite 2>Lunar Relay Satellite 1>Earth Ground Station,701.09,-96.54,474,247,3600,Normal
970,2026-08-01T02:31:12,Rover-3,Earth Ground Station,Mars Surface Rover>Mars Orbiter>Lunar Relay Satellite 2>Lunar Relay Satellite 1>Earth Ground Station,704.54,-98.13,507,265,3600,Normal
971,2026-08-01T02:31:49,Rover-3,Earth Ground Station,Mars Surface Rover>Mars Orbiter>Lunar Relay Satellite 2>Lunar Relay Satellite 1>Earth Ground Station,706.17,-95.81,552,257,3600,Normal
157,2026-08-01T02:32:03,Rover-1,Earth Ground Station,Mars Surface Rover>Mars Orbiter>Lunar Relay Satellite 2>Lunar Relay Satellite 1>Earth Ground Station,734.01,-99.0,505,254,3600,Normal
561,2026-08-01T02:32:22,Rover-2,Earth Ground Station,Mars Surface Rover>Mars Orbiter>Lunar Relay Satellite 2>Lunar Relay Satellite 1>Earth Ground Station,712.01,-97.86,532,265,3600,Normal
972,2026-08-01T02:32:44,Rover-3,Earth Ground Station,Mars Surface Rover>Mars Orbiter>Lunar Relay Satellite 2>Lunar Relay Satellite 1>Earth Ground Station,716.27,-94.53,479,259,3600,Normal
158,2026-08-01T02:32:52,Rover-1,Earth Ground Station,Mars Surface Rover>Mars Orbiter>Lunar Relay Satellite 2>Lunar Relay Satellite 1>Earth Ground Station,728.63,-99.21,512,255,3600,Normal
562,2026-08-01T02:33:12,Rover-2,Earth Ground Station,Mars Surface Rover>Mars Orbiter>Lunar Relay Satellite 2>Lunar Relay Satellite 1>Earth Ground Station,717.96,-92.47,557,241,3600,Normal
159,2026-08-01T02:33:27,Rover-1,Earth Ground Station,Mars Surface Rover>Mars Orbiter>Lunar Relay Satellite 2>Lunar Relay Satellite 1>Earth Ground Station,724.24,-98.7,536,260,3600,Normal
160,2026-08-01T02:33:58,Rover-1,Earth Ground Station,Mars Surface Rover>Mars Orbiter>Lunar Relay Satellite 2>Lunar Relay Satellite 1>Earth Ground Station,702.35,-99.39,546,259,3600,Normal
973,2026-08-01T02:33:59,Rover-3,Earth Ground Station,Mars Surface Rover>Mars Orbiter>Lunar Relay Satellite 2>Lunar Relay Satellite 1>Earth Ground Station,737.1,-98.63,470,248,3600,Normal
563,2026-08-01T02:34:31,Rover-2,Earth Ground Station,Mars Surface Rover>Mars Orbiter>Lunar Relay Satellite 2>Lunar Relay Satellite 1>Earth Ground Station,723.66,-91.73,477,254,3600,Normal
974,2026-08-01T02:35:10,Rover-3,Earth Ground Station,Mars Surface Rover>Mars Orbiter>Lunar Relay Satellite 2>Lunar Relay Satellite 1>Earth Ground Station,737.59,-97.82,534,240,3600,Normal
564,2026-08-01T02:35:27,Rover-2,Earth Ground Station,Mars Surface Rover>Mars Orbiter>Lunar Relay Satellite 2>Lunar Relay Satellite 1>Earth Ground Station,703.62,-93.65,539,254,3600,Normal
161,2026-08-01T02:35:28,Rover-1,Earth Ground Station,Mars Surface Rover>Mars Orbiter>Lunar Relay Satellite 2>Lunar Relay Satellite 1>Earth Ground Station,699.3,-97.52,544,259,3600,Normal
975,2026-08-01T02:35:47,Rover-3,Earth Ground Station,Mars Surface Rover>Mars Orbiter>Lunar Relay Satellite 2>Lunar Relay Satellite 1>Earth Ground Station,728.91,-96.27,469,264,3600,Normal
565,2026-08-01T02:36:26,Rover-2,Earth Ground Station,Mars Surface Rover>Mars Orbiter>Lunar Relay Satellite 2>Lunar Relay Satellite 1>Earth Ground Station,709.85,-91.39,476,263,3600,Normal
162,2026-08-01T02:36:46,Rover-1,Earth Ground Station,Mars Surface Rover>Mars Orbiter>Lunar Relay Satellite 2>Lunar Relay Satellite 1>Earth Ground Station,731.07,-94.72,527,273,3600,Normal
976,2026-08-01T02:37:03,Rover-3,Earth Ground Station,Mars Surface Rover>Mars Orbiter>Lunar Relay Satellite 2>Lunar Relay Satellite 1>Earth Ground Station,732.57,-95.11,558,251,3600,Normal
163,2026-08-01T02:37:27,Rover-1,Earth Ground Station,Mars Surface Rover>Mars Orbiter>Lunar Relay Satellite 2>Lunar Relay Satellite 1>Earth Ground Station,741.47,-94.39,544,275,3600,Normal
566,2026-08-01T02:37:48,Rover-2,Earth Ground Station,Mars Surface Rover>Mars Orbiter>Lunar Relay Satellite 2>Lunar Relay Satellite 1>Earth Ground Station,728.84,-95.98,482,270,3600,Normal
977,2026-08-01T02:37:57,Rover-3,Earth Ground Station,Mars Surface Rover>Mars Orbiter>Lunar Relay Satellite 2>Lunar Relay Satellite 1>Earth Ground Station,700.3,-91.87,495,271,3600,Normal
164,2026-08-01T02:38:27,Rover-1,Earth Ground Station,Mars Surface Rover>Mars Orbiter>Lunar Relay Satellite 2>Lunar Relay Satellite 1>Earth Ground Station,713.43,-93.42,529,270,3600,Normal
567,2026-08-01T02:38:27,Rover-2,Earth Ground Station,Mars Surface Rover>Mars Orbiter>Lunar Relay Satellite 2>Lunar Relay Satellite 1>Earth Ground Station,702.34,-92.61,497,256,3600,Normal
165,2026-08-01T02:39:18,Rover-1,Earth Ground Station,Mars Surface Rover>Mars Orbiter>Lunar Relay Satellite 2>Lunar Relay Satellite 1>Earth Ground Station,716.18,-94.96,528,251,3600,Normal
978,2026-08-01T02:39:22,Rover-3,Earth Ground Station,Mars Surface Rover>Mars Orbiter>Lunar Relay Satellite 2>Lunar Relay Satellite 1>Earth Ground Station,704.88,-98.5,479,264,3600,Normal
568,2026-08-01T02:39:40,Rover-2,Earth Ground Station,Mars Surface Rover>Mars Orbiter>Lunar Relay Satellite 2>Lunar Relay Satellite 1>Earth Ground Station,711.31,-98.04,478,274,3600,Normal
979,2026-08-01T02:40:18,Rover-3,Earth Ground Station,Mars Surface Rover>Mars Orbiter>Lunar Relay Satellite 2>Lunar Relay Satellite 1>Earth Ground Station,711.71,-97.19,559,247,3600,Normal
166,2026-08-01T02:40:36,Rover-1,Earth Ground Station,Mars Surface Rover>Mars Orbiter>Lunar Relay Satellite 2>Lunar Relay Satellite 1>Earth Ground Station,722.16,-94.57,493,248,3600,Normal
980,2026-08-01T02:40:59,Rover-3,Earth Ground Station,Mars Surface Rover>Mars Orbiter>Lunar Relay Satellite 2>Lunar Relay Satellite 1>Earth Ground Station,703.48,-91.5,481,261,3600,Normal
569,2026-08-01T02:41:04,Rover-2,Earth Ground Station,Mars Surface Rover>Mars Orbiter>Lunar Relay Satellite 2>Lunar Relay Satellite 1>Earth Ground Station,717.94,-97.36,486,254,3600,Normal
981,2026-08-01T02:41:45,Rover-3,Earth Ground Station,Mars Surface Rover>Mars Orbiter>Lunar Relay Satellite 2>Lunar Relay Satellite 1>Earth Ground Station,698.93,-94.98,511,268,3600,Normal
167,2026-08-01T02:41:55,Rover-1,Earth Ground Station,Mars Surface Rover>Mars Orbiter>Lunar Relay Satellite 2>Lunar Relay Satellite 1>Earth Ground Station,715.86,-95.14,561,262,3600,Normal
570,2026-08-01T02:42:25,Rover-2,Earth Ground Station,Mars Surface Rover>Mars Orbiter>Lunar Relay Satellite 2>Lunar Relay Satellite 1>Earth Ground Station,732.69,-91.4,467,267,3600,Normal
982,2026-08-01T02:42:53,Rover-3,Earth Ground Station,Mars Surface Rover>Mars Orbiter>Lunar Relay Satellite 2>Lunar Relay Satellite 1>Earth Ground Station,736.53,-92.51,521,255,3600,Normal
168,2026-08-01T02:42:59,Rover-1,Earth Ground Station,Mars Surface Rover>Mars Orbiter>Lunar Relay Satellite 2>Lunar Relay Satellite 1>Earth Ground Station,718.36,-90.76,513,261,3600,Normal
571,2026-08-01T02:43:09,Rover-2,Earth Ground Station,Mars Surface Rover>Mars Orbiter>Lunar Relay Satellite 2>Lunar Relay Satellite 1>Earth Ground Station,704.05,-98.07,498,261,3600,Normal
983,2026-08-01T02:43:49,Rover-3,Earth Ground Station,Mars Surface Rover>Mars Orbiter>Lunar Relay Satellite 2>Lunar Relay Satellite 1>Earth Ground Station,717.49,-95.96,461,271,3600,Normal
169,2026-08-01T02:44:00,Rover-1,Earth Ground Station,Mars Surface Rover>Mars Orbiter>Lunar Relay Satellite 2>Lunar Relay Satellite 1>Earth Ground Station,725.42,-97.47,481,258,3600,Normal
572,2026-08-01T02:44:20,Rover-2,Earth Ground Station,Mars Surface Rover>Mars Orbiter>Lunar Relay Satellite 2>Lunar Relay Satellite 1>Earth Ground Station,702.03,-95.82,554,238,3600,Normal
984,2026-08-01T02:44:36,Rover-3,Earth Ground Station,Mars Surface Rover>Mars Orbiter>Lunar Relay Satellite 2>Lunar Relay Satellite 1>Earth Ground Station,725.17,-95.55,545,237,3600,Normal
573,2026-08-01T02:44:54,Rover-2,Earth Ground Station,Mars Surface Rover>Mars Orbiter>Lunar Relay Satellite 2>Lunar Relay Satellite 1>Earth Ground Station,706.94,-96.39,543,239,3600,Normal
985,2026-08-01T02:45:15,Rover-3,Earth Ground Station,Mars Surface Rover>Mars Orbiter>Lunar Relay Satellite 2>Lunar Relay Satellite 1>Earth Ground Station,700.78,-93.57,475,236,3600,Normal
170,2026-08-01T02:45:29,Rover-1,Earth Ground Station,Mars Surface Rover>Mars Orbiter>Lunar Relay Satellite 2>Lunar Relay Satellite 1>Earth Ground Station,710.84,-98.62,510,236,3600,Normal
574,2026-08-01T02:46:18,Rover-2,Earth Ground Station,Mars Surface Rover>Mars Orbiter>Lunar Relay Satellite 2>Lunar Relay Satellite 1>Earth Ground Station,734.23,-93.4,465,254,3600,Normal
986,2026-08-01T02:46:21,Rover-3,Earth Ground Station,Mars Surface Rover>Mars Orbiter>Lunar Relay Satellite 2>Lunar Relay Satellite 1>Earth Ground Station,734.6,-93.09,555,237,3600,Normal
171,2026-08-01T02:46:39,Rover-1,Earth Ground Station,Mars Surface Rover>Mars Orbiter>Lunar Relay Satellite 2>Lunar Relay Satellite 1>Earth Ground Station,724.7,-92.52,477,258,3600,Normal
575,2026-08-01T02:46:58,Rover-2,Earth Ground Station,Mars Surface Rover>Mars Orbiter>Lunar Relay Satellite 2>Lunar Relay Satellite 1>Earth Ground Station,738.32,-94.36,534,255,3600,Normal
987,2026-08-01T02:47:17,Rover-3,Earth Ground Station,Mars Surface Rover>Mars Orbiter>Lunar Relay Satellite 2>Lunar Relay Satellite 1>Earth Ground Station,741.33,-91.78,489,262,3600,Normal
172,2026-08-01T02:47:44,Rover-1,Earth Ground Station,Mars Surface Rover>Mars Orbiter>Lunar Relay Satellite 2>Lunar Relay Satellite 1>Earth Ground Station,716.03,-92.38,546,240,3600,Normal
576,2026-08-01T02:47:52,Rover-2,Earth Ground Station,Mars Surface Rover>Mars Orbiter>Lunar Relay Satellite 2>Lunar Relay Satellite 1>Earth Ground Station,727.91,-91.89,482,243,3600,Normal
988,2026-08-01T02:48:31,Rover-3,Earth Ground Station,Mars Surface Rover>Mars Orbiter>Lunar Relay Satellite 2>Lunar Relay Satellite 1>Earth Ground Station,724.1,-97.73,478,254,3600,Normal
577,2026-08-01T02:48:39,Rover-2,Earth Ground Station,Mars Surface Rover>Mars Orbiter>Lunar Relay Satellite 2>Lunar Relay Satellite 1>Earth Ground Station,717.67,-91.66,523,260,3600,Normal
173,2026-08-01T02:49:14,Rover-1,Earth Ground Station,Mars Surface Rover>Mars Orbiter>Lunar Relay Satellite 2>Lunar Relay Satellite 1>Earth Ground Station,703.47,-98.16,511,264,3600,Normal
989,2026-08-01T02:49:38,Rover-3,Earth Ground Station,Mars Surface Rover>Mars Orbiter>Lunar Relay Satellite 2>Lunar Relay Satellite 1>Earth Ground Station,713.96,-90.59,539,248,3600,Normal
578,2026-08-01T02:49:50,Rover-2,Earth Ground Station,Mars Surface Rover>Mars Orbiter>Lunar Relay Satellite 2>Lunar Relay Satellite 1>Earth Ground Station,711.15,-94.16,517,238,3600,Normal
174,2026-08-01T02:50:16,Rover-1,Earth Ground Station,Mars Surface Rover>Mars Orbiter>Lunar Relay Satellite 2>Lunar Relay Satellite 1>Earth Ground Station,728.87,-94.2,510,254,3600,Normal
579,2026-08-01T02:50:37,Rover-2,Earth Ground Station,Mars Surface Rover>Mars Orbiter>Lunar Relay Satellite 2>Lunar Relay Satellite 1>Earth Ground Station,714.95,-94.23,526,268,3600,Normal
990,2026-08-01T02:51:05,Rover-3,Earth Ground Station,Mars Surface Rover>Mars Orbiter>Lunar Relay Satellite 2>Lunar Relay Satellite 1>Earth Ground Station,714.77,-90.89,504,258,3600,Normal
175,2026-08-01T02:51:15,Rover-1,Earth Ground Station,Mars Surface Rover>Mars Orbiter>Lunar Relay Satellite 2>Lunar Relay Satellite 1>Earth Ground Station,722.21,-93.89,555,256,3600,Normal
580,2026-08-01T02:51:22,Rover-2,Earth Ground Station,Mars Surface Rover>Mars Orbiter>Lunar Relay Satellite 2>Lunar Relay Satellite 1>Earth Ground Station,725.65,-97.87,542,276,3600,Normal
991,2026-08-01T02:51:53,Rover-3,Earth Ground Station,Mars Surface Rover>Mars Orbiter>Lunar Relay Satellite 2>Lunar Relay Satellite 1>Earth Ground Station,718.74,-91.41,548,249,3600,Normal
176,2026-08-01T02:52:41,Rover-1,Earth Ground Station,Mars Surface Rover>Mars Orbiter>Lunar Relay Satellite 2>Lunar Relay Satellite 1>Earth Ground Station,704.3,-90.91,539,270,3600,Normal
581,2026-08-01T02:52:42,Rover-2,Earth Ground Station,Mars Surface Rover>Mars Orbiter>Lunar Relay Satellite 2>Lunar Relay Satellite 1>Earth Ground Station,729.22,-94.81,540,249,3600,Normal
992,2026-08-01T02:52:49,Rover-3,Earth Ground Station,Mars Surface Rover>Mars Orbiter>Lunar Relay Satellite 2>Lunar Relay Satellite 1>Earth Ground Station,721.06,-96.86,523,239,3600,Normal
177,2026-08-01T02:53:32,Rover-1,Earth Ground Station,Mars Surface Rover>Mars Orbiter>Lunar Relay Satellite 2>Lunar Relay Satellite 1>Earth Ground Station,738.76,-95.07,544,247,3600,Normal
582,2026-08-01T02:53:48,Rover-2,Earth Ground Station,Mars Surface Rover>Mars Orbiter>Lunar Relay Satellite 2>Lunar Relay Satellite 1>Earth Ground Station,720.1,-93.94,479,248,3600,Normal
993,2026-08-01T02:54:05,Rover-3,Earth Ground Station,Mars Surface Rover>Mars Orbiter>Lunar Relay Satellite 2>Lunar Relay Satellite 1>Earth Ground Station,740.71,-95.27,469,265,3600,Normal
178,2026-08-01T02:54:21,Rover-1,Earth Ground Station,Mars Surface Rover>Mars Orbiter>Lunar Relay Satellite 2>Lunar Relay Satellite 1>Earth Ground Station,734.58,-95.76,528,270,3600,Normal
583,2026-08-01T02:54:32,Rover-2,Earth Ground Station,Mars Surface Rover>Mars Orbiter>Lunar Relay Satellite 2>Lunar Relay Satellite 1>Earth Ground Station,699.67,-97.95,489,268,3600,Normal
994,2026-08-01T02:55:13,Rover-3,Earth Ground Station,Mars Surface Rover>Mars Orbiter>Lunar Relay Satellite 2>Lunar Relay Satellite 1>Earth Ground Station,738.74,-99.62,490,260,3600,Normal
179,2026-08-01T02:55:19,Rover-1,Earth Ground Station,Mars Surface Rover>Mars Orbiter>Lunar Relay Satellite 2>Lunar Relay Satellite 1>Earth Ground Station,721.67,-93.53,517,257,3600,Normal
584,2026-08-01T02:55:32,Rover-2,Earth Ground Station,Mars Surface Rover>Mars Orbiter>Lunar Relay Satellite 2>Lunar Relay Satellite 1>Earth Ground Station,721.27,-97.54,563,275,3600,Normal
995,2026-08-01T02:56:03,Rover-3,Earth Ground Station,Mars Surface Rover>Mars Orbiter>Lunar Relay Satellite 2>Lunar Relay Satellite 1>Earth Ground Station,709.62,-95.71,524,273,3600,Normal
585,2026-08-01T02:56:08,Rover-2,Earth Ground Station,Mars Surface Rover>Mars Orbiter>Lunar Relay Satellite 2>Lunar Relay Satellite 1>Earth Ground Station,709.11,-92.54,515,267,3600,Normal
180,2026-08-01T02:56:18,Rover-1,Earth Ground Station,Mars Surface Rover>Mars Orbiter>Lunar Relay Satellite 2>Lunar Relay Satellite 1>Earth Ground Station,738.7,-98.51,561,245,3600,Normal
181,2026-08-01T02:57:12,Rover-1,Earth Ground Station,Mars Surface Rover>Mars Orbiter>Lunar Relay Satellite 2>Lunar Relay Satellite 1>Earth Ground Station,708.49,-97.62,465,266,3600,Normal
996,2026-08-01T02:57:12,Rover-3,Earth Ground Station,Mars Surface Rover>Mars Orbiter>Lunar Relay Satellite 2>Lunar Relay Satellite 1>Earth Ground Station,722.71,-95.19,525,255,3600,Normal
586,2026-08-01T02:57:25,Rover-2,Earth Ground Station,Mars Surface Rover>Mars Orbiter>Lunar Relay Satellite 2>Lunar Relay Satellite 1>Earth Ground Station,700.82,-99.72,483,270,3600,Normal
997,2026-08-01T02:57:53,Rover-3,Earth Ground Station,Mars Surface Rover>Mars Orbiter>Lunar Relay Satellite 2>Lunar Relay Satellite 1>Earth Ground Station,736.57,-92.46,490,243,3600,Normal
182,2026-08-01T02:58:27,Rover-1,Earth Ground Station,Mars Surface Rover>Mars Orbiter>Lunar Relay Satellite 2>Lunar Relay Satellite 1>Earth Ground Station,737.86,-93.87,562,267,3600,Normal
998,2026-08-01T02:58:30,Rover-3,Earth Ground Station,Mars Surface Rover>Mars Orbiter>Lunar Relay Satellite 2>Lunar Relay Satellite 1>Earth Ground Station,699.44,-96.19,472,270,3600,Normal
587,2026-08-01T02:58:46,Rover-2,Earth Ground Station,Mars Surface Rover>Mars Orbiter>Lunar Relay Satellite 2>Lunar Relay Satellite 1>Earth Ground Station,715.18,-99.13,562,242,3600,Normal
588,2026-08-01T02:59:31,Rover-2,Earth Ground Station,Mars Surface Rover>Mars Orbiter>Lunar Relay Satellite 2>Lunar Relay Satellite 1>Earth Ground Station,724.0,-97.91,532,272,3600,Normal
183,2026-08-01T02:59:38,Rover-1,Earth Ground Station,Mars Surface Rover>Mars Orbiter>Lunar Relay Satellite 2>Lunar Relay Satellite 1>Earth Ground Station,740.77,-94.96,464,256,3600,Normal
999,2026-08-01T02:59:51,Rover-3,Earth Ground Station,Mars Surface Rover>Mars Orbiter>Lunar Relay Satellite 2>Lunar Relay Satellite 1>Earth Ground Station,724.98,-94.19,465,249,3600,Normal
589,2026-08-01T03:00:02,Rover-2,Earth Ground Station,Mars Surface Rover>Mars Orbiter>Lunar Relay Satellite 2>Lunar Relay Satellite 1>Earth Ground Station,728.79,-93.59,518,241,3600,Normal
184,2026-08-01T03:00:45,Rover-1,Earth Ground Station,Mars Surface Rover>Mars Orbiter>Lunar Relay Satellite 2>Lunar Relay Satellite 1>Earth Ground Station,712.74,-91.2,547,239,3600,Normal
1000,2026-08-01T03:01:12,Rover-3,Earth Ground Station,Mars Surface Rover>Mars Orbiter>Lunar Relay Satellite 2>Lunar Relay Satellite 1>Earth Ground Station,725.94,-90.36,481,247,3600,Normal
590,2026-08-01T03:01:32,Rover-2,Earth Ground Station,Mars Surface Rover>Mars Orbiter>Lunar Relay Satellite 2>Lunar Relay Satellite 1>Earth Ground Station,706.53,-99.64,551,255,3600,Normal
185,2026-08-01T03:02:13,Rover-1,Earth Ground Station,Mars Surface Rover>Mars Orbiter>Lunar Relay Satellite 2>Lunar Relay Satellite 1>Earth Ground Station,718.14,-97.11,502,262,3600,Normal
591,2026-08-01T03:02:21,Rover-2,Earth Ground Station,Mars Surface Rover>Mars Orbiter>Lunar Relay Satellite 2>Lunar Relay Satellite 1>Earth Ground Station,705.98,-90.61,466,260,3600,Normal
1001,2026-08-01T03:02:32,Rover-3,Earth Ground Station,Mars Surface Rover>Mars Orbiter>Lunar Relay Satellite 2>Lunar Relay Satellite 1>Earth Ground Station,701.33,-93.1,517,266,3600,Normal
186,2026-08-01T03:02:52,Rover-1,Earth Ground Station,Mars Surface Rover>Mars Orbiter>Lunar Relay Satellite 2>Lunar Relay Satellite 1>Earth Ground Station,701.63,-97.67,487,261,3600,Normal
592,2026-08-01T03:02:52,Rover-2,Earth Ground Station,Mars Surface Rover>Mars Orbiter>Lunar Relay Satellite 2>Lunar Relay Satellite 1>Earth Ground Station,721.14,-90.26,554,243,3600,Normal
1002,2026-08-01T03:03:09,Rover-3,Earth Ground Station,Mars Surface Rover>Mars Orbiter>Lunar Relay Satellite 2>Lunar Relay Satellite 1>Earth Ground Station,728.03,-93.49,534,260,3600,Normal
593,2026-08-01T03:03:30,Rover-2,Earth Ground Station,Mars Surface Rover>Mars Orbiter>Lunar Relay Satellite 2>Lunar Relay Satellite 1>Earth Ground Station,713.12,-91.94,542,271,3600,Normal
1003,2026-08-01T03:03:40,Rover-3,Earth Ground Station,Mars Surface Rover>Mars Orbiter>Lunar Relay Satellite 2>Lunar Relay Satellite 1>Earth Ground Station,734.34,-92.09,546,273,3600,Normal
187,2026-08-01T03:03:47,Rover-1,Earth Ground Station,Mars Surface Rover>Mars Orbiter>Lunar Relay Satellite 2>Lunar Relay Satellite 1>Earth Ground Station,726.47,-98.34,548,270,3600,Normal
594,2026-08-01T03:04:03,Rover-2,Earth Ground Station,Mars Surface Rover>Mars Orbiter>Lunar Relay Satellite 2>Lunar Relay Satellite 1>Earth Ground Station,699.35,-95.82,554,267,3600,Normal
1004,2026-08-01T03:04:40,Rover-3,Earth Ground Station,Mars Surface Rover>Mars Orbiter>Lunar Relay Satellite 2>Lunar Relay Satellite 1>Earth Ground Station,737.98,-97.82,526,255,3600,Normal
188,2026-08-01T03:04:41,Rover-1,Earth Ground Station,Mars Surface Rover>Mars Orbiter>Lunar Relay Satellite 2>Lunar Relay Satellite 1>Earth Ground Station,739.62,-96.2,551,255,3600,Normal
595,2026-08-01T03:05:27,Rover-2,Earth Ground Station,Mars Surface Rover>Mars Orbiter>Lunar Relay Satellite 2>Lunar Relay Satellite 1>Earth Ground Station,721.14,-93.72,468,264,3600,Normal
189,2026-08-01T03:05:45,Rover-1,Earth Ground Station,Mars Surface Rover>Mars Orbiter>Lunar Relay Satellite 2>Lunar Relay Satellite 1>Earth Ground Station,699.95,-90.9,525,273,3600,Normal
1005,2026-08-01T03:05:50,Rover-3,Earth Ground Station,Mars Surface Rover>Mars Orbiter>Lunar Relay Satellite 2>Lunar Relay Satellite 1>Earth Ground Station,718.3,-98.47,552,254,3600,Normal
190,2026-08-01T03:06:29,Rover-1,Earth Ground Station,Mars Surface Rover>Mars Orbiter>Lunar Relay Satellite 2>Lunar Relay Satellite 1>Earth Ground Station,730.66,-94.37,470,261,3600,Normal
596,2026-08-01T03:06:39,Rover-2,Earth Ground Station,Mars Surface Rover>Mars Orbiter>Lunar Relay Satellite 2>Lunar Relay Satellite 1>Earth Ground Station,715.49,-91.21,491,241,3600,Normal
1006,2026-08-01T03:07:12,Rover-3,Earth Ground Station,Mars Surface Rover>Mars Orbiter>Lunar Relay Satellite 2>Lunar Relay Satellite 1>Earth Ground Station,716.28,-97.3,546,247,3600,Normal
597,2026-08-01T03:07:19,Rover-2,Earth Ground Station,Mars Surface Rover>Mars Orbiter>Lunar Relay Satellite 2>Lunar Relay Satellite 1>Earth Ground Station,730.04,-94.4,526,255,3600,Normal
191,2026-08-01T03:07:54,Rover-1,Earth Ground Station,Mars Surface Rover>Mars Orbiter>Lunar Relay Satellite 2>Lunar Relay Satellite 1>Earth Ground Station,702.74,-91.83,491,236,3600,Normal
598,2026-08-01T03:08:09,Rover-2,Earth Ground Station,Mars Surface Rover>Mars Orbiter>Lunar Relay Satellite 2>Lunar Relay Satellite 1>Earth Ground Station,705.93,-99.45,531,273,3600,Normal
1007,2026-08-01T03:08:28,Rover-3,Earth Ground Station,Mars Surface Rover>Mars Orbiter>Lunar Relay Satellite 2>Lunar Relay Satellite 1>Earth Ground Station,727.7,-95.52,462,259,3600,Normal
192,2026-08-01T03:08:44,Rover-1,Earth Ground Station,Mars Surface Rover>Mars Orbiter>Lunar Relay Satellite 2>Lunar Relay Satellite 1>Earth Ground Station,732.79,-93.04,499,241,3600,Normal
1008,2026-08-01T03:09:19,Rover-3,Earth Ground Station,Mars Surface Rover>Mars Orbiter>Lunar Relay Satellite 2>Lunar Relay Satellite 1>Earth Ground Station,732.94,-98.69,497,275,3600,Normal
599,2026-08-01T03:09:29,Rover-2,Earth Ground Station,Mars Surface Rover>Mars Orbiter>Lunar Relay Satellite 2>Lunar Relay Satellite 1>Earth Ground Station,713.81,-96.57,544,251,3600,Normal
193,2026-08-01T03:09:47,Rover-1,Earth Ground Station,Mars Surface Rover>Mars Orbiter>Lunar Relay Satellite 2>Lunar Relay Satellite 1>Earth Ground Station,716.2,-96.73,479,242,3600,Normal
1009,2026-08-01T03:10:06,Rover-3,Earth Ground Station,Mars Surface Rover>Mars Orbiter>Lunar Relay Satellite 2>Lunar Relay Satellite 1>Earth Ground Station,734.72,-93.47,499,257,3600,Normal
600,2026-08-01T03:10:45,Rover-2,Earth Ground Station,Mars Surface Rover>Mars Orbiter>Lunar Relay Satellite 2>Lunar Relay Satellite 1>Earth Ground Station,728.14,-91.46,535,274,3600,Normal
1010,2026-08-01T03:10:46,Rover-3,Earth Ground Station,Mars Surface Rover>Mars Orbiter>Lunar Relay Satellite 2>Lunar Relay Satellite 1>Earth Ground Station,723.07,-93.95,521,270,3600,Normal
194,2026-08-01T03:10:56,Rover-1,Earth Ground Station,Mars Surface Rover>Mars Orbiter>Lunar Relay Satellite 2>Lunar Relay Satellite 1>Earth Ground Station,736.02,-96.14,485,272,3600,Normal
195,2026-08-01T03:11:35,Rover-1,Earth Ground Station,Mars Surface Rover>Mars Orbiter>Lunar Relay Satellite 2>Lunar Relay Satellite 1>Earth Ground Station,708.43,-96.31,507,262,3600,Normal
1011,2026-08-01T03:12:04,Rover-3,Earth Ground Station,Mars Surface Rover>Mars Orbiter>Lunar Relay Satellite 2>Lunar Relay Satellite 1>Earth Ground Station,711.72,-98.4,533,246,3600,Normal
601,2026-08-01T03:12:15,Rover-2,Earth Ground Station,Mars Surface Rover>Mars Orbiter>Lunar Relay Satellite 2>Lunar Relay Satellite 1>Earth Ground Station,723.15,-98.33,539,258,3600,Normal
1012,2026-08-01T03:12:39,Rover-3,Earth Ground Station,Mars Surface Rover>Mars Orbiter>Lunar Relay Satellite 2>Lunar Relay Satellite 1>Earth Ground Station,719.87,-92.51,507,274,3600,Normal
602,2026-08-01T03:12:56,Rover-2,Earth Ground Station,Mars Surface Rover>Mars Orbiter>Lunar Relay Satellite 2>Lunar Relay Satellite 1>Earth Ground Station,724.42,-99.0,559,244,3600,Normal
196,2026-08-01T03:13:02,Rover-1,Earth Ground Station,Mars Surface Rover>Mars Orbiter>Lunar Relay Satellite 2>Lunar Relay Satellite 1>Earth Ground Station,733.16,-98.81,530,241,3600,Normal
1013,2026-08-01T03:13:22,Rover-3,Earth Ground Station,Mars Surface Rover>Mars Orbiter>Lunar Relay Satellite 2>Lunar Relay Satellite 1>Earth Ground Station,721.08,-91.91,499,237,3600,Normal
197,2026-08-01T03:14:00,Rover-1,Earth Ground Station,Mars Surface Rover>Mars Orbiter>Lunar Relay Satellite 2>Lunar Relay Satellite 1>Earth Ground Station,739.23,-99.63,491,274,3600,Normal
603,2026-08-01T03:14:02,Rover-2,Earth Ground Station,Mars Surface Rover>Mars Orbiter>Lunar Relay Satellite 2>Lunar Relay Satellite 1>Earth Ground Station,702.9,-94.96,494,238,3600,Normal
1014,2026-08-01T03:14:04,Rover-3,Earth Ground Station,Mars Surface Rover>Mars Orbiter>Lunar Relay Satellite 2>Lunar Relay Satellite 1>Earth Ground Station,737.86,-94.47,463,255,3600,Normal
604,2026-08-01T03:14:54,Rover-2,Earth Ground Station,Mars Surface Rover>Mars Orbiter>Lunar Relay Satellite 2>Lunar Relay Satellite 1>Earth Ground Station,740.84,-91.84,551,239,3600,Normal
1015,2026-08-01T03:15:06,Rover-3,Earth Ground Station,Mars Surface Rover>Mars Orbiter>Lunar Relay Satellite 2>Lunar Relay Satellite 1>Earth Ground Station,705.06,-93.48,510,271,3600,Normal
198,2026-08-01T03:15:14,Rover-1,Earth Ground Station,Mars Surface Rover>Mars Orbiter>Lunar Relay Satellite 2>Lunar Relay Satellite 1>Earth Ground Station,709.2,-98.28,481,251,3600,Normal
1016,2026-08-01T03:15:55,Rover-3,Earth Ground Station,Mars Surface Rover>Mars Orbiter>Lunar Relay Satellite 2>Lunar Relay Satellite 1>Earth Ground Station,731.9,-91.61,550,269,3600,Normal
605,2026-08-01T03:16:09,Rover-2,Earth Ground Station,Mars Surface Rover>Mars Orbiter>Lunar Relay Satellite 2>Lunar Relay Satellite 1>Earth Ground Station,727.35,-97.18,495,235,3600,Normal
199,2026-08-01T03:16:14,Rover-1,Earth Ground Station,Mars Surface Rover>Mars Orbiter>Lunar Relay Satellite 2>Lunar Relay Satellite 1>Earth Ground Station,703.01,-93.87,497,247,3600,Normal
606,2026-08-01T03:16:52,Rover-2,Earth Ground Station,Mars Surface Rover>Mars Orbiter>Lunar Relay Satellite 2>Lunar Relay Satellite 1>Earth Ground Station,709.18,-90.89,487,239,3600,Normal
607,2026-08-01T03:17:22,Rover-2,Earth Ground Station,Mars Surface Rover>Mars Orbiter>Lunar Relay Satellite 2>Lunar Relay Satellite 1>Earth Ground Station,700.48,-94.41,503,242,3600,Normal
1017,2026-08-01T03:17:25,Rover-3,Earth Ground Station,Mars Surface Rover>Mars Orbiter>Lunar Relay Satellite 2>Lunar Relay Satellite 1>Earth Ground Station,720.7,-99.68,481,237,3600,Normal
200,2026-08-01T03:17:28,Rover-1,Earth Ground Station,Mars Surface Rover>Mars Orbiter>Lunar Relay Satellite 2>Lunar Relay Satellite 1>Earth Ground Station,711.15,-99.54,528,246,3600,Normal
608,2026-08-01T03:18:18,Rover-2,Earth Ground Station,Mars Surface Rover>Mars Orbiter>Lunar Relay Satellite 2>Lunar Relay Satellite 1>Earth Ground Station,719.7,-93.85,516,239,3600,Normal
1018,2026-08-01T03:18:19,Rover-3,Earth Ground Station,Mars Surface Rover>Mars Orbiter>Lunar Relay Satellite 2>Lunar Relay Satellite 1>Earth Ground Station,729.23,-95.21,461,273,3600,Normal
201,2026-08-01T03:18:34,Rover-1,Earth Ground Station,Mars Surface Rover>Mars Orbiter>Lunar Relay Satellite 2>Lunar Relay Satellite 1>Earth Ground Station,735.77,-97.64,560,272,3600,Normal
609,2026-08-01T03:19:18,Rover-2,Earth Ground Station,Mars Surface Rover>Mars Orbiter>Lunar Relay Satellite 2>Lunar Relay Satellite 1>Earth Ground Station,732.47,-95.74,538,244,3600,Normal
1019,2026-08-01T03:19:32,Rover-3,Earth Ground Station,Mars Surface Rover>Mars Orbiter>Lunar Relay Satellite 2>Lunar Relay Satellite 1>Earth Ground Station,735.04,-98.53,494,271,3600,Normal
202,2026-08-01T03:19:51,Rover-1,Earth Ground Station,Mars Surface Rover>Mars Orbiter>Lunar Relay Satellite 2>Lunar Relay Satellite 1>Earth Ground Station,719.86,-98.84,490,268,3600,Normal
1020,2026-08-01T03:20:08,Rover-3,Earth Ground Station,Mars Surface Rover>Mars Orbiter>Lunar Relay Satellite 2>Lunar Relay Satellite 1>Earth Ground Station,720.89,-96.51,492,259,3600,Normal
610,2026-08-01T03:20:16,Rover-2,Earth Ground Station,Mars Surface Rover>Mars Orbiter>Lunar Relay Satellite 2>Lunar Relay Satellite 1>Earth Ground Station,701.58,-98.28,490,248,3600,Normal
1021,2026-08-01T03:20:57,Rover-3,Earth Ground Station,Mars Surface Rover>Mars Orbiter>Lunar Relay Satellite 2>Lunar Relay Satellite 1>Earth Ground Station,726.0,-92.24,481,247,3600,Normal
203,2026-08-01T03:20:59,Rover-1,Earth Ground Station,Mars Surface Rover>Mars Orbiter>Lunar Relay Satellite 2>Lunar Relay Satellite 1>Earth Ground Station,733.04,-92.33,480,245,3600,Normal
611,2026-08-01T03:21:46,Rover-2,Earth Ground Station,Mars Surface Rover>Mars Orbiter>Lunar Relay Satellite 2>Lunar Relay Satellite 1>Earth Ground Station,702.92,-93.5,551,242,3600,Normal
1022,2026-08-01T03:22:01,Rover-3,Earth Ground Station,Mars Surface Rover>Mars Orbiter>Lunar Relay Satellite 2>Lunar Relay Satellite 1>Earth Ground Station,712.19,-94.44,472,241,3600,Normal
204,2026-08-01T03:22:17,Rover-1,Earth Ground Station,Mars Surface Rover>Mars Orbiter>Lunar Relay Satellite 2>Lunar Relay Satellite 1>Earth Ground Station,729.54,-96.51,546,261,3600,Normal
612,2026-08-01T03:22:20,Rover-2,Earth Ground Station,Mars Surface Rover>Mars Orbiter>Lunar Relay Satellite 2>Lunar Relay Satellite 1>Earth Ground Station,722.03,-98.78,470,259,3600,Normal
1023,2026-08-01T03:22:48,Rover-3,Earth Ground Station,Mars Surface Rover>Mars Orbiter>Lunar Relay Satellite 2>Lunar Relay Satellite 1>Earth Ground Station,703.34,-99.35,518,239,3600,Normal
613,2026-08-01T03:23:29,Rover-2,Earth Ground Station,Mars Surface Rover>Mars Orbiter>Lunar Relay Satellite 2>Lunar Relay Satellite 1>Earth Ground Station,736.99,-96.94,504,262,3600,Normal
205,2026-08-01T03:23:44,Rover-1,Earth Ground Station,Mars Surface Rover>Mars Orbiter>Lunar Relay Satellite 2>Lunar Relay Satellite 1>Earth Ground Station,725.51,-90.62,541,236,3600,Normal
1024,2026-08-01T03:23:52,Rover-3,Earth Ground Station,Mars Surface Rover>Mars Orbiter>Lunar Relay Satellite 2>Lunar Relay Satellite 1>Earth Ground Station,713.53,-93.28,475,264,3600,Normal
206,2026-08-01T03:24:37,Rover-1,Earth Ground Station,Mars Surface Rover>Mars Orbiter>Lunar Relay Satellite 2>Lunar Relay Satellite 1>Earth Ground Station,730.04,-91.11,491,266,3600,Normal
614,2026-08-01T03:24:37,Rover-2,Earth Ground Station,Mars Surface Rover>Mars Orbiter>Lunar Relay Satellite 2>Lunar Relay Satellite 1>Earth Ground Station,736.84,-91.74,471,243,3600,Normal
1025,2026-08-01T03:24:40,Rover-3,Earth Ground Station,Mars Surface Rover>Mars Orbiter>Lunar Relay Satellite 2>Lunar Relay Satellite 1>Earth Ground Station,723.2,-91.88,492,272,3600,Normal
207,2026-08-01T03:25:18,Rover-1,Earth Ground Station,Mars Surface Rover>Mars Orbiter>Lunar Relay Satellite 2>Lunar Relay Satellite 1>Earth Ground Station,707.07,-97.72,550,250,3600,Normal
615,2026-08-01T03:25:19,Rover-2,Earth Ground Station,Mars Surface Rover>Mars Orbiter>Lunar Relay Satellite 2>Lunar Relay Satellite 1>Earth Ground Station,716.08,-95.51,555,257,3600,Normal
1026,2026-08-01T03:25:44,Rover-3,Earth Ground Station,Mars Surface Rover>Mars Orbiter>Lunar Relay Satellite 2>Lunar Relay Satellite 1>Earth Ground Station,717.57,-91.49,509,263,3600,Normal
208,2026-08-01T03:26:20,Rover-1,Earth Ground Station,Mars Surface Rover>Mars Orbiter>Lunar Relay Satellite 2>Lunar Relay Satellite 1>Earth Ground Station,737.86,-98.14,487,269,3600,Normal
1027,2026-08-01T03:26:20,Rover-3,Earth Ground Station,Mars Surface Rover>Mars Orbiter>Lunar Relay Satellite 2>Lunar Relay Satellite 1>Earth Ground Station,714.97,-91.07,500,264,3600,Normal
616,2026-08-01T03:26:31,Rover-2,Earth Ground Station,Mars Surface Rover>Mars Orbiter>Lunar Relay Satellite 2>Lunar Relay Satellite 1>Earth Ground Station,710.56,-92.51,465,258,3600,Normal
209,2026-08-01T03:27:20,Rover-1,Earth Ground Station,Mars Surface Rover>Mars Orbiter>Lunar Relay Satellite 2>Lunar Relay Satellite 1>Earth Ground Station,740.19,-93.05,549,268,3600,Normal
1028,2026-08-01T03:27:47,Rover-3,Earth Ground Station,Mars Surface Rover>Mars Orbiter>Lunar Relay Satellite 2>Lunar Relay Satellite 1>Earth Ground Station,724.01,-98.19,532,260,3600,Normal
617,2026-08-01T03:27:54,Rover-2,Earth Ground Station,Mars Surface Rover>Mars Orbiter>Lunar Relay Satellite 2>Lunar Relay Satellite 1>Earth Ground Station,719.61,-90.77,461,239,3600,Normal
210,2026-08-01T03:28:19,Rover-1,Earth Ground Station,Mars Surface Rover>Mars Orbiter>Lunar Relay Satellite 2>Lunar Relay Satellite 1>Earth Ground Station,740.0,-91.59,559,270,3600,Normal
1029,2026-08-01T03:28:36,Rover-3,Earth Ground Station,Mars Surface Rover>Mars Orbiter>Lunar Relay Satellite 2>Lunar Relay Satellite 1>Earth Ground Station,712.76,-92.13,538,268,3600,Normal
1030,2026-08-01T03:29:11,Rover-3,Earth Ground Station,Mars Surface Rover>Mars Orbiter>Lunar Relay Satellite 2>Lunar Relay Satellite 1>Earth Ground Station,740.46,-97.43,508,240,3600,Normal
618,2026-08-01T03:29:16,Rover-2,Earth Ground Station,Mars Surface Rover>Mars Orbiter>Lunar Relay Satellite 2>Lunar Relay Satellite 1>Earth Ground Station,727.0,-95.95,481,236,3600,Normal
211,2026-08-01T03:29:35,Rover-1,Earth Ground Station,Mars Surface Rover>Mars Orbiter>Lunar Relay Satellite 2>Lunar Relay Satellite 1>Earth Ground Station,727.53,-94.03,547,258,3600,Normal
619,2026-08-01T03:29:56,Rover-2,Earth Ground Station,Mars Surface Rover>Mars Orbiter>Lunar Relay Satellite 2>Lunar Relay Satellite 1>Earth Ground Station,725.97,-99.53,509,240,3600,Normal
212,2026-08-01T03:30:10,Rover-1,Earth Ground Station,Mars Surface Rover>Mars Orbiter>Lunar Relay Satellite 2>Lunar Relay Satellite 1>Earth Ground Station,732.56,-90.38,515,254,3600,Normal
1031,2026-08-01T03:30:33,Rover-3,Earth Ground Station,Mars Surface Rover>Mars Orbiter>Lunar Relay Satellite 2>Lunar Relay Satellite 1>Earth Ground Station,733.06,-96.89,470,248,3600,Normal
620,2026-08-01T03:31:16,Rover-2,Earth Ground Station,Mars Surface Rover>Mars Orbiter>Lunar Relay Satellite 2>Lunar Relay Satellite 1>Earth Ground Station,715.57,-94.9,528,239,3600,Normal
213,2026-08-01T03:31:23,Rover-1,Earth Ground Station,Mars Surface Rover>Mars Orbiter>Lunar Relay Satellite 2>Lunar Relay Satellite 1>Earth Ground Station,730.76,-92.74,499,261,3600,Normal
1032,2026-08-01T03:31:44,Rover-3,Earth Ground Station,Mars Surface Rover>Mars Orbiter>Lunar Relay Satellite 2>Lunar Relay Satellite 1>Earth Ground Station,729.08,-94.67,484,244,3600,Normal
214,2026-08-01T03:32:16,Rover-1,Earth Ground Station,Mars Surface Rover>Mars Orbiter>Lunar Relay Satellite 2>Lunar Relay Satellite 1>Earth Ground Station,703.08,-92.47,463,271,3600,Normal
621,2026-08-01T03:32:20,Rover-2,Earth Ground Station,Mars Surface Rover>Mars Orbiter>Lunar Relay Satellite 2>Lunar Relay Satellite 1>Earth Ground Station,715.14,-93.77,499,243,3600,Normal
622,2026-08-01T03:32:52,Rover-2,Earth Ground Station,Mars Surface Rover>Mars Orbiter>Lunar Relay Satellite 2>Lunar Relay Satellite 1>Earth Ground Station,709.77,-94.67,483,246,3600,Normal
1033,2026-08-01T03:33:09,Rover-3,Earth Ground Station,Mars Surface Rover>Mars Orbiter>Lunar Relay Satellite 2>Lunar Relay Satellite 1>Earth Ground Station,737.09,-92.7,498,243,3600,Normal
215,2026-08-01T03:33:21,Rover-1,Earth Ground Station,Mars Surface Rover>Mars Orbiter>Lunar Relay Satellite 2>Lunar Relay Satellite 1>Earth Ground Station,712.57,-96.05,527,261,3600,Normal
623,2026-08-01T03:33:25,Rover-2,Earth Ground Station,Mars Surface Rover>Mars Orbiter>Lunar Relay Satellite 2>Lunar Relay Satellite 1>Earth Ground Station,704.93,-96.87,470,262,3600,Normal
216,2026-08-01T03:34:20,Rover-1,Earth Ground Station,Mars Surface Rover>Mars Orbiter>Lunar Relay Satellite 2>Lunar Relay Satellite 1>Earth Ground Station,737.69,-93.12,502,241,3600,Normal
1034,2026-08-01T03:34:37,Rover-3,Earth Ground Station,Mars Surface Rover>Mars Orbiter>Lunar Relay Satellite 2>Lunar Relay Satellite 1>Earth Ground Station,727.14,-97.74,551,254,3600,Normal
624,2026-08-01T03:34:46,Rover-2,Earth Ground Station,Mars Surface Rover>Mars Orbiter>Lunar Relay Satellite 2>Lunar Relay Satellite 1>Earth Ground Station,721.79,-99.47,521,258,3600,Normal
1035,2026-08-01T03:35:08,Rover-3,Earth Ground Station,Mars Surface Rover>Mars Orbiter>Lunar Relay Satellite 2>Lunar Relay Satellite 1>Earth Ground Station,701.22,-91.32,509,270,3600,Normal
217,2026-08-01T03:35:50,Rover-1,Earth Ground Station,Mars Surface Rover>Mars Orbiter>Lunar Relay Satellite 2>Lunar Relay Satellite 1>Earth Ground Station,700.01,-99.71,472,245,3600,Normal
1036,2026-08-01T03:35:56,Rover-3,Earth Ground Station,Mars Surface Rover>Mars Orbiter>Lunar Relay Satellite 2>Lunar Relay Satellite 1>Earth Ground Station,731.58,-95.99,473,239,3600,Normal
625,2026-08-01T03:36:09,Rover-2,Earth Ground Station,Mars Surface Rover>Mars Orbiter>Lunar Relay Satellite 2>Lunar Relay Satellite 1>Earth Ground Station,715.12,-95.21,559,263,3600,Normal
218,2026-08-01T03:36:54,Rover-1,Earth Ground Station,Mars Surface Rover>Mars Orbiter>Lunar Relay Satellite 2>Lunar Relay Satellite 1>Earth Ground Station,704.26,-94.56,529,265,3600,Normal
1037,2026-08-01T03:37:18,Rover-3,Earth Ground Station,Mars Surface Rover>Mars Orbiter>Lunar Relay Satellite 2>Lunar Relay Satellite 1>Earth Ground Station,729.26,-91.27,517,238,3600,Normal
626,2026-08-01T03:37:38,Rover-2,Earth Ground Station,Mars Surface Rover>Mars Orbiter>Lunar Relay Satellite 2>Lunar Relay Satellite 1>Earth Ground Station,718.91,-98.63,509,238,3600,Normal
1038,2026-08-01T03:38:07,Rover-3,Earth Ground Station,Mars Surface Rover>Mars Orbiter>Lunar Relay Satellite 2>Lunar Relay Satellite 1>Earth Ground Station,721.41,-94.06,503,260,3600,Normal
219,2026-08-01T03:38:24,Rover-1,Earth Ground Station,Mars Surface Rover>Mars Orbiter>Lunar Relay Satellite 2>Lunar Relay Satellite 1>Earth Ground Station,721.74,-95.83,535,271,3600,Normal
627,2026-08-01T03:39:05,Rover-2,Earth Ground Station,Mars Surface Rover>Mars Orbiter>Lunar Relay Satellite 2>Lunar Relay Satellite 1>Earth Ground Station,735.29,-90.58,519,256,3600,Normal
1039,2026-08-01T03:39:12,Rover-3,Earth Ground Station,Mars Surface Rover>Mars Orbiter>Lunar Relay Satellite 2>Lunar Relay Satellite 1>Earth Ground Station,705.27,-94.83,467,244,3600,Normal
220,2026-08-01T03:39:35,Rover-1,Earth Ground Station,Mars Surface Rover>Mars Orbiter>Lunar Relay Satellite 2>Lunar Relay Satellite 1>Earth Ground Station,702.68,-94.9,502,274,3600,Normal
221,2026-08-01T03:40:07,Rover-1,Earth Ground Station,Mars Surface Rover>Mars Orbiter>Lunar Relay Satellite 2>Lunar Relay Satellite 1>Earth Ground Station,728.22,-92.31,506,245,3600,Normal
628,2026-08-01T03:40:11,Rover-2,Earth Ground Station,Mars Surface Rover>Mars Orbiter>Lunar Relay Satellite 2>Lunar Relay Satellite 1>Earth Ground Station,727.67,-96.14,473,266,3600,Normal
1040,2026-08-01T03:40:26,Rover-3,Earth Ground Station,Mars Surface Rover>Mars Orbiter>Lunar Relay Satellite 2>Lunar Relay Satellite 1>Earth Ground Station,723.93,-97.7,505,267,3600,Normal
629,2026-08-01T03:40:52,Rover-2,Earth Ground Station,Mars Surface Rover>Mars Orbiter>Lunar Relay Satellite 2>Lunar Relay Satellite 1>Earth Ground Station,739.4,-91.84,482,243,3600,Normal
222,2026-08-01T03:41:00,Rover-1,Earth Ground Station,Mars Surface Rover>Mars Orbiter>Lunar Relay Satellite 2>Lunar Relay Satellite 1>Earth Ground Station,702.69,-96.76,516,275,3600,Normal
630,2026-08-01T03:41:24,Rover-2,Earth Ground Station,Mars Surface Rover>Mars Orbiter>Lunar Relay Satellite 2>Lunar Relay Satellite 1>Earth Ground Station,716.69,-99.64,505,276,3600,Normal
1041,2026-08-01T03:41:30,Rover-3,Earth Ground Station,Mars Surface Rover>Mars Orbiter>Lunar Relay Satellite 2>Lunar Relay Satellite 1>Earth Ground Station,728.39,-91.89,529,265,3600,Normal
223,2026-08-01T03:41:52,Rover-1,Earth Ground Station,Mars Surface Rover>Mars Orbiter>Lunar Relay Satellite 2>Lunar Relay Satellite 1>Earth Ground Station,701.02,-92.87,559,274,3600,Normal
631,2026-08-01T03:42:34,Rover-2,Earth Ground Station,Mars Surface Rover>Mars Orbiter>Lunar Relay Satellite 2>Lunar Relay Satellite 1>Earth Ground Station,704.79,-95.9,493,265,3600,Normal
1042,2026-08-01T03:42:45,Rover-3,Earth Ground Station,Mars Surface Rover>Mars Orbiter>Lunar Relay Satellite 2>Lunar Relay Satellite 1>Earth Ground Station,723.2,-94.87,521,254,3600,Normal
224,2026-08-01T03:43:14,Rover-1,Earth Ground Station,Mars Surface Rover>Mars Orbiter>Lunar Relay Satellite 2>Lunar Relay Satellite 1>Earth Ground Station,718.04,-96.55,526,259,3600,Normal
225,2026-08-01T03:43:45,Rover-1,Earth Ground Station,Mars Surface Rover>Mars Orbiter>Lunar Relay Satellite 2>Lunar Relay Satellite 1>Earth Ground Station,700.58,-93.42,562,267,3600,Normal
1043,2026-08-01T03:43:50,Rover-3,Earth Ground Station,Mars Surface Rover>Mars Orbiter>Lunar Relay Satellite 2>Lunar Relay Satellite 1>Earth Ground Station,702.62,-94.48,492,252,3600,Normal
632,2026-08-01T03:43:55,Rover-2,Earth Ground Station,Mars Surface Rover>Mars Orbiter>Lunar Relay Satellite 2>Lunar Relay Satellite 1>Earth Ground Station,701.29,-93.94,501,248,3600,Normal
226,2026-08-01T03:44:28,Rover-1,Earth Ground Station,Mars Surface Rover>Mars Orbiter>Lunar Relay Satellite 2>Lunar Relay Satellite 1>Earth Ground Station,701.36,-97.52,482,244,3600,Normal
633,2026-08-01T03:44:42,Rover-2,Earth Ground Station,Mars Surface Rover>Mars Orbiter>Lunar Relay Satellite 2>Lunar Relay Satellite 1>Earth Ground Station,720.85,-98.96,462,264,3600,Normal
1044,2026-08-01T03:44:58,Rover-3,Earth Ground Station,Mars Surface Rover>Mars Orbiter>Lunar Relay Satellite 2>Lunar Relay Satellite 1>Earth Ground Station,703.1,-97.98,539,251,3600,Normal
634,2026-08-01T03:45:49,Rover-2,Earth Ground Station,Mars Surface Rover>Mars Orbiter>Lunar Relay Satellite 2>Lunar Relay Satellite 1>Earth Ground Station,720.97,-94.24,503,241,3600,Normal
227,2026-08-01T03:45:53,Rover-1,Earth Ground Station,Mars Surface Rover>Mars Orbiter>Lunar Relay Satellite 2>Lunar Relay Satellite 1>Earth Ground Station,708.47,-97.61,541,259,3600,Normal
1045,2026-08-01T03:45:59,Rover-3,Earth Ground Station,Mars Surface Rover>Mars Orbiter>Lunar Relay Satellite 2>Lunar Relay Satellite 1>Earth Ground Station,726.26,-90.83,483,241,3600,Normal
228,2026-08-01T03:46:40,Rover-1,Earth Ground Station,Mars Surface Rover>Mars Orbiter>Lunar Relay Satellite 2>Lunar Relay Satellite 1>Earth Ground Station,735.48,-91.62,474,245,3600,Normal
635,2026-08-01T03:46:56,Rover-2,Earth Ground Station,Mars Surface Rover>Mars Orbiter>Lunar Relay Satellite 2>Lunar Relay Satellite 1>Earth Ground Station,723.57,-99.42,471,239,3600,Normal
1046,2026-08-01T03:47:06,Rover-3,Earth Ground Station,Mars Surface Rover>Mars Orbiter>Lunar Relay Satellite 2>Lunar Relay Satellite 1>Earth Ground Station,737.42,-96.29,460,241,3600,Normal
229,2026-08-01T03:47:21,Rover-1,Earth Ground Station,Mars Surface Rover>Mars Orbiter>Lunar Relay Satellite 2>Lunar Relay Satellite 1>Earth Ground Station,703.15,-98.48,474,250,3600,Normal
1047,2026-08-01T03:47:45,Rover-3,Earth Ground Station,Mars Surface Rover>Mars Orbiter>Lunar Relay Satellite 2>Lunar Relay Satellite 1>Earth Ground Station,717.97,-93.02,523,253,3600,Normal
636,2026-08-01T03:48:15,Rover-2,Earth Ground Station,Mars Surface Rover>Mars Orbiter>Lunar Relay Satellite 2>Lunar Relay Satellite 1>Earth Ground Station,702.76,-92.97,515,249,3600,Normal
1048,2026-08-01T03:48:28,Rover-3,Earth Ground Station,Mars Surface Rover>Mars Orbiter>Lunar Relay Satellite 2>Lunar Relay Satellite 1>Earth Ground Station,727.84,-93.26,519,272,3600,Normal
230,2026-08-01T03:48:41,Rover-1,Earth Ground Station,Mars Surface Rover>Mars Orbiter>Lunar Relay Satellite 2>Lunar Relay Satellite 1>Earth Ground Station,708.68,-93.33,478,237,3600,Normal
637,2026-08-01T03:49:11,Rover-2,Earth Ground Station,Mars Surface Rover>Mars Orbiter>Lunar Relay Satellite 2>Lunar Relay Satellite 1>Earth Ground Station,709.81,-96.47,519,254,3600,Normal
1049,2026-08-01T03:49:17,Rover-3,Earth Ground Station,Mars Surface Rover>Mars Orbiter>Lunar Relay Satellite 2>Lunar Relay Satellite 1>Earth Ground Station,738.08,-99.15,534,273,3600,Normal
638,2026-08-01T03:49:52,Rover-2,Earth Ground Station,Mars Surface Rover>Mars Orbiter>Lunar Relay Satellite 2>Lunar Relay Satellite 1>Earth Ground Station,710.3,-91.62,523,263,3600,Normal
1050,2026-08-01T03:49:52,Rover-3,Earth Ground Station,Mars Surface Rover>Mars Orbiter>Lunar Relay Satellite 2>Lunar Relay Satellite 1>Earth Ground Station,723.57,-96.06,513,270,3600,Normal
231,2026-08-01T03:49:58,Rover-1,Earth Ground Station,Mars Surface Rover>Mars Orbiter>Lunar Relay Satellite 2>Lunar Relay Satellite 1>Earth Ground Station,716.59,-91.33,467,253,3600,Normal
639,2026-08-01T03:50:24,Rover-2,Earth Ground Station,Mars Surface Rover>Mars Orbiter>Lunar Relay Satellite 2>Lunar Relay Satellite 1>Earth Ground Station,715.5,-98.6,531,237,3600,Normal
232,2026-08-01T03:50:51,Rover-1,Earth Ground Station,Mars Surface Rover>Mars Orbiter>Lunar Relay Satellite 2>Lunar Relay Satellite 1>Earth Ground Station,720.57,-91.29,512,274,3600,Normal
1051,2026-08-01T03:51:16,Rover-3,Earth Ground Station,Mars Surface Rover>Mars Orbiter>Lunar Relay Satellite 2>Lunar Relay Satellite 1>Earth Ground Station,711.11,-93.76,517,237,3600,Normal
233,2026-08-01T03:51:23,Rover-1,Earth Ground Station,Mars Surface Rover>Mars Orbiter>Lunar Relay Satellite 2>Lunar Relay Satellite 1>Earth Ground Station,729.82,-98.88,528,247,3600,Normal
640,2026-08-01T03:51:24,Rover-2,Earth Ground Station,Mars Surface Rover>Mars Orbiter>Lunar Relay Satellite 2>Lunar Relay Satellite 1>Earth Ground Station,738.18,-98.77,462,269,3600,Normal
641,2026-08-01T03:52:13,Rover-2,Earth Ground Station,Mars Surface Rover>Mars Orbiter>Lunar Relay Satellite 2>Lunar Relay Satellite 1>Earth Ground Station,711.83,-98.26,548,263,3600,Normal
1052,2026-08-01T03:52:31,Rover-3,Earth Ground Station,Mars Surface Rover>Mars Orbiter>Lunar Relay Satellite 2>Lunar Relay Satellite 1>Earth Ground Station,722.59,-99.55,472,247,3600,Normal
234,2026-08-01T03:52:34,Rover-1,Earth Ground Station,Mars Surface Rover>Mars Orbiter>Lunar Relay Satellite 2>Lunar Relay Satellite 1>Earth Ground Station,740.05,-90.83,509,251,3600,Normal
1053,2026-08-01T03:53:02,Rover-3,Earth Ground Station,Mars Surface Rover>Mars Orbiter>Lunar Relay Satellite 2>Lunar Relay Satellite 1>Earth Ground Station,708.56,-96.92,501,248,3600,Normal
642,2026-08-01T03:53:38,Rover-2,Earth Ground Station,Mars Surface Rover>Mars Orbiter>Lunar Relay Satellite 2>Lunar Relay Satellite 1>Earth Ground Station,708.25,-93.1,536,267,3600,Normal
235,2026-08-01T03:53:47,Rover-1,Earth Ground Station,Mars Surface Rover>Mars Orbiter>Lunar Relay Satellite 2>Lunar Relay Satellite 1>Earth Ground Station,703.06,-97.02,506,272,3600,Normal
1054,2026-08-01T03:53:56,Rover-3,Earth Ground Station,Mars Surface Rover>Mars Orbiter>Lunar Relay Satellite 2>Lunar Relay Satellite 1>Earth Ground Station,715.94,-94.38,482,242,3600,Normal
643,2026-08-01T03:54:28,Rover-2,Earth Ground Station,Mars Surface Rover>Mars Orbiter>Lunar Relay Satellite 2>Lunar Relay Satellite 1>Earth Ground Station,710.04,-94.21,526,243,3600,Normal
1055,2026-08-01T03:54:34,Rover-3,Earth Ground Station,Mars Surface Rover>Mars Orbiter>Lunar Relay Satellite 2>Lunar Relay Satellite 1>Earth Ground Station,706.53,-93.9,555,269,3600,Normal
236,2026-08-01T03:54:37,Rover-1,Earth Ground Station,Mars Surface Rover>Mars Orbiter>Lunar Relay Satellite 2>Lunar Relay Satellite 1>Earth Ground Station,724.68,-90.87,488,261,3600,Normal
644,2026-08-01T03:55:11,Rover-2,Earth Ground Station,Mars Surface Rover>Mars Orbiter>Lunar Relay Satellite 2>Lunar Relay Satellite 1>Earth Ground Station,737.86,-94.12,510,256,3600,Normal
1056,2026-08-01T03:55:13,Rover-3,Earth Ground Station,Mars Surface Rover>Mars Orbiter>Lunar Relay Satellite 2>Lunar Relay Satellite 1>Earth Ground Station,710.86,-98.54,473,235,3600,Normal
237,2026-08-01T03:55:42,Rover-1,Earth Ground Station,Mars Surface Rover>Mars Orbiter>Lunar Relay Satellite 2>Lunar Relay Satellite 1>Earth Ground Station,729.17,-93.87,521,247,3600,Normal
645,2026-08-01T03:56:04,Rover-2,Earth Ground Station,Mars Surface Rover>Mars Orbiter>Lunar Relay Satellite 2>Lunar Relay Satellite 1>Earth Ground Station,733.87,-95.15,477,248,3600,Normal
1057,2026-08-01T03:56:24,Rover-3,Earth Ground Station,Mars Surface Rover>Mars Orbiter>Lunar Relay Satellite 2>Lunar Relay Satellite 1>Earth Ground Station,699.08,-97.1,510,253,3600,Normal
238,2026-08-01T03:56:44,Rover-1,Earth Ground Station,Mars Surface Rover>Mars Orbiter>Lunar Relay Satellite 2>Lunar Relay Satellite 1>Earth Ground Station,724.55,-91.19,532,270,3600,Normal
1058,2026-08-01T03:57:02,Rover-3,Earth Ground Station,Mars Surface Rover>Mars Orbiter>Lunar Relay Satellite 2>Lunar Relay Satellite 1>Earth Ground Station,702.06,-96.35,503,254,3600,Normal
646,2026-08-01T03:57:06,Rover-2,Earth Ground Station,Mars Surface Rover>Mars Orbiter>Lunar Relay Satellite 2>Lunar Relay Satellite 1>Earth Ground Station,715.83,-97.66,514,258,3600,Normal
647,2026-08-01T03:57:47,Rover-2,Earth Ground Station,Mars Surface Rover>Mars Orbiter>Lunar Relay Satellite 2>Lunar Relay Satellite 1>Earth Ground Station,706.73,-98.16,546,245,3600,Normal
239,2026-08-01T03:57:55,Rover-1,Earth Ground Station,Mars Surface Rover>Mars Orbiter>Lunar Relay Satellite 2>Lunar Relay Satellite 1>Earth Ground Station,736.32,-95.49,549,253,3600,Normal
1059,2026-08-01T03:58:22,Rover-3,Earth Ground Station,Mars Surface Rover>Mars Orbiter>Lunar Relay Satellite 2>Lunar Relay Satellite 1>Earth Ground Station,728.44,-99.09,524,254,3600,Normal
648,2026-08-01T03:58:46,Rover-2,Earth Ground Station,Mars Surface Rover>Mars Orbiter>Lunar Relay Satellite 2>Lunar Relay Satellite 1>Earth Ground Station,700.58,-93.67,481,250,3600,Normal
1060,2026-08-01T03:59:19,Rover-3,Earth Ground Station,Mars Surface Rover>Mars Orbiter>Lunar Relay Satellite 2>Lunar Relay Satellite 1>Earth Ground Station,722.25,-94.53,497,243,3600,Normal
240,2026-08-01T03:59:21,Rover-1,Earth Ground Station,Mars Surface Rover>Mars Orbiter>Lunar Relay Satellite 2>Lunar Relay Satellite 1>Earth Ground Station,708.27,-93.47,507,252,3600,Normal
649,2026-08-01T03:59:45,Rover-2,Earth Ground Station,Mars Surface Rover>Mars Orbiter>Lunar Relay Satellite 2>Lunar Relay Satellite 1>Earth Ground Station,720.22,-96.29,473,236,3600,Normal
241,2026-08-01T03:59:57,Rover-1,Earth Ground Station,Mars Surface Rover>Mars Orbiter>Lunar Relay Satellite 2>Lunar Relay Satellite 1>Earth Ground Station,711.9,-93.22,486,274,3600,Normal
1061,2026-08-01T04:00:27,Rover-3,Earth Ground Station,Mars Surface Rover>Mars Orbiter>Lunar Relay Satellite 2>Lunar Relay Satellite 1>Earth Ground Station,698.72,-94.98,535,264,3600,Normal
650,2026-08-01T04:00:38,Rover-2,Earth Ground Station,Mars Surface Rover>Mars Orbiter>Lunar Relay Satellite 2>Lunar Relay Satellite 1>Earth Ground Station,719.52,-94.49,559,254,3600,Normal
242,2026-08-01T04:01:10,Rover-1,Earth Ground Station,Mars Surface Rover>Mars Orbiter>Lunar Relay Satellite 2>Lunar Relay Satellite 1>Earth Ground Station,738.27,-90.89,545,239,3600,Normal
1062,2026-08-01T04:01:14,Rover-3,Earth Ground Station,Mars Surface Rover>Mars Orbiter>Lunar Relay Satellite 2>Lunar Relay Satellite 1>Earth Ground Station,716.15,-95.44,498,275,3600,Normal
651,2026-08-01T04:01:43,Rover-2,Earth Ground Station,Mars Surface Rover>Mars Orbiter>Lunar Relay Satellite 2>Lunar Relay Satellite 1>Earth Ground Station,713.51,-91.8,552,266,3600,Normal
243,2026-08-01T04:01:46,Rover-1,Earth Ground Station,Mars Surface Rover>Mars Orbiter>Lunar Relay Satellite 2>Lunar Relay Satellite 1>Earth Ground Station,730.57,-93.79,474,237,3600,Normal
1063,2026-08-01T04:02:20,Rover-3,Earth Ground Station,Mars Surface Rover>Mars Orbiter>Lunar Relay Satellite 2>Lunar Relay Satellite 1>Earth Ground Station,719.28,-93.75,520,274,3600,Normal
244,2026-08-01T04:02:51,Rover-1,Earth Ground Station,Mars Surface Rover>Mars Orbiter>Lunar Relay Satellite 2>Lunar Relay Satellite 1>Earth Ground Station,722.66,-96.62,502,271,3600,Normal
1064,2026-08-01T04:02:55,Rover-3,Earth Ground Station,Mars Surface Rover>Mars Orbiter>Lunar Relay Satellite 2>Lunar Relay Satellite 1>Earth Ground Station,704.54,-97.2,561,275,3600,Normal
652,2026-08-01T04:02:57,Rover-2,Earth Ground Station,Mars Surface Rover>Mars Orbiter>Lunar Relay Satellite 2>Lunar Relay Satellite 1>Earth Ground Station,702.3,-90.51,465,270,3600,Normal
1065,2026-08-01T04:04:14,Rover-3,Earth Ground Station,Mars Surface Rover>Mars Orbiter>Lunar Relay Satellite 2>Lunar Relay Satellite 1>Earth Ground Station,710.47,-95.16,514,260,3600,Normal
653,2026-08-01T04:04:16,Rover-2,Earth Ground Station,Mars Surface Rover>Mars Orbiter>Lunar Relay Satellite 2>Lunar Relay Satellite 1>Earth Ground Station,740.08,-98.39,527,263,3600,Normal
245,2026-08-01T04:04:21,Rover-1,Earth Ground Station,Mars Surface Rover>Mars Orbiter>Lunar Relay Satellite 2>Lunar Relay Satellite 1>Earth Ground Station,730.81,-98.5,534,275,3600,Normal
1066,2026-08-01T04:04:59,Rover-3,Earth Ground Station,Mars Surface Rover>Mars Orbiter>Lunar Relay Satellite 2>Lunar Relay Satellite 1>Earth Ground Station,718.81,-97.3,559,238,3600,Normal
654,2026-08-01T04:05:03,Rover-2,Earth Ground Station,Mars Surface Rover>Mars Orbiter>Lunar Relay Satellite 2>Lunar Relay Satellite 1>Earth Ground Station,726.55,-95.13,549,275,3600,Normal
246,2026-08-01T04:05:29,Rover-1,Earth Ground Station,Mars Surface Rover>Mars Orbiter>Lunar Relay Satellite 2>Lunar Relay Satellite 1>Earth Ground Station,711.9,-91.23,512,241,3600,Normal
1067,2026-08-01T04:06:09,Rover-3,Earth Ground Station,Mars Surface Rover>Mars Orbiter>Lunar Relay Satellite 2>Lunar Relay Satellite 1>Earth Ground Station,721.69,-95.76,523,272,3600,Normal
655,2026-08-01T04:06:16,Rover-2,Earth Ground Station,Mars Surface Rover>Mars Orbiter>Lunar Relay Satellite 2>Lunar Relay Satellite 1>Earth Ground Station,698.78,-98.91,527,260,3600,Normal
247,2026-08-01T04:06:29,Rover-1,Earth Ground Station,Mars Surface Rover>Mars Orbiter>Lunar Relay Satellite 2>Lunar Relay Satellite 1>Earth Ground Station,708.09,-91.28,547,250,3600,Normal
656,2026-08-01T04:06:46,Rover-2,Earth Ground Station,Mars Surface Rover>Mars Orbiter>Lunar Relay Satellite 2>Lunar Relay Satellite 1>Earth Ground Station,708.07,-96.03,557,264,3600,Normal
1068,2026-08-01T04:07:13,Rover-3,Earth Ground Station,Mars Surface Rover>Mars Orbiter>Lunar Relay Satellite 2>Lunar Relay Satellite 1>Earth Ground Station,732.03,-94.7,513,254,3600,Normal
248,2026-08-01T04:07:47,Rover-1,Earth Ground Station,Mars Surface Rover>Mars Orbiter>Lunar Relay Satellite 2>Lunar Relay Satellite 1>Earth Ground Station,710.43,-92.4,504,258,3600,Normal
657,2026-08-01T04:08:01,Rover-2,Earth Ground Station,Mars Surface Rover>Mars Orbiter>Lunar Relay Satellite 2>Lunar Relay Satellite 1>Earth Ground Station,726.17,-94.28,499,249,3600,Normal
1069,2026-08-01T04:08:29,Rover-3,Earth Ground Station,Mars Surface Rover>Mars Orbiter>Lunar Relay Satellite 2>Lunar Relay Satellite 1>Earth Ground Station,712.72,-93.6,560,247,3600,Normal
658,2026-08-01T04:08:47,Rover-2,Earth Ground Station,Mars Surface Rover>Mars Orbiter>Lunar Relay Satellite 2>Lunar Relay Satellite 1>Earth Ground Station,707.83,-93.12,514,261,3600,Normal
249,2026-08-01T04:09:06,Rover-1,Earth Ground Station,Mars Surface Rover>Mars Orbiter>Lunar Relay Satellite 2>Lunar Relay Satellite 1>Earth Ground Station,733.76,-96.08,526,236,3600,Normal
1070,2026-08-01T04:09:09,Rover-3,Earth Ground Station,Mars Surface Rover>Mars Orbiter>Lunar Relay Satellite 2>Lunar Relay Satellite 1>Earth Ground Station,699.93,-99.02,537,265,3600,Normal
659,2026-08-01T04:09:54,Rover-2,Earth Ground Station,Mars Surface Rover>Mars Orbiter>Lunar Relay Satellite 2>Lunar Relay Satellite 1>Earth Ground Station,702.82,-95.11,528,270,3600,Normal
1071,2026-08-01T04:10:15,Rover-3,Earth Ground Station,Mars Surface Rover>Mars Orbiter>Lunar Relay Satellite 2>Lunar Relay Satellite 1>Earth Ground Station,709.65,-96.23,520,258,3600,Normal
250,2026-08-01T04:10:35,Rover-1,Earth Ground Station,Mars Surface Rover>Mars Orbiter>Lunar Relay Satellite 2>Lunar Relay Satellite 1>Earth Ground Station,726.82,-96.84,463,246,3600,Normal
660,2026-08-01T04:10:47,Rover-2,Earth Ground Station,Mars Surface Rover>Mars Orbiter>Lunar Relay Satellite 2>Lunar Relay Satellite 1>Earth Ground Station,722.65,-95.89,489,263,3600,Normal
1072,2026-08-01T04:11:27,Rover-3,Earth Ground Station,Mars Surface Rover>Mars Orbiter>Lunar Relay Satellite 2>Lunar Relay Satellite 1>Earth Ground Station,741.18,-97.93,524,247,3600,Normal
661,2026-08-01T04:11:47,Rover-2,Earth Ground Station,Mars Surface Rover>Mars Orbiter>Lunar Relay Satellite 2>Lunar Relay Satellite 1>Earth Ground Station,701.16,-99.64,526,270,3600,Normal
251,2026-08-01T04:11:53,Rover-1,Earth Ground Station,Mars Surface Rover>Mars Orbiter>Lunar Relay Satellite 2>Lunar Relay Satellite 1>Earth Ground Station,711.75,-93.48,461,271,3600,Normal
1073,2026-08-01T04:12:02,Rover-3,Earth Ground Station,Mars Surface Rover>Mars Orbiter>Lunar Relay Satellite 2>Lunar Relay Satellite 1>Earth Ground Station,703.88,-90.98,541,245,3600,Normal
662,2026-08-01T04:12:33,Rover-2,Earth Ground Station,Mars Surface Rover>Mars Orbiter>Lunar Relay Satellite 2>Lunar Relay Satellite 1>Earth Ground Station,726.74,-99.3,527,243,3600,Normal
252,2026-08-01T04:12:59,Rover-1,Earth Ground Station,Mars Surface Rover>Mars Orbiter>Lunar Relay Satellite 2>Lunar Relay Satellite 1>Earth Ground Station,726.8,-90.91,536,275,3600,Normal
1074,2026-08-01T04:13:11,Rover-3,Earth Ground Station,Mars Surface Rover>Mars Orbiter>Lunar Relay Satellite 2>Lunar Relay Satellite 1>Earth Ground Station,710.54,-98.4,462,240,3600,Normal
253,2026-08-01T04:13:34,Rover-1,Earth Ground Station,Mars Surface Rover>Mars Orbiter>Lunar Relay Satellite 2>Lunar Relay Satellite 1>Earth Ground Station,730.63,-92.29,503,249,3600,Normal
663,2026-08-01T04:13:36,Rover-2,Earth Ground Station,Mars Surface Rover>Mars Orbiter>Lunar Relay Satellite 2>Lunar Relay Satellite 1>Earth Ground Station,731.47,-98.8,543,268,3600,Normal
1075,2026-08-01T04:13:52,Rover-3,Earth Ground Station,Mars Surface Rover>Mars Orbiter>Lunar Relay Satellite 2>Lunar Relay Satellite 1>Earth Ground Station,737.72,-97.27,528,250,3600,Normal
254,2026-08-01T04:14:27,Rover-1,Earth Ground Station,Mars Surface Rover>Mars Orbiter>Lunar Relay Satellite 2>Lunar Relay Satellite 1>Earth Ground Station,711.86,-93.33,557,259,3600,Normal
1076,2026-08-01T04:14:33,Rover-3,Earth Ground Station,Mars Surface Rover>Mars Orbiter>Lunar Relay Satellite 2>Lunar Relay Satellite 1>Earth Ground Station,709.69,-96.91,510,268,3600,Normal
664,2026-08-01T04:14:44,Rover-2,Earth Ground Station,Mars Surface Rover>Mars Orbiter>Lunar Relay Satellite 2>Lunar Relay Satellite 1>Earth Ground Station,715.86,-93.29,475,236,3600,Normal
665,2026-08-01T04:15:45,Rover-2,Earth Ground Station,Mars Surface Rover>Mars Orbiter>Lunar Relay Satellite 2>Lunar Relay Satellite 1>Earth Ground Station,741.49,-92.71,503,251,3600,Normal
255,2026-08-01T04:15:53,Rover-1,Earth Ground Station,Mars Surface Rover>Mars Orbiter>Lunar Relay Satellite 2>Lunar Relay Satellite 1>Earth Ground Station,700.67,-91.75,524,263,3600,Normal
1077,2026-08-01T04:15:58,Rover-3,Earth Ground Station,Mars Surface Rover>Mars Orbiter>Lunar Relay Satellite 2>Lunar Relay Satellite 1>Earth Ground Station,699.83,-99.6,559,259,3600,Normal
666,2026-08-01T04:16:17,Rover-2,Earth Ground Station,Mars Surface Rover>Mars Orbiter>Lunar Relay Satellite 2>Lunar Relay Satellite 1>Earth Ground Station,723.59,-99.7,544,249,3600,Normal
256,2026-08-01T04:16:40,Rover-1,Earth Ground Station,Mars Surface Rover>Mars Orbiter>Lunar Relay Satellite 2>Lunar Relay Satellite 1>Earth Ground Station,717.54,-94.28,522,252,3600,Normal
1078,2026-08-01T04:17:20,Rover-3,Earth Ground Station,Mars Surface Rover>Mars Orbiter>Lunar Relay Satellite 2>Lunar Relay Satellite 1>Earth Ground Station,705.06,-94.96,562,267,3600,Normal
257,2026-08-01T04:17:23,Rover-1,Earth Ground Station,Mars Surface Rover>Mars Orbiter>Lunar Relay Satellite 2>Lunar Relay Satellite 1>Earth Ground Station,731.01,-91.33,504,247,3600,Normal
667,2026-08-01T04:17:32,Rover-2,Earth Ground Station,Mars Surface Rover>Mars Orbiter>Lunar Relay Satellite 2>Lunar Relay Satellite 1>Earth Ground Station,708.01,-95.33,541,272,3600,Normal
1079,2026-08-01T04:18:05,Rover-3,Earth Ground Station,Mars Surface Rover>Mars Orbiter>Lunar Relay Satellite 2>Lunar Relay Satellite 1>Earth Ground Station,726.94,-97.15,477,259,3600,Normal
258,2026-08-01T04:18:36,Rover-1,Earth Ground Station,Mars Surface Rover>Mars Orbiter>Lunar Relay Satellite 2>Lunar Relay Satellite 1>Earth Ground Station,724.02,-95.26,492,244,3600,Normal
668,2026-08-01T04:18:44,Rover-2,Earth Ground Station,Mars Surface Rover>Mars Orbiter>Lunar Relay Satellite 2>Lunar Relay Satellite 1>Earth Ground Station,713.89,-93.1,478,262,3600,Normal
1080,2026-08-01T04:19:28,Rover-3,Earth Ground Station,Mars Surface Rover>Mars Orbiter>Lunar Relay Satellite 2>Lunar Relay Satellite 1>Earth Ground Station,713.31,-96.35,538,240,3600,Normal
259,2026-08-01T04:19:44,Rover-1,Earth Ground Station,Mars Surface Rover>Mars Orbiter>Lunar Relay Satellite 2>Lunar Relay Satellite 1>Earth Ground Station,700.77,-92.19,557,266,3600,Normal
669,2026-08-01T04:19:49,Rover-2,Earth Ground Station,Mars Surface Rover>Mars Orbiter>Lunar Relay Satellite 2>Lunar Relay Satellite 1>Earth Ground Station,706.23,-91.18,473,246,3600,Normal
1081,2026-08-01T04:19:58,Rover-3,Earth Ground Station,Mars Surface Rover>Mars Orbiter>Lunar Relay Satellite 2>Lunar Relay Satellite 1>Earth Ground Station,756.5,-90.45,509,274,3600,Spoofing
1082,2026-08-01T04:21:01,Rover-3,Earth Ground Station,Mars Surface Rover>Mars Orbiter>Lunar Relay Satellite 2>Lunar Relay Satellite 1>Earth Ground Station,677.82,-102.31,475,271,3600,Spoofing
260,2026-08-01T04:21:02,Rover-1,Earth Ground Station,Mars Surface Rover>Mars Orbiter>Lunar Relay Satellite 2>Lunar Relay Satellite 1>Earth Ground Station,709.44,-93.37,461,266,3600,Normal
670,2026-08-01T04:21:10,Rover-2,Earth Ground Station,Mars Surface Rover>Mars Orbiter>Lunar Relay Satellite 2>Lunar Relay Satellite 1>Earth Ground Station,722.55,-98.92,557,272,3600,Normal
261,2026-08-01T04:21:33,Rover-1,Earth Ground Station,Mars Surface Rover>Mars Orbiter>Lunar Relay Satellite 2>Lunar Relay Satellite 1>Earth Ground Station,734.52,-92.51,484,258,3600,Spoofing
1083,2026-08-01T04:21:49,Rover-3,Earth Ground Station,Mars Surface Rover>Mars Orbiter>Lunar Relay Satellite 2>Lunar Relay Satellite 1>Earth Ground Station,685.21,-95.54,515,274,3600,Spoofing
671,2026-08-01T04:22:11,Rover-2,Earth Ground Station,Mars Surface Rover>Mars Orbiter>Lunar Relay Satellite 2>Lunar Relay Satellite 1>Earth Ground Station,744.89,-92.12,537,248,3600,Spoofing
262,2026-08-01T04:22:18,Rover-1,Earth Ground Station,Mars Surface Rover>Mars Orbiter>Lunar Relay Satellite 2>Lunar Relay Satellite 1>Earth Ground Station,751.29,-96.3,462,273,3600,Spoofing
1084,2026-08-01T04:22:31,Rover-3,Earth Ground Station,Mars Surface Rover>Mars Orbiter>Lunar Relay Satellite 2>Lunar Relay Satellite 1>Earth Ground Station,705.74,-91.02,554,270,3600,Spoofing
672,2026-08-01T04:22:47,Rover-2,Earth Ground Station,Mars Surface Rover>Mars Orbiter>Lunar Relay Satellite 2>Lunar Relay Satellite 1>Earth Ground Station,731.61,-96.37,472,237,3600,Spoofing
1085,2026-08-01T04:22:57,Rover-3,Earth Ground Station,Mars Surface Rover>Mars Orbiter>Lunar Relay Satellite 2>Lunar Relay Satellite 1>Earth Ground Station,697.69,-97.94,508,263,3600,Spoofing
263,2026-08-01T04:23:14,Rover-1,Earth Ground Station,Mars Surface Rover>Mars Orbiter>Lunar Relay Satellite 2>Lunar Relay Satellite 1>Earth Ground Station,760.28,-89.39,490,252,3600,Spoofing
673,2026-08-01T04:23:46,Rover-2,Earth Ground Station,Mars Surface Rover>Mars Orbiter>Lunar Relay Satellite 2>Lunar Relay Satellite 1>Earth Ground Station,709.78,-91.55,512,271,3600,Spoofing
1086,2026-08-01T04:24:06,Rover-3,Earth Ground Station,Mars Surface Rover>Mars Orbiter>Lunar Relay Satellite 2>Lunar Relay Satellite 1>Earth Ground Station,724.11,-97.95,531,242,3600,Spoofing
674,2026-08-01T04:24:09,Rover-2,Earth Ground Station,Mars Surface Rover>Mars Orbiter>Lunar Relay Satellite 2>Lunar Relay Satellite 1>Earth Ground Station,762.09,-101.72,562,249,3600,Spoofing
264,2026-08-01T04:24:34,Rover-1,Earth Ground Station,Mars Surface Rover>Mars Orbiter>Lunar Relay Satellite 2>Lunar Relay Satellite 1>Earth Ground Station,749.76,-90.61,554,239,3600,Spoofing
675,2026-08-01T04:24:58,Rover-2,Earth Ground Station,Mars Surface Rover>Mars Orbiter>Lunar Relay Satellite 2>Lunar Relay Satellite 1>Earth Ground Station,705.54,-103.32,479,238,3600,Spoofing
1087,2026-08-01T04:25:19,Rover-3,Earth Ground Station,Mars Surface Rover>Mars Orbiter>Lunar Relay Satellite 2>Lunar Relay Satellite 1>Earth Ground Station,707.17,-98.85,514,263,3600,Spoofing
265,2026-08-01T04:25:31,Rover-1,Earth Ground Station,Mars Surface Rover>Mars Orbiter>Lunar Relay Satellite 2>Lunar Relay Satellite 1>Earth Ground Station,695.94,-99.77,549,266,3600,Spoofing
676,2026-08-01T04:25:38,Rover-2,Earth Ground Station,Mars Surface Rover>Mars Orbiter>Lunar Relay Satellite 2>Lunar Relay Satellite 1>Earth Ground Station,691.37,-99.52,488,266,3600,Spoofing
266,2026-08-01T04:25:55,Rover-1,Earth Ground Station,Mars Surface Rover>Mars Orbiter>Lunar Relay Satellite 2>Lunar Relay Satellite 1>Earth Ground Station,706.99,-98.89,513,272,3600,Spoofing
1088,2026-08-01T04:25:55,Rover-3,Earth Ground Station,Mars Surface Rover>Mars Orbiter>Lunar Relay Satellite 2>Lunar Relay Satellite 1>Earth Ground Station,733.53,-100.74,470,273,3600,Spoofing
677,2026-08-01T04:26:29,Rover-2,Earth Ground Station,Mars Surface Rover>Mars Orbiter>Lunar Relay Satellite 2>Lunar Relay Satellite 1>Earth Ground Station,713.9,-93.79,474,253,3600,Spoofing
267,2026-08-01T04:27:07,Rover-1,Earth Ground Station,Mars Surface Rover>Mars Orbiter>Lunar Relay Satellite 2>Lunar Relay Satellite 1>Earth Ground Station,691.79,-89.06,471,246,3600,Spoofing
1089,2026-08-01T04:27:15,Rover-3,Earth Ground Station,Mars Surface Rover>Mars Orbiter>Lunar Relay Satellite 2>Lunar Relay Satellite 1>Earth Ground Station,729.04,-92.88,558,239,3600,Spoofing
678,2026-08-01T04:27:19,Rover-2,Earth Ground Station,Mars Surface Rover>Mars Orbiter>Lunar Relay Satellite 2>Lunar Relay Satellite 1>Earth Ground Station,678.02,-91.96,481,250,3600,Spoofing
268,2026-08-01T04:28:15,Rover-1,Earth Ground Station,Mars Surface Rover>Mars Orbiter>Lunar Relay Satellite 2>Lunar Relay Satellite 1>Earth Ground Station,741.98,-99.44,539,255,3600,Spoofing
1090,2026-08-01T04:28:23,Rover-3,Earth Ground Station,Mars Surface Rover>Mars Orbiter>Lunar Relay Satellite 2>Lunar Relay Satellite 1>Earth Ground Station,736.9,-90.78,559,272,3600,Spoofing
679,2026-08-01T04:28:32,Rover-2,Earth Ground Station,Mars Surface Rover>Mars Orbiter>Lunar Relay Satellite 2>Lunar Relay Satellite 1>Earth Ground Station,696.35,-101.45,461,265,3600,Spoofing
269,2026-08-01T04:29:03,Rover-1,Earth Ground Station,Mars Surface Rover>Mars Orbiter>Lunar Relay Satellite 2>Lunar Relay Satellite 1>Earth Ground Station,704.73,-103.05,526,275,3600,Spoofing
680,2026-08-01T04:29:11,Rover-2,Earth Ground Station,Mars Surface Rover>Mars Orbiter>Lunar Relay Satellite 2>Lunar Relay Satellite 1>Earth Ground Station,747.98,-91.55,521,242,3600,Spoofing
1091,2026-08-01T04:29:12,Rover-3,Earth Ground Station,Mars Surface Rover>Mars Orbiter>Lunar Relay Satellite 2>Lunar Relay Satellite 1>Earth Ground Station,743.27,-98.29,507,276,3600,Spoofing
270,2026-08-01T04:29:43,Rover-1,Earth Ground Station,Mars Surface Rover>Mars Orbiter>Lunar Relay Satellite 2>Lunar Relay Satellite 1>Earth Ground Station,700.53,-87.41,506,247,3600,Spoofing
681,2026-08-01T04:29:49,Rover-2,Earth Ground Station,Mars Surface Rover>Mars Orbiter>Lunar Relay Satellite 2>Lunar Relay Satellite 1>Earth Ground Station,736.14,-88.74,514,253,3600,Spoofing
1092,2026-08-01T04:30:14,Rover-3,Earth Ground Station,Mars Surface Rover>Mars Orbiter>Lunar Relay Satellite 2>Lunar Relay Satellite 1>Earth Ground Station,743.94,-93.0,477,238,3600,Spoofing
271,2026-08-01T04:30:35,Rover-1,Earth Ground Station,Mars Surface Rover>Mars Orbiter>Lunar Relay Satellite 2>Lunar Relay Satellite 1>Earth Ground Station,701.6,-97.47,464,250,3600,Spoofing
1093,2026-08-01T04:30:55,Rover-3,Earth Ground Station,Mars Surface Rover>Mars Orbiter>Lunar Relay Satellite 2>Lunar Relay Satellite 1>Earth Ground Station,682.8,-103.2,544,242,3600,Spoofing
682,2026-08-01T04:31:06,Rover-2,Earth Ground Station,Mars Surface Rover>Mars Orbiter>Lunar Relay Satellite 2>Lunar Relay Satellite 1>Earth Ground Station,746.96,-86.78,477,272,3600,Spoofing
1094,2026-08-01T04:31:27,Rover-3,Earth Ground Station,Mars Surface Rover>Mars Orbiter>Lunar Relay Satellite 2>Lunar Relay Satellite 1>Earth Ground Station,743.22,-90.18,511,241,3600,Spoofing
683,2026-08-01T04:31:40,Rover-2,Earth Ground Station,Mars Surface Rover>Mars Orbiter>Lunar Relay Satellite 2>Lunar Relay Satellite 1>Earth Ground Station,691.4,-92.72,535,259,3600,Spoofing
272,2026-08-01T04:31:49,Rover-1,Earth Ground Station,Mars Surface Rover>Mars Orbiter>Lunar Relay Satellite 2>Lunar Relay Satellite 1>Earth Ground Station,759.25,-99.09,500,259,3600,Spoofing
273,2026-08-01T04:32:11,Rover-1,Earth Ground Station,Mars Surface Rover>Mars Orbiter>Lunar Relay Satellite 2>Lunar Relay Satellite 1>Earth Ground Station,717.89,-89.03,527,248,3600,Spoofing
1095,2026-08-01T04:32:28,Rover-3,Earth Ground Station,Mars Surface Rover>Mars Orbiter>Lunar Relay Satellite 2>Lunar Relay Satellite 1>Earth Ground Station,682.88,-98.89,487,236,3600,Spoofing
274,2026-08-01T04:32:34,Rover-1,Earth Ground Station,Mars Surface Rover>Mars Orbiter>Lunar Relay Satellite 2>Lunar Relay Satellite 1>Earth Ground Station,684.09,-97.5,546,275,3600,Spoofing
684,2026-08-01T04:32:41,Rover-2,Earth Ground Station,Mars Surface Rover>Mars Orbiter>Lunar Relay Satellite 2>Lunar Relay Satellite 1>Earth Ground Station,730.64,-96.61,526,267,3600,Spoofing
275,2026-08-01T04:32:56,Rover-1,Earth Ground Station,Mars Surface Rover>Mars Orbiter>Lunar Relay Satellite 2>Lunar Relay Satellite 1>Earth Ground Station,690.52,-92.83,505,256,3600,Spoofing
685,2026-08-01T04:33:04,Rover-2,Earth Ground Station,Mars Surface Rover>Mars Orbiter>Lunar Relay Satellite 2>Lunar Relay Satellite 1>Earth Ground Station,712.81,-92.95,462,263,3600,Spoofing
276,2026-08-01T04:33:34,Rover-1,Earth Ground Station,Mars Surface Rover>Mars Orbiter>Lunar Relay Satellite 2>Lunar Relay Satellite 1>Earth Ground Station,731.31,-92.17,530,237,3600,Spoofing
1096,2026-08-01T04:33:37,Rover-3,Earth Ground Station,Mars Surface Rover>Mars Orbiter>Lunar Relay Satellite 2>Lunar Relay Satellite 1>Earth Ground Station,757.4,-97.81,476,261,3600,Spoofing
686,2026-08-01T04:33:59,Rover-2,Earth Ground Station,Mars Surface Rover>Mars Orbiter>Lunar Relay Satellite 2>Lunar Relay Satellite 1>Earth Ground Station,677.6,-93.65,481,263,3600,Spoofing
1097,2026-08-01T04:34:14,Rover-3,Earth Ground Station,Mars Surface Rover>Mars Orbiter>Lunar Relay Satellite 2>Lunar Relay Satellite 1>Earth Ground Station,737.94,-99.63,500,235,3600,Spoofing
277,2026-08-01T04:34:15,Rover-1,Earth Ground Station,Mars Surface Rover>Mars Orbiter>Lunar Relay Satellite 2>Lunar Relay Satellite 1>Earth Ground Station,733.53,-101.95,489,265,3600,Spoofing
687,2026-08-01T04:34:25,Rover-2,Earth Ground Station,Mars Surface Rover>Mars Orbiter>Lunar Relay Satellite 2>Lunar Relay Satellite 1>Earth Ground Station,748.57,-88.24,522,241,3600,Spoofing
1098,2026-08-01T04:35:04,Rover-3,Earth Ground Station,Mars Surface Rover>Mars Orbiter>Lunar Relay Satellite 2>Lunar Relay Satellite 1>Earth Ground Station,723.47,-86.51,540,267,3600,Spoofing
278,2026-08-01T04:35:30,Rover-1,Earth Ground Station,Mars Surface Rover>Mars Orbiter>Lunar Relay Satellite 2>Lunar Relay Satellite 1>Earth Ground Station,703.6,-97.67,528,273,3600,Spoofing
688,2026-08-01T04:35:31,Rover-2,Earth Ground Station,Mars Surface Rover>Mars Orbiter>Lunar Relay Satellite 2>Lunar Relay Satellite 1>Earth Ground Station,729.42,-99.75,541,255,3600,Spoofing
1099,2026-08-01T04:36:08,Rover-3,Earth Ground Station,Mars Surface Rover>Mars Orbiter>Lunar Relay Satellite 2>Lunar Relay Satellite 1>Earth Ground Station,707.81,-98.11,518,273,3600,Spoofing
279,2026-08-01T04:36:32,Rover-1,Earth Ground Station,Mars Surface Rover>Mars Orbiter>Lunar Relay Satellite 2>Lunar Relay Satellite 1>Earth Ground Station,709.35,-99.99,556,248,3600,Spoofing
689,2026-08-01T04:36:44,Rover-2,Earth Ground Station,Mars Surface Rover>Mars Orbiter>Lunar Relay Satellite 2>Lunar Relay Satellite 1>Earth Ground Station,680.2,-94.94,532,247,3600,Spoofing
1100,2026-08-01T04:36:53,Rover-3,Earth Ground Station,Mars Surface Rover>Mars Orbiter>Lunar Relay Satellite 2>Lunar Relay Satellite 1>Earth Ground Station,750.53,-92.27,527,250,3600,Spoofing
690,2026-08-01T04:37:17,Rover-2,Earth Ground Station,Mars Surface Rover>Mars Orbiter>Lunar Relay Satellite 2>Lunar Relay Satellite 1>Earth Ground Station,684.49,-88.34,484,236,3600,Spoofing
280,2026-08-01T04:37:44,Rover-1,Earth Ground Station,Mars Surface Rover>Mars Orbiter>Lunar Relay Satellite 2>Lunar Relay Satellite 1>Earth Ground Station,755.64,-88.05,557,276,3600,Spoofing
1101,2026-08-01T04:38:06,Rover-3,Earth Ground Station,Mars Surface Rover>Mars Orbiter>Lunar Relay Satellite 2>Lunar Relay Satellite 1>Earth Ground Station,680.2,-93.02,527,242,3600,Spoofing
691,2026-08-01T04:38:13,Rover-2,Earth Ground Station,Mars Surface Rover>Mars Orbiter>Lunar Relay Satellite 2>Lunar Relay Satellite 1>Earth Ground Station,739.32,-88.18,470,256,3600,Spoofing
1102,2026-08-01T04:38:38,Rover-3,Earth Ground Station,Mars Surface Rover>Mars Orbiter>Lunar Relay Satellite 2>Lunar Relay Satellite 1>Earth Ground Station,718.83,-101.59,471,263,3600,Spoofing
281,2026-08-01T04:38:46,Rover-1,Earth Ground Station,Mars Surface Rover>Mars Orbiter>Lunar Relay Satellite 2>Lunar Relay Satellite 1>Earth Ground Station,695.31,-102.66,497,242,3600,Spoofing
692,2026-08-01T04:38:49,Rover-2,Earth Ground Station,Mars Surface Rover>Mars Orbiter>Lunar Relay Satellite 2>Lunar Relay Satellite 1>Earth Ground Station,681.13,-100.36,560,246,3600,Spoofing
1103,2026-08-01T04:39:26,Rover-3,Earth Ground Station,Mars Surface Rover>Mars Orbiter>Lunar Relay Satellite 2>Lunar Relay Satellite 1>Earth Ground Station,728.03,-94.82,480,265,3600,Spoofing
282,2026-08-01T04:39:37,Rover-1,Earth Ground Station,Mars Surface Rover>Mars Orbiter>Lunar Relay Satellite 2>Lunar Relay Satellite 1>Earth Ground Station,744.89,-95.13,476,247,3600,Spoofing
1104,2026-08-01T04:39:50,Rover-3,Earth Ground Station,Mars Surface Rover>Mars Orbiter>Lunar Relay Satellite 2>Lunar Relay Satellite 1>Earth Ground Station,746.94,-102.98,511,275,3600,Spoofing
693,2026-08-01T04:40:04,Rover-2,Earth Ground Station,Mars Surface Rover>Mars Orbiter>Lunar Relay Satellite 2>Lunar Relay Satellite 1>Earth Ground Station,740.61,-88.07,542,248,3600,Spoofing
1105,2026-08-01T04:40:11,Rover-3,Earth Ground Station,Mars Surface Rover>Mars Orbiter>Lunar Relay Satellite 2>Lunar Relay Satellite 1>Earth Ground Station,687.01,-100.25,541,237,3600,Spoofing
283,2026-08-01T04:40:31,Rover-1,Earth Ground Station,Mars Surface Rover>Mars Orbiter>Lunar Relay Satellite 2>Lunar Relay Satellite 1>Earth Ground Station,743.01,-88.69,464,249,3600,Spoofing
694,2026-08-01T04:41:12,Rover-2,Earth Ground Station,Mars Surface Rover>Mars Orbiter>Lunar Relay Satellite 2>Lunar Relay Satellite 1>Earth Ground Station,705.2,-101.75,474,262,3600,Spoofing
1106,2026-08-01T04:41:13,Rover-3,Earth Ground Station,Mars Surface Rover>Mars Orbiter>Lunar Relay Satellite 2>Lunar Relay Satellite 1>Earth Ground Station,740.83,-90.43,549,257,3600,Spoofing
284,2026-08-01T04:41:15,Rover-1,Earth Ground Station,Mars Surface Rover>Mars Orbiter>Lunar Relay Satellite 2>Lunar Relay Satellite 1>Earth Ground Station,754.79,-98.78,531,261,3600,Spoofing
285,2026-08-01T04:41:37,Rover-1,Earth Ground Station,Mars Surface Rover>Mars Orbiter>Lunar Relay Satellite 2>Lunar Relay Satellite 1>Earth Ground Station,701.42,-99.25,485,253,3600,Spoofing
1107,2026-08-01T04:41:37,Rover-3,Earth Ground Station,Mars Surface Rover>Mars Orbiter>Lunar Relay Satellite 2>Lunar Relay Satellite 1>Earth Ground Station,756.12,-87.23,527,254,3600,Spoofing
695,2026-08-01T04:42:11,Rover-2,Earth Ground Station,Mars Surface Rover>Mars Orbiter>Lunar Relay Satellite 2>Lunar Relay Satellite 1>Earth Ground Station,686.64,-93.29,498,249,3600,Spoofing
286,2026-08-01T04:42:25,Rover-1,Earth Ground Station,Mars Surface Rover>Mars Orbiter>Lunar Relay Satellite 2>Lunar Relay Satellite 1>Earth Ground Station,754.9,-89.77,559,267,3600,Spoofing
1108,2026-08-01T04:42:41,Rover-3,Earth Ground Station,Mars Surface Rover>Mars Orbiter>Lunar Relay Satellite 2>Lunar Relay Satellite 1>Earth Ground Station,747.71,-88.11,525,272,3600,Spoofing
696,2026-08-01T04:43:00,Rover-2,Earth Ground Station,Mars Surface Rover>Mars Orbiter>Lunar Relay Satellite 2>Lunar Relay Satellite 1>Earth Ground Station,732.86,-100.08,547,268,3600,Spoofing
697,2026-08-01T04:43:27,Rover-2,Earth Ground Station,Mars Surface Rover>Mars Orbiter>Lunar Relay Satellite 2>Lunar Relay Satellite 1>Earth Ground Station,685.76,-102.03,561,270,3600,Spoofing
287,2026-08-01T04:43:28,Rover-1,Earth Ground Station,Mars Surface Rover>Mars Orbiter>Lunar Relay Satellite 2>Lunar Relay Satellite 1>Earth Ground Station,709.79,-95.47,508,247,3600,Spoofing
1109,2026-08-01T04:43:40,Rover-3,Earth Ground Station,Mars Surface Rover>Mars Orbiter>Lunar Relay Satellite 2>Lunar Relay Satellite 1>Earth Ground Station,719.75,-100.12,544,239,3600,Spoofing
288,2026-08-01T04:43:58,Rover-1,Earth Ground Station,Mars Surface Rover>Mars Orbiter>Lunar Relay Satellite 2>Lunar Relay Satellite 1>Earth Ground Station,732.2,-101.4,474,245,3600,Spoofing
1110,2026-08-01T04:44:14,Rover-3,Earth Ground Station,Mars Surface Rover>Mars Orbiter>Lunar Relay Satellite 2>Lunar Relay Satellite 1>Earth Ground Station,740.56,-93.32,495,269,3600,Spoofing
698,2026-08-01T04:44:17,Rover-2,Earth Ground Station,Mars Surface Rover>Mars Orbiter>Lunar Relay Satellite 2>Lunar Relay Satellite 1>Earth Ground Station,707.78,-86.94,479,251,3600,Spoofing
1111,2026-08-01T04:44:41,Rover-3,Earth Ground Station,Mars Surface Rover>Mars Orbiter>Lunar Relay Satellite 2>Lunar Relay Satellite 1>Earth Ground Station,725.23,-91.65,546,269,3600,Replay
289,2026-08-01T04:44:53,Rover-1,Earth Ground Station,Mars Surface Rover>Mars Orbiter>Lunar Relay Satellite 2>Lunar Relay Satellite 1>Earth Ground Station,684.05,-89.19,513,240,3600,Spoofing
699,2026-08-01T04:45:20,Rover-2,Earth Ground Station,Mars Surface Rover>Mars Orbiter>Lunar Relay Satellite 2>Lunar Relay Satellite 1>Earth Ground Station,718.97,-101.63,552,255,3600,Spoofing
290,2026-08-01T04:45:41,Rover-1,Earth Ground Station,Mars Surface Rover>Mars Orbiter>Lunar Relay Satellite 2>Lunar Relay Satellite 1>Earth Ground Station,695.98,-94.16,505,274,3600,Spoofing
1112,2026-08-01T04:45:49,Rover-3,Earth Ground Station,Mars Surface Rover>Mars Orbiter>Lunar Relay Satellite 2>Lunar Relay Satellite 1>Earth Ground Station,737.09,-92.7,498,246,3600,Replay
700,2026-08-01T04:46:08,Rover-2,Earth Ground Station,Mars Surface Rover>Mars Orbiter>Lunar Relay Satellite 2>Lunar Relay Satellite 1>Earth Ground Station,735.37,-99.57,492,264,3600,Spoofing
1113,2026-08-01T04:46:19,Rover-3,Earth Ground Station,Mars Surface Rover>Mars Orbiter>Lunar Relay Satellite 2>Lunar Relay Satellite 1>Earth Ground Station,729.84,-96.54,557,273,3600,Replay
291,2026-08-01T04:46:23,Rover-1,Earth Ground Station,Mars Surface Rover>Mars Orbiter>Lunar Relay Satellite 2>Lunar Relay Satellite 1>Earth Ground Station,709.2,-98.28,481,250,3600,Replay
1114,2026-08-01T04:46:47,Rover-3,Earth Ground Station,Mars Surface Rover>Mars Orbiter>Lunar Relay Satellite 2>Lunar Relay Satellite 1>Earth Ground Station,709.24,-98.41,465,267,3600,Replay
292,2026-08-01T04:46:48,Rover-1,Earth Ground Station,Mars Surface Rover>Mars Orbiter>Lunar Relay Satellite 2>Lunar Relay Satellite 1>Earth Ground Station,716.03,-92.38,546,269,3600,Replay
701,2026-08-01T04:47:04,Rover-2,Earth Ground Station,Mars Surface Rover>Mars Orbiter>Lunar Relay Satellite 2>Lunar Relay Satellite 1>Earth Ground Station,713.74,-96.4,465,271,3600,Replay
702,2026-08-01T04:47:51,Rover-2,Earth Ground Station,Mars Surface Rover>Mars Orbiter>Lunar Relay Satellite 2>Lunar Relay Satellite 1>Earth Ground Station,719.7,-93.85,516,263,3600,Replay
293,2026-08-01T04:47:58,Rover-1,Earth Ground Station,Mars Surface Rover>Mars Orbiter>Lunar Relay Satellite 2>Lunar Relay Satellite 1>Earth Ground Station,716.21,-91.95,555,254,3600,Replay
1115,2026-08-01T04:48:03,Rover-3,Earth Ground Station,Mars Surface Rover>Mars Orbiter>Lunar Relay Satellite 2>Lunar Relay Satellite 1>Earth Ground Station,700.23,-99.71,513,239,3600,Replay
703,2026-08-01T04:48:20,Rover-2,Earth Ground Station,Mars Surface Rover>Mars Orbiter>Lunar Relay Satellite 2>Lunar Relay Satellite 1>Earth Ground Station,731.91,-92.5,543,237,3600,Replay
1116,2026-08-01T04:48:49,Rover-3,Earth Ground Station,Mars Surface Rover>Mars Orbiter>Lunar Relay Satellite 2>Lunar Relay Satellite 1>Earth Ground Station,713.99,-97.31,551,240,3600,Replay
294,2026-08-01T04:49:06,Rover-1,Earth Ground Station,Mars Surface Rover>Mars Orbiter>Lunar Relay Satellite 2>Lunar Relay Satellite 1>Earth Ground Station,713.1,-98.61,532,238,3600,Replay
704,2026-08-01T04:49:12,Rover-2,Earth Ground Station,Mars Surface Rover>Mars Orbiter>Lunar Relay Satellite 2>Lunar Relay Satellite 1>Earth Ground Station,726.74,-99.3,527,238,3600,Replay
295,2026-08-01T04:49:39,Rover-1,Earth Ground Station,Mars Surface Rover>Mars Orbiter>Lunar Relay Satellite 2>Lunar Relay Satellite 1>Earth Ground Station,701.56,-92.27,487,257,3600,Replay
1117,2026-08-01T04:49:49,Rover-3,Earth Ground Station,Mars Surface Rover>Mars Orbiter>Lunar Relay Satellite 2>Lunar Relay Satellite 1>Earth Ground Station,720.9,-94.53,477,242,3600,Replay
705,2026-08-01T04:49:52,Rover-2,Earth Ground Station,Mars Surface Rover>Mars Orbiter>Lunar Relay Satellite 2>Lunar Relay Satellite 1>Earth Ground Station,740.84,-91.84,551,244,3600,Replay
706,2026-08-01T04:50:37,Rover-2,Earth Ground Station,Mars Surface Rover>Mars Orbiter>Lunar Relay Satellite 2>Lunar Relay Satellite 1>Earth Ground Station,723.55,-95.33,555,258,3600,Replay
1118,2026-08-01T04:50:47,Rover-3,Earth Ground Station,Mars Surface Rover>Mars Orbiter>Lunar Relay Satellite 2>Lunar Relay Satellite 1>Earth Ground Station,728.91,-96.27,469,261,3600,Replay
296,2026-08-01T04:50:48,Rover-1,Earth Ground Station,Mars Surface Rover>Mars Orbiter>Lunar Relay Satellite 2>Lunar Relay Satellite 1>Earth Ground Station,703.06,-97.02,506,252,3600,Replay
297,2026-08-01T04:51:12,Rover-1,Earth Ground Station,Mars Surface Rover>Mars Orbiter>Lunar Relay Satellite 2>Lunar Relay Satellite 1>Earth Ground Station,732.21,-93.55,504,236,3600,Replay
1119,2026-08-01T04:51:29,Rover-3,Earth Ground Station,Mars Surface Rover>Mars Orbiter>Lunar Relay Satellite 2>Lunar Relay Satellite 1>Earth Ground Station,718.31,-97.57,514,275,3600,Replay
707,2026-08-01T04:51:51,Rover-2,Earth Ground Station,Mars Surface Rover>Mars Orbiter>Lunar Relay Satellite 2>Lunar Relay Satellite 1>Earth Ground Station,735.03,-96.46,548,266,3600,Replay
298,2026-08-01T04:52:17,Rover-1,Earth Ground Station,Mars Surface Rover>Mars Orbiter>Lunar Relay Satellite 2>Lunar Relay Satellite 1>Earth Ground Station,703.08,-92.47,463,245,3600,Replay
708,2026-08-01T04:52:17,Rover-2,Earth Ground Station,Mars Surface Rover>Mars Orbiter>Lunar Relay Satellite 2>Lunar Relay Satellite 1>Earth Ground Station,728.84,-95.98,482,269,3600,Replay
1120,2026-08-01T04:52:28,Rover-3,Earth Ground Station,Mars Surface Rover>Mars Orbiter>Lunar Relay Satellite 2>Lunar Relay Satellite 1>Earth Ground Station,741.07,-96.1,562,244,3600,Replay
299,2026-08-01T04:52:48,Rover-1,Earth Ground Station,Mars Surface Rover>Mars Orbiter>Lunar Relay Satellite 2>Lunar Relay Satellite 1>Earth Ground Station,709.44,-93.37,461,238,3600,Replay
1121,2026-08-01T04:53:05,Rover-3,Earth Ground Station,Mars Surface Rover>Mars Orbiter>Lunar Relay Satellite 2>Lunar Relay Satellite 1>Earth Ground Station,719.28,-93.75,520,270,3600,Replay
709,2026-08-01T04:53:33,Rover-2,Earth Ground Station,Mars Surface Rover>Mars Orbiter>Lunar Relay Satellite 2>Lunar Relay Satellite 1>Earth Ground Station,730.04,-94.4,526,274,3600,Replay
1122,2026-08-01T04:53:56,Rover-3,Earth Ground Station,Mars Surface Rover>Mars Orbiter>Lunar Relay Satellite 2>Lunar Relay Satellite 1>Earth Ground Station,700.23,-99.71,513,261,3600,Replay
300,2026-08-01T04:53:58,Rover-1,Earth Ground Station,Mars Surface Rover>Mars Orbiter>Lunar Relay Satellite 2>Lunar Relay Satellite 1>Earth Ground Station,703.01,-93.87,497,254,3600,Replay
1123,2026-08-01T04:54:29,Rover-3,Earth Ground Station,Mars Surface Rover>Mars Orbiter>Lunar Relay Satellite 2>Lunar Relay Satellite 1>Earth Ground Station,722.09,-90.5,501,266,3600,Replay
301,2026-08-01T04:54:41,Rover-1,Earth Ground Station,Mars Surface Rover>Mars Orbiter>Lunar Relay Satellite 2>Lunar Relay Satellite 1>Earth Ground Station,720.98,-99.13,481,249,3600,Replay
710,2026-08-01T04:54:45,Rover-2,Earth Ground Station,Mars Surface Rover>Mars Orbiter>Lunar Relay Satellite 2>Lunar Relay Satellite 1>Earth Ground Station,740.08,-98.39,527,258,3600,Replay
1124,2026-08-01T04:54:55,Rover-3,Earth Ground Station,Mars Surface Rover>Mars Orbiter>Lunar Relay Satellite 2>Lunar Relay Satellite 1>Earth Ground Station,712.72,-93.6,560,267,3600,Replay
1125,2026-08-01T04:55:47,Rover-3,Earth Ground Station,Mars Surface Rover>Mars Orbiter>Lunar Relay Satellite 2>Lunar Relay Satellite 1>Earth Ground Station,741.33,-91.78,489,259,3600,Replay
302,2026-08-01T04:55:50,Rover-1,Earth Ground Station,Mars Surface Rover>Mars Orbiter>Lunar Relay Satellite 2>Lunar Relay Satellite 1>Earth Ground Station,728.87,-94.2,510,249,3600,Replay
711,2026-08-01T04:55:50,Rover-2,Earth Ground Station,Mars Surface Rover>Mars Orbiter>Lunar Relay Satellite 2>Lunar Relay Satellite 1>Earth Ground Station,706.55,-93.97,526,266,3600,Replay
712,2026-08-01T04:56:10,Rover-2,Earth Ground Station,Mars Surface Rover>Mars Orbiter>Lunar Relay Satellite 2>Lunar Relay Satellite 1>Earth Ground Station,724.42,-99.0,559,247,3600,Replay
1126,2026-08-01T04:56:33,Rover-3,Earth Ground Station,Mars Surface Rover>Mars Orbiter>Lunar Relay Satellite 2>Lunar Relay Satellite 1>Earth Ground Station,741.33,-91.78,489,267,3600,Replay
303,2026-08-01T04:57:02,Rover-1,Earth Ground Station,Mars Surface Rover>Mars Orbiter>Lunar Relay Satellite 2>Lunar Relay Satellite 1>Earth Ground Station,711.9,-91.23,512,275,3600,Replay
1127,2026-08-01T04:57:07,Rover-3,Earth Ground Station,Mars Surface Rover>Mars Orbiter>Lunar Relay Satellite 2>Lunar Relay Satellite 1>Earth Ground Station,719.27,-97.18,475,250,3600,Replay
713,2026-08-01T04:57:14,Rover-2,Earth Ground Station,Mars Surface Rover>Mars Orbiter>Lunar Relay Satellite 2>Lunar Relay Satellite 1>Earth Ground Station,715.57,-94.9,528,269,3600,Replay
1128,2026-08-01T04:57:31,Rover-3,Earth Ground Station,Mars Surface Rover>Mars Orbiter>Lunar Relay Satellite 2>Lunar Relay Satellite 1>Earth Ground Station,708.56,-96.92,501,241,3600,Replay
714,2026-08-01T04:57:40,Rover-2,Earth Ground Station,Mars Surface Rover>Mars Orbiter>Lunar Relay Satellite 2>Lunar Relay Satellite 1>Earth Ground Station,711.99,-91.58,489,270,3600,Replay
304,2026-08-01T04:58:02,Rover-1,Earth Ground Station,Mars Surface Rover>Mars Orbiter>Lunar Relay Satellite 2>Lunar Relay Satellite 1>Earth Ground Station,730.67,-94.32,520,274,3600,Replay
1129,2026-08-01T04:58:02,Rover-3,Earth Ground Station,Mars Surface Rover>Mars Orbiter>Lunar Relay Satellite 2>Lunar Relay Satellite 1>Earth Ground Station,705.48,-92.4,502,261,3600,Replay
715,2026-08-01T04:58:29,Rover-2,Earth Ground Station,Mars Surface Rover>Mars Orbiter>Lunar Relay Satellite 2>Lunar Relay Satellite 1>Earth Ground Station,723.71,-93.86,539,266,3600,Replay
1130,2026-08-01T04:58:34,Rover-3,Earth Ground Station,Mars Surface Rover>Mars Orbiter>Lunar Relay Satellite 2>Lunar Relay Satellite 1>Earth Ground Station,725.41,-90.82,526,247,3600,Replay
305,2026-08-01T04:58:40,Rover-1,Earth Ground Station,Mars Surface Rover>Mars Orbiter>Lunar Relay Satellite 2>Lunar Relay Satellite 1>Earth Ground Station,724.24,-98.7,536,248,3600,Replay
306,2026-08-01T04:59:32,Rover-1,Earth Ground Station,Mars Surface Rover>Mars Orbiter>Lunar Relay Satellite 2>Lunar Relay Satellite 1>Earth Ground Station,741.08,-95.91,558,237,3600,Replay
716,2026-08-01T04:59:48,Rover-2,Earth Ground Station,Mars Surface Rover>Mars Orbiter>Lunar Relay Satellite 2>Lunar Relay Satellite 1>Earth Ground Station,733.87,-95.15,477,272,3600,Replay
1131,2026-08-01T04:59:48,Rover-3,Earth Ground Station,Mars Surface Rover>Mars Orbiter>Lunar Relay Satellite 2>Lunar Relay Satellite 1>Earth Ground Station,716.27,-94.53,479,244,3600,Replay
307,2026-08-01T05:00:10,Rover-1,Earth Ground Station,Mars Surface Rover>Mars Orbiter>Lunar Relay Satellite 2>Lunar Relay Satellite 1>Earth Ground Station,725.8,-98.13,465,249,3600,Replay
1132,2026-08-01T05:00:46,Rover-3,Earth Ground Station,Mars Surface Rover>Mars Orbiter>Lunar Relay Satellite 2>Lunar Relay Satellite 1>Earth Ground Station,715.1,-99.56,512,272,3600,Replay
717,2026-08-01T05:00:50,Rover-2,Earth Ground Station,Mars Surface Rover>Mars Orbiter>Lunar Relay Satellite 2>Lunar Relay Satellite 1>Earth Ground Station,729.21,-91.03,476,235,3600,Replay
1133,2026-08-01T05:01:11,Rover-3,Earth Ground Station,Mars Surface Rover>Mars Orbiter>Lunar Relay Satellite 2>Lunar Relay Satellite 1>Earth Ground Station,719.28,-93.75,520,244,3600,Replay
308,2026-08-01T05:01:21,Rover-1,Earth Ground Station,Mars Surface Rover>Mars Orbiter>Lunar Relay Satellite 2>Lunar Relay Satellite 1>Earth Ground Station,709.2,-98.28,481,272,3600,Replay
718,2026-08-01T05:01:45,Rover-2,Earth Ground Station,Mars Surface Rover>Mars Orbiter>Lunar Relay Satellite 2>Lunar Relay Satellite 1>Earth Ground Station,738.85,-93.76,558,256,3600,Replay
309,2026-08-01T05:02:02,Rover-1,Earth Ground Station,Mars Surface Rover>Mars Orbiter>Lunar Relay Satellite 2>Lunar Relay Satellite 1>Earth Ground Station,722.18,-93.59,507,273,3600,Replay
1134,2026-08-01T05:02:24,Rover-3,Earth Ground Station,Mars Surface Rover>Mars Orbiter>Lunar Relay Satellite 2>Lunar Relay Satellite 1>Earth Ground Station,716.82,-93.22,522,271,3600,Replay
719,2026-08-01T05:02:49,Rover-2,Earth Ground Station,Mars Surface Rover>Mars Orbiter>Lunar Relay Satellite 2>Lunar Relay Satellite 1>Earth Ground Station,738.32,-94.36,534,251,3600,Replay
1135,2026-08-01T05:03:04,Rover-3,Earth Ground Station,Mars Surface Rover>Mars Orbiter>Lunar Relay Satellite 2>Lunar Relay Satellite 1>Earth Ground Station,713.22,-92.0,504,274,3600,Replay
310,2026-08-01T05:03:13,Rover-1,Earth Ground Station,Mars Surface Rover>Mars Orbiter>Lunar Relay Satellite 2>Lunar Relay Satellite 1>Earth Ground Station,731.6,-94.58,551,276,3600,Replay
720,2026-08-01T05:03:41,Rover-2,Earth Ground Station,Mars Surface Rover>Mars Orbiter>Lunar Relay Satellite 2>Lunar Relay Satellite 1>Earth Ground Station,720.74,-98.06,487,263,3600,Replay
1136,2026-08-01T05:03:50,Rover-3,Earth Ground Station,Mars Surface Rover>Mars Orbiter>Lunar Relay Satellite 2>Lunar Relay Satellite 1>Earth Ground Station,711.94,-96.45,533,267,3600,Replay
311,2026-08-01T05:04:07,Rover-1,Earth Ground Station,Mars Surface Rover>Mars Orbiter>Lunar Relay Satellite 2>Lunar Relay Satellite 1>Earth Ground Station,703.15,-98.48,474,247,3600,Replay
721,2026-08-01T05:04:18,Rover-2,Earth Ground Station,Mars Surface Rover>Mars Orbiter>Lunar Relay Satellite 2>Lunar Relay Satellite 1>Earth Ground Station,710.88,-92.03,547,268,3600,Replay
1137,2026-08-01T05:04:37,Rover-3,Earth Ground Station,Mars Surface Rover>Mars Orbiter>Lunar Relay Satellite 2>Lunar Relay Satellite 1>Earth Ground Station,722.59,-99.55,472,269,3600,Replay
722,2026-08-01T05:05:04,Rover-2,Earth Ground Station,Mars Surface Rover>Mars Orbiter>Lunar Relay Satellite 2>Lunar Relay Satellite 1>Earth Ground Station,704.05,-98.07,498,270,3600,Replay
312,2026-08-01T05:05:05,Rover-1,Earth Ground Station,Mars Surface Rover>Mars Orbiter>Lunar Relay Satellite 2>Lunar Relay Satellite 1>Earth Ground Station,708.49,-97.62,465,253,3600,Replay
1138,2026-08-01T05:05:28,Rover-3,Earth Ground Station,Mars Surface Rover>Mars Orbiter>Lunar Relay Satellite 2>Lunar Relay Satellite 1>Earth Ground Station,730.37,-92.26,516,265,3600,Replay
1139,2026-08-01T05:05:56,Rover-3,Earth Ground Station,Mars Surface Rover>Mars Orbiter>Lunar Relay Satellite 2>Lunar Relay Satellite 1>Earth Ground Station,700.3,-91.87,495,236,3600,Replay
313,2026-08-01T05:06:04,Rover-1,Earth Ground Station,Mars Surface Rover>Mars Orbiter>Lunar Relay Satellite 2>Lunar Relay Satellite 1>Earth Ground Station,718.83,-94.12,470,274,3600,Replay
723,2026-08-01T05:06:09,Rover-2,Earth Ground Station,Mars Surface Rover>Mars Orbiter>Lunar Relay Satellite 2>Lunar Relay Satellite 1>Earth Ground Station,702.53,-91.52,544,244,3600,Replay
1140,2026-08-01T05:06:26,Rover-3,Earth Ground Station,Mars Surface Rover>Mars Orbiter>Lunar Relay Satellite 2>Lunar Relay Satellite 1>Earth Ground Station,708.56,-96.92,501,236,3600,Replay
314,2026-08-01T05:07:06,Rover-1,Earth Ground Station,Mars Surface Rover>Mars Orbiter>Lunar Relay Satellite 2>Lunar Relay Satellite 1>Earth Ground Station,712.03,-92.79,482,263,3600,Replay
724,2026-08-01T05:07:12,Rover-2,Earth Ground Station,Mars Surface Rover>Mars Orbiter>Lunar Relay Satellite 2>Lunar Relay Satellite 1>Earth Ground Station,735.94,-98.3,470,262,3600,Replay
1141,2026-08-01T05:07:15,Rover-3,Earth Ground Station,Mars Surface Rover>Mars Orbiter>Lunar Relay Satellite 2>Unknown-Relay-X>Lunar Relay Satellite 1>Earth Ground Station,731.74,-98.55,502,267,3600,Relay Tampering
315,2026-08-01T05:07:35,Rover-1,Earth Ground Station,Mars Surface Rover>Mars Orbiter>Lunar Relay Satellite 2>Lunar Relay Satellite 1>Earth Ground Station,723.27,-98.88,499,240,3600,Replay
725,2026-08-01T05:08:04,Rover-2,Earth Ground Station,Mars Surface Rover>Mars Orbiter>Lunar Relay Satellite 2>Lunar Relay Satellite 1>Earth Ground Station,708.07,-96.03,557,266,3600,Replay
1142,2026-08-01T05:08:15,Rover-3,Earth Ground Station,Mars Surface Rover>Mars Orbiter>Lunar Relay Satellite 2>Unknown-Relay-X>Lunar Relay Satellite 1>Earth Ground Station,718.46,-96.27,548,238,3600,Relay Tampering
316,2026-08-01T05:08:44,Rover-1,Earth Ground Station,Mars Surface Rover>Mars Orbiter>Lunar Relay Satellite 2>Lunar Relay Satellite 1>Earth Ground Station,723.48,-99.59,464,236,3600,Replay
726,2026-08-01T05:09:01,Rover-2,Earth Ground Station,Mars Surface Rover>Mars Orbiter>Lunar Relay Satellite 2>Lunar Relay Satellite 1>Earth Ground Station,729.14,-91.13,555,266,3600,Replay
1143,2026-08-01T05:09:08,Rover-3,Earth Ground Station,Mars Surface Rover>Mars Orbiter>Unknown-Relay-X>Lunar Relay Satellite 2>Lunar Relay Satellite 1>Earth Ground Station,699.81,-94.3,488,274,3600,Relay Tampering
317,2026-08-01T05:09:47,Rover-1,Earth Ground Station,Mars Surface Rover>Mars Orbiter>Lunar Relay Satellite 2>Lunar Relay Satellite 1>Earth Ground Station,738.57,-98.46,560,238,3600,Replay
727,2026-08-01T05:10:17,Rover-2,Earth Ground Station,Mars Surface Rover>Mars Orbiter>Lunar Relay Satellite 2>Lunar Relay Satellite 1>Earth Ground Station,711.02,-92.86,515,236,3600,Replay
1144,2026-08-01T05:10:18,Rover-3,Earth Ground Station,Mars Surface Rover>Mars Orbiter>Lunar Relay Satellite 2>Unknown-Relay-X>Lunar Relay Satellite 1>Earth Ground Station,727.98,-96.14,495,273,3600,Relay Tampering
318,2026-08-01T05:10:40,Rover-1,Earth Ground Station,Mars Surface Rover>Mars Orbiter>Lunar Relay Satellite 2>Lunar Relay Satellite 1>Earth Ground Station,714.79,-99.65,526,274,3600,Replay
728,2026-08-01T05:10:40,Rover-2,Earth Ground Station,Mars Surface Rover>Mars Orbiter>Lunar Relay Satellite 2>Lunar Relay Satellite 1>Earth Ground Station,729.14,-91.13,555,242,3600,Replay
1145,2026-08-01T05:11:34,Rover-3,Earth Ground Station,Mars Surface Rover>Mars Orbiter>Lunar Relay Satellite 2>Unknown-Relay-X>Lunar Relay Satellite 1>Earth Ground Station,700.63,-93.89,508,237,3600,Relay Tampering
729,2026-08-01T05:11:43,Rover-2,Earth Ground Station,Mars Surface Rover>Mars Orbiter>Lunar Relay Satellite 2>Lunar Relay Satellite 1>Earth Ground Station,704.63,-98.05,544,247,3600,Replay
319,2026-08-01T05:11:47,Rover-1,Earth Ground Station,Mars Surface Rover>Mars Orbiter>Lunar Relay Satellite 2>Lunar Relay Satellite 1>Earth Ground Station,731.15,-96.81,526,240,3600,Replay
1146,2026-08-01T05:12:05,Rover-3,Earth Ground Station,Mars Surface Rover>Mars Orbiter>Unknown-Relay-X>Lunar Relay Satellite 2>Lunar Relay Satellite 1>Earth Ground Station,726.4,-96.95,518,267,3600,Relay Tampering
730,2026-08-01T05:12:25,Rover-2,Earth Ground Station,Mars Surface Rover>Mars Orbiter>Lunar Relay Satellite 2>Lunar Relay Satellite 1>Earth Ground Station,739.64,-94.95,472,265,3600,Replay
1147,2026-08-01T05:12:46,Rover-3,Earth Ground Station,Mars Surface Rover>Mars Orbiter>Unknown-Relay-X>Lunar Relay Satellite 2>Lunar Relay Satellite 1>Earth Ground Station,708.71,-91.33,509,273,3600,Relay Tampering
320,2026-08-01T05:12:52,Rover-1,Earth Ground Station,Mars Surface Rover>Mars Orbiter>Lunar Relay Satellite 2>Lunar Relay Satellite 1>Earth Ground Station,726.8,-90.91,536,273,3600,Replay
321,2026-08-01T05:13:24,Rover-1,Earth Ground Station,Mars Surface Rover>Mars Orbiter>Lunar Relay Satellite 2>Lunar Relay Satellite 1>Unknown-Relay-X>Earth Ground Station,703.7,-98.35,507,272,3600,Relay Tampering
731,2026-08-01T05:13:32,Rover-2,Earth Ground Station,Mars Surface Rover>Mars Orbiter>Lunar Relay Satellite 2>Unknown-Relay-X>Lunar Relay Satellite 1>Earth Ground Station,726.36,-93.94,513,268,3600,Relay Tampering
322,2026-08-01T05:13:49,Rover-1,Earth Ground Station,Mars Surface Rover>Unknown-Relay-X>Mars Orbiter>Lunar Relay Satellite 2>Lunar Relay Satellite 1>Earth Ground Station,733.41,-99.44,561,262,3600,Relay Tampering
1148,2026-08-01T05:13:54,Rover-3,Earth Ground Station,Mars Surface Rover>Mars Orbiter>Lunar Relay Satellite 2>Lunar Relay Satellite 1>Unknown-Relay-X>Earth Ground Station,730.58,-92.39,496,246,3600,Relay Tampering
1149,2026-08-01T05:14:31,Rover-3,Earth Ground Station,Mars Surface Rover>Unknown-Relay-X>Mars Orbiter>Lunar Relay Satellite 2>Lunar Relay Satellite 1>Earth Ground Station,700.75,-93.79,507,256,3600,Relay Tampering
732,2026-08-01T05:14:36,Rover-2,Earth Ground Station,Mars Surface Rover>Mars Orbiter>Lunar Relay Satellite 2>Unknown-Relay-X>Lunar Relay Satellite 1>Earth Ground Station,727.11,-99.05,500,274,3600,Relay Tampering
323,2026-08-01T05:14:44,Rover-1,Earth Ground Station,Mars Surface Rover>Mars Orbiter>Unknown-Relay-X>Lunar Relay Satellite 2>Lunar Relay Satellite 1>Earth Ground Station,721.82,-98.72,547,264,3600,Relay Tampering
1150,2026-08-01T05:15:21,Rover-3,Earth Ground Station,Mars Surface Rover>Mars Orbiter>Lunar Relay Satellite 2>Unknown-Relay-X>Lunar Relay Satellite 1>Earth Ground Station,729.06,-96.69,515,247,3600,Relay Tampering
733,2026-08-01T05:15:31,Rover-2,Earth Ground Station,Mars Surface Rover>Mars Orbiter>Lunar Relay Satellite 2>Lunar Relay Satellite 1>Unknown-Relay-X>Earth Ground Station,700.72,-97.31,481,271,3600,Relay Tampering
324,2026-08-01T05:15:54,Rover-1,Earth Ground Station,Mars Surface Rover>Mars Orbiter>Unknown-Relay-X>Lunar Relay Satellite 2>Lunar Relay Satellite 1>Earth Ground Station,714.02,-92.38,561,267,3600,Relay Tampering
1151,2026-08-01T05:16:32,Rover-3,Earth Ground Station,Mars Surface Rover>Mars Orbiter>Unknown-Relay-X>Lunar Relay Satellite 2>Lunar Relay Satellite 1>Earth Ground Station,727.49,-96.84,560,271,3600,Relay Tampering
734,2026-08-01T05:16:44,Rover-2,Earth Ground Station,Mars Surface Rover>Mars Orbiter>Unknown-Relay-X>Lunar Relay Satellite 2>Lunar Relay Satellite 1>Earth Ground Station,708.14,-96.27,533,250,3600,Relay Tampering
325,2026-08-01T05:17:04,Rover-1,Earth Ground Station,Mars Surface Rover>Mars Orbiter>Unknown-Relay-X>Lunar Relay Satellite 2>Lunar Relay Satellite 1>Earth Ground Station,719.74,-93.68,519,254,3600,Relay Tampering
1152,2026-08-01T05:17:49,Rover-3,Earth Ground Station,Mars Surface Rover>Unknown-Relay-X>Mars Orbiter>Lunar Relay Satellite 2>Lunar Relay Satellite 1>Earth Ground Station,736.59,-91.08,500,242,3600,Relay Tampering
735,2026-08-01T05:17:53,Rover-2,Earth Ground Station,Mars Surface Rover>Unknown-Relay-X>Mars Orbiter>Lunar Relay Satellite 2>Lunar Relay Satellite 1>Earth Ground Station,729.72,-92.09,506,275,3600,Relay Tampering
326,2026-08-01T05:18:03,Rover-1,Earth Ground Station,Mars Surface Rover>Mars Orbiter>Lunar Relay Satellite 2>Lunar Relay Satellite 1>Unknown-Relay-X>Earth Ground Station,736.6,-90.87,501,264,3600,Relay Tampering
1153,2026-08-01T05:18:15,Rover-3,Earth Ground Station,Mars Surface Rover>Mars Orbiter>Unknown-Relay-X>Lunar Relay Satellite 2>Lunar Relay Satellite 1>Earth Ground Station,705.52,-91.31,475,241,3600,Relay Tampering
736,2026-08-01T05:18:24,Rover-2,Earth Ground Station,Mars Surface Rover>Mars Orbiter>Lunar Relay Satellite 2>Unknown-Relay-X>Lunar Relay Satellite 1>Earth Ground Station,739.98,-97.23,473,237,3600,Relay Tampering
327,2026-08-01T05:18:56,Rover-1,Earth Ground Station,Mars Surface Rover>Mars Orbiter>Lunar Relay Satellite 2>Unknown-Relay-X>Lunar Relay Satellite 1>Earth Ground Station,716.15,-94.14,519,240,3600,Relay Tampering
1154,2026-08-01T05:19:08,Rover-3,Earth Ground Station,Mars Surface Rover>Mars Orbiter>Unknown-Relay-X>Lunar Relay Satellite 2>Lunar Relay Satellite 1>Earth Ground Station,739.53,-90.47,503,263,3600,Relay Tampering
737,2026-08-01T05:19:19,Rover-2,Earth Ground Station,Mars Surface Rover>Mars Orbiter>Lunar Relay Satellite 2>Lunar Relay Satellite 1>Unknown-Relay-X>Earth Ground Station,709.82,-91.78,547,235,3600,Relay Tampering
328,2026-08-01T05:19:57,Rover-1,Earth Ground Station,Mars Surface Rover>Mars Orbiter>Unknown-Relay-X>Lunar Relay Satellite 2>Lunar Relay Satellite 1>Earth Ground Station,701.6,-94.68,513,240,3600,Relay Tampering
1155,2026-08-01T05:19:58,Rover-3,Earth Ground Station,Mars Surface Rover>Unknown-Relay-X>Mars Orbiter>Lunar Relay Satellite 2>Lunar Relay Satellite 1>Earth Ground Station,713.38,-94.47,526,247,3600,Relay Tampering
1156,2026-08-01T05:20:19,Rover-3,Earth Ground Station,Mars Surface Rover>Mars Orbiter>Lunar Relay Satellite 2>Lunar Relay Satellite 1>Unknown-Relay-X>Earth Ground Station,736.06,-92.46,557,261,3600,Relay Tampering
738,2026-08-01T05:20:24,Rover-2,Earth Ground Station,Mars Surface Rover>Mars Orbiter>Lunar Relay Satellite 2>Unknown-Relay-X>Lunar Relay Satellite 1>Earth Ground Station,738.9,-90.63,555,259,3600,Relay Tampering
329,2026-08-01T05:21:06,Rover-1,Earth Ground Station,Mars Surface Rover>Unknown-Relay-X>Mars Orbiter>Lunar Relay Satellite 2>Lunar Relay Satellite 1>Earth Ground Station,740.14,-94.36,554,237,3600,Relay Tampering
739,2026-08-01T05:21:15,Rover-2,Earth Ground Station,Mars Surface Rover>Mars Orbiter>Unknown-Relay-X>Lunar Relay Satellite 2>Lunar Relay Satellite 1>Earth Ground Station,732.52,-95.48,468,264,3600,Relay Tampering
1157,2026-08-01T05:21:16,Rover-3,Earth Ground Station,Mars Surface Rover>Mars Orbiter>Lunar Relay Satellite 2>Lunar Relay Satellite 1>Unknown-Relay-X>Earth Ground Station,713.21,-96.39,494,259,3600,Relay Tampering
740,2026-08-01T05:21:46,Rover-2,Earth Ground Station,Mars Surface Rover>Mars Orbiter>Lunar Relay Satellite 2>Lunar Relay Satellite 1>Unknown-Relay-X>Earth Ground Station,720.89,-97.72,477,257,3600,Relay Tampering
330,2026-08-01T05:21:59,Rover-1,Earth Ground Station,Mars Surface Rover>Mars Orbiter>Lunar Relay Satellite 2>Unknown-Relay-X>Lunar Relay Satellite 1>Earth Ground Station,705.01,-91.81,493,264,3600,Relay Tampering
1158,2026-08-01T05:22:05,Rover-3,Earth Ground Station,Mars Surface Rover>Mars Orbiter>Lunar Relay Satellite 2>Unknown-Relay-X>Lunar Relay Satellite 1>Earth Ground Station,711.54,-91.5,541,242,3600,Relay Tampering
741,2026-08-01T05:22:11,Rover-2,Earth Ground Station,Mars Surface Rover>Mars Orbiter>Lunar Relay Satellite 2>Unknown-Relay-X>Lunar Relay Satellite 1>Earth Ground Station,713.49,-98.64,528,249,3600,Relay Tampering
1159,2026-08-01T05:22:39,Rover-3,Earth Ground Station,Mars Surface Rover>Mars Orbiter>Lunar Relay Satellite 2>Unknown-Relay-X>Lunar Relay Satellite 1>Earth Ground Station,719.32,-99.47,539,237,3600,Relay Tampering
742,2026-08-01T05:22:44,Rover-2,Earth Ground Station,Mars Surface Rover>Unknown-Relay-X>Mars Orbiter>Lunar Relay Satellite 2>Lunar Relay Satellite 1>Earth Ground Station,739.45,-96.12,509,258,3600,Relay Tampering
743,2026-08-01T05:23:11,Rover-2,Earth Ground Station,Mars Surface Rover>Mars Orbiter>Unknown-Relay-X>Lunar Relay Satellite 2>Lunar Relay Satellite 1>Earth Ground Station,727.3,-94.48,553,260,3600,Relay Tampering
1160,2026-08-01T05:23:17,Rover-3,Earth Ground Station,Mars Surface Rover>Mars Orbiter>Lunar Relay Satellite 2>Unknown-Relay-X>Lunar Relay Satellite 1>Earth Ground Station,718.1,-91.83,555,264,3600,Relay Tampering
331,2026-08-01T05:23:19,Rover-1,Earth Ground Station,Mars Surface Rover>Mars Orbiter>Lunar Relay Satellite 2>Unknown-Relay-X>Lunar Relay Satellite 1>Earth Ground Station,739.05,-98.75,547,245,3600,Relay Tampering
744,2026-08-01T05:23:33,Rover-2,Earth Ground Station,Mars Surface Rover>Mars Orbiter>Lunar Relay Satellite 2>Lunar Relay Satellite 1>Unknown-Relay-X>Earth Ground Station,727.89,-93.3,554,274,3600,Relay Tampering
332,2026-08-01T05:23:47,Rover-1,Earth Ground Station,Mars Surface Rover>Mars Orbiter>Unknown-Relay-X>Lunar Relay Satellite 2>Lunar Relay Satellite 1>Earth Ground Station,725.4,-96.09,470,261,3600,Relay Tampering
1161,2026-08-01T05:23:48,Rover-3,Earth Ground Station,Mars Surface Rover>Mars Orbiter>Unknown-Relay-X>Lunar Relay Satellite 2>Lunar Relay Satellite 1>Earth Ground Station,740.44,-98.22,531,262,3600,Relay Tampering
745,2026-08-01T05:24:09,Rover-2,Earth Ground Station,Mars Surface Rover>Mars Orbiter>Lunar Relay Satellite 2>Unknown-Relay-X>Lunar Relay Satellite 1>Earth Ground Station,721.74,-92.94,554,269,3600,Relay Tampering
333,2026-08-01T05:24:17,Rover-1,Earth Ground Station,Mars Surface Rover>Unknown-Relay-X>Mars Orbiter>Lunar Relay Satellite 2>Lunar Relay Satellite 1>Earth Ground Station,726.86,-97.1,522,270,3600,Relay Tampering
1162,2026-08-01T05:24:18,Rover-3,Earth Ground Station,Mars Surface Rover>Mars Orbiter>Lunar Relay Satellite 2>Unknown-Relay-X>Lunar Relay Satellite 1>Earth Ground Station,708.68,-90.64,493,240,3600,Relay Tampering
746,2026-08-01T05:25:01,Rover-2,Earth Ground Station,Mars Surface Rover>Mars Orbiter>Unknown-Relay-X>Lunar Relay Satellite 2>Lunar Relay Satellite 1>Earth Ground Station,733.08,-94.48,465,272,3600,Relay Tampering
1163,2026-08-01T05:25:01,Rover-3,Earth Ground Station,Mars Surface Rover>Mars Orbiter>Lunar Relay Satellite 2>Unknown-Relay-X>Lunar Relay Satellite 1>Earth Ground Station,706.37,-95.59,464,248,3600,Relay Tampering
334,2026-08-01T05:25:29,Rover-1,Earth Ground Station,Mars Surface Rover>Mars Orbiter>Lunar Relay Satellite 2>Unknown-Relay-X>Lunar Relay Satellite 1>Earth Ground Station,735.72,-91.02,557,267,3600,Relay Tampering
1164,2026-08-01T05:25:30,Rover-3,Earth Ground Station,Mars Surface Rover>Unknown-Relay-X>Mars Orbiter>Lunar Relay Satellite 2>Lunar Relay Satellite 1>Earth Ground Station,714.51,-95.38,477,247,3600,Relay Tampering
747,2026-08-01T05:25:41,Rover-2,Earth Ground Station,Mars Surface Rover>Unknown-Relay-X>Mars Orbiter>Lunar Relay Satellite 2>Lunar Relay Satellite 1>Earth Ground Station,720.6,-99.26,477,274,3600,Relay Tampering
1165,2026-08-01T05:26:15,Rover-3,Earth Ground Station,Mars Surface Rover>Mars Orbiter>Unknown-Relay-X>Lunar Relay Satellite 2>Lunar Relay Satellite 1>Earth Ground Station,738.62,-97.55,557,273,3600,Relay Tampering
335,2026-08-01T05:26:30,Rover-1,Earth Ground Station,Mars Surface Rover>Mars Orbiter>Lunar Relay Satellite 2>Unknown-Relay-X>Lunar Relay Satellite 1>Earth Ground Station,707.51,-95.69,524,236,3600,Relay Tampering
1166,2026-08-01T05:26:35,Rover-3,Earth Ground Station,Mars Surface Rover>Mars Orbiter>Lunar Relay Satellite 2>Unknown-Relay-X>Lunar Relay Satellite 1>Earth Ground Station,740.31,-95.44,512,262,3600,Relay Tampering
748,2026-08-01T05:26:41,Rover-2,Earth Ground Station,Mars Surface Rover>Mars Orbiter>Lunar Relay Satellite 2>Lunar Relay Satellite 1>Unknown-Relay-X>Earth Ground Station,701.23,-96.62,540,270,3600,Relay Tampering
1167,2026-08-01T05:27:25,Rover-3,Earth Ground Station,Mars Surface Rover>Mars Orbiter>Unknown-Relay-X>Lunar Relay Satellite 2>Lunar Relay Satellite 1>Earth Ground Station,737.11,-99.46,538,276,3600,Relay Tampering
336,2026-08-01T05:27:31,Rover-1,Earth Ground Station,Mars Surface Rover>Mars Orbiter>Lunar Relay Satellite 2>Unknown-Relay-X>Lunar Relay Satellite 1>Earth Ground Station,739.73,-94.84,543,263,3600,Relay Tampering
749,2026-08-01T05:27:54,Rover-2,Earth Ground Station,Mars Surface Rover>Mars Orbiter>Lunar Relay Satellite 2>Lunar Relay Satellite 1>Unknown-Relay-X>Earth Ground Station,702.89,-95.36,532,275,3600,Relay Tampering
337,2026-08-01T05:28:20,Rover-1,Earth Ground Station,Mars Surface Rover>Mars Orbiter>Unknown-Relay-X>Lunar Relay Satellite 2>Lunar Relay Satellite 1>Earth Ground Station,701.55,-90.82,505,255,3600,Relay Tampering
1168,2026-08-01T05:28:36,Rover-3,Earth Ground Station,Mars Surface Rover>Mars Orbiter>Lunar Relay Satellite 2>Lunar Relay Satellite 1>Unknown-Relay-X>Earth Ground Station,722.82,-98.87,506,263,3600,Relay Tampering
750,2026-08-01T05:28:55,Rover-2,Earth Ground Station,Mars Surface Rover>Mars Orbiter>Lunar Relay Satellite 2>Unknown-Relay-X>Lunar Relay Satellite 1>Earth Ground Station,733.68,-90.94,531,236,3600,Relay Tampering
338,2026-08-01T05:29:01,Rover-1,Earth Ground Station,Mars Surface Rover>Mars Orbiter>Lunar Relay Satellite 2>Unknown-Relay-X>Lunar Relay Satellite 1>Earth Ground Station,724.61,-93.22,534,265,3600,Relay Tampering
751,2026-08-01T05:29:17,Rover-2,Earth Ground Station,Mars Surface Rover>Mars Orbiter>Unknown-Relay-X>Lunar Relay Satellite 2>Lunar Relay Satellite 1>Earth Ground Station,702.18,-90.77,542,258,3600,Relay Tampering
339,2026-08-01T05:29:46,Rover-1,Earth Ground Station,Mars Surface Rover>Mars Orbiter>Lunar Relay Satellite 2>Lunar Relay Satellite 1>Unknown-Relay-X>Earth Ground Station,704.05,-93.77,518,248,3600,Relay Tampering
1169,2026-08-01T05:29:53,Rover-3,Earth Ground Station,Mars Surface Rover>Mars Orbiter>Unknown-Relay-X>Lunar Relay Satellite 2>Lunar Relay Satellite 1>Earth Ground Station,700.13,-96.69,472,236,3600,Relay Tampering
340,2026-08-01T05:30:13,Rover-1,Earth Ground Station,Mars Surface Rover>Mars Orbiter>Lunar Relay Satellite 2>Lunar Relay Satellite 1>Unknown-Relay-X>Earth Ground Station,709.95,-92.61,470,247,3600,Relay Tampering
752,2026-08-01T05:30:35,Rover-2,Earth Ground Station,Mars Surface Rover>Unknown-Relay-X>Mars Orbiter>Lunar Relay Satellite 2>Lunar Relay Satellite 1>Earth Ground Station,709.57,-93.94,525,253,3600,Relay Tampering
1170,2026-08-01T05:30:41,Rover-3,Earth Ground Station,Mars Surface Rover>Mars Orbiter>Unknown-Relay-X>Lunar Relay Satellite 2>Lunar Relay Satellite 1>Earth Ground Station,713.84,-93.35,523,243,3600,Relay Tampering
1171,2026-08-01T05:30:44,Rover-3,Earth Ground Station,Mars Surface Rover>Mars Orbiter>Lunar Relay Satellite 2>Lunar Relay Satellite 1>Earth Ground Station,706.85,-91.04,706,3006,3600,Bundle Flooding
1172,2026-08-01T05:30:48,Rover-3,Earth Ground Station,Mars Surface Rover>Mars Orbiter>Lunar Relay Satellite 2>Lunar Relay Satellite 1>Earth Ground Station,706.8,-93.27,455,2931,3600,Bundle Flooding
1173,2026-08-01T05:30:50,Rover-3,Earth Ground Station,Mars Surface Rover>Mars Orbiter>Lunar Relay Satellite 2>Lunar Relay Satellite 1>Earth Ground Station,729.33,-94.31,433,2065,3600,Bundle Flooding
1174,2026-08-01T05:30:54,Rover-3,Earth Ground Station,Mars Surface Rover>Mars Orbiter>Lunar Relay Satellite 2>Lunar Relay Satellite 1>Earth Ground Station,736.17,-91.08,636,3060,3600,Bundle Flooding
1175,2026-08-01T05:30:57,Rover-3,Earth Ground Station,Mars Surface Rover>Mars Orbiter>Lunar Relay Satellite 2>Lunar Relay Satellite 1>Earth Ground Station,705.48,-97.17,649,2172,3600,Bundle Flooding
1176,2026-08-01T05:30:58,Rover-3,Earth Ground Station,Mars Surface Rover>Mars Orbiter>Lunar Relay Satellite 2>Lunar Relay Satellite 1>Earth Ground Station,704.61,-93.13,689,2051,3600,Bundle Flooding
1177,2026-08-01T05:31:02,Rover-3,Earth Ground Station,Mars Surface Rover>Mars Orbiter>Lunar Relay Satellite 2>Lunar Relay Satellite 1>Earth Ground Station,702.22,-94.14,598,2389,3600,Bundle Flooding
1178,2026-08-01T05:31:04,Rover-3,Earth Ground Station,Mars Surface Rover>Mars Orbiter>Lunar Relay Satellite 2>Lunar Relay Satellite 1>Earth Ground Station,707.01,-98.16,430,2799,3600,Bundle Flooding
1179,2026-08-01T05:31:07,Rover-3,Earth Ground Station,Mars Surface Rover>Mars Orbiter>Lunar Relay Satellite 2>Lunar Relay Satellite 1>Earth Ground Station,719.75,-97.28,430,1772,3600,Bundle Flooding
1180,2026-08-01T05:31:11,Rover-3,Earth Ground Station,Mars Surface Rover>Mars Orbiter>Lunar Relay Satellite 2>Lunar Relay Satellite 1>Earth Ground Station,703.76,-96.58,571,2928,3600,Bundle Flooding
1181,2026-08-01T05:31:12,Rover-3,Earth Ground Station,Mars Surface Rover>Mars Orbiter>Lunar Relay Satellite 2>Lunar Relay Satellite 1>Earth Ground Station,703.56,-92.88,545,2681,3600,Bundle Flooding
1182,2026-08-01T05:31:16,Rover-3,Earth Ground Station,Mars Surface Rover>Mars Orbiter>Lunar Relay Satellite 2>Lunar Relay Satellite 1>Earth Ground Station,735.91,-96.22,517,1719,3600,Bundle Flooding
1183,2026-08-01T05:31:17,Rover-3,Earth Ground Station,Mars Surface Rover>Mars Orbiter>Lunar Relay Satellite 2>Lunar Relay Satellite 1>Earth Ground Station,734.92,-91.8,362,2885,3600,Bundle Flooding
753,2026-08-01T05:31:19,Rover-2,Earth Ground Station,Mars Surface Rover>Unknown-Relay-X>Mars Orbiter>Lunar Relay Satellite 2>Lunar Relay Satellite 1>Earth Ground Station,727.49,-95.33,526,260,3600,Relay Tampering
1184,2026-08-01T05:31:19,Rover-3,Earth Ground Station,Mars Surface Rover>Mars Orbiter>Lunar Relay Satellite 2>Lunar Relay Satellite 1>Earth Ground Station,700.68,-93.68,426,1610,3600,Bundle Flooding
1185,2026-08-01T05:31:20,Rover-3,Earth Ground Station,Mars Surface Rover>Mars Orbiter>Lunar Relay Satellite 2>Lunar Relay Satellite 1>Earth Ground Station,720.6,-97.53,529,2692,3600,Bundle Flooding
1186,2026-08-01T05:31:23,Rover-3,Earth Ground Station,Mars Surface Rover>Mars Orbiter>Lunar Relay Satellite 2>Lunar Relay Satellite 1>Earth Ground Station,734.12,-96.76,346,2593,3600,Bundle Flooding
1187,2026-08-01T05:31:26,Rover-3,Earth Ground Station,Mars Surface Rover>Mars Orbiter>Lunar Relay Satellite 2>Lunar Relay Satellite 1>Earth Ground Station,733.97,-90.37,446,2280,3600,Bundle Flooding
341,2026-08-01T05:31:28,Rover-1,Earth Ground Station,Mars Surface Rover>Mars Orbiter>Lunar Relay Satellite 2>Unknown-Relay-X>Lunar Relay Satellite 1>Earth Ground Station,724.98,-92.61,549,242,3600,Relay Tampering
1188,2026-08-01T05:31:28,Rover-3,Earth Ground Station,Mars Surface Rover>Mars Orbiter>Lunar Relay Satellite 2>Lunar Relay Satellite 1>Earth Ground Station,702.82,-91.72,558,2913,3600,Bundle Flooding
1189,2026-08-01T05:31:29,Rover-3,Earth Ground Station,Mars Surface Rover>Mars Orbiter>Lunar Relay Satellite 2>Lunar Relay Satellite 1>Earth Ground Station,716.43,-98.95,449,1562,3600,Bundle Flooding
1190,2026-08-01T05:31:32,Rover-3,Earth Ground Station,Mars Surface Rover>Mars Orbiter>Lunar Relay Satellite 2>Lunar Relay Satellite 1>Earth Ground Station,704.41,-94.45,377,3026,3600,Bundle Flooding
1191,2026-08-01T05:31:35,Rover-3,Earth Ground Station,Mars Surface Rover>Mars Orbiter>Lunar Relay Satellite 2>Lunar Relay Satellite 1>Earth Ground Station,699.64,-97.99,400,1754,3600,Bundle Flooding
1192,2026-08-01T05:31:37,Rover-3,Earth Ground Station,Mars Surface Rover>Mars Orbiter>Lunar Relay Satellite 2>Lunar Relay Satellite 1>Earth Ground Station,707.47,-99.57,314,1707,3600,Bundle Flooding
1193,2026-08-01T05:31:41,Rover-3,Earth Ground Station,Mars Surface Rover>Mars Orbiter>Lunar Relay Satellite 2>Lunar Relay Satellite 1>Earth Ground Station,731.12,-90.65,331,2324,3600,Bundle Flooding
1194,2026-08-01T05:31:42,Rover-3,Earth Ground Station,Mars Surface Rover>Mars Orbiter>Lunar Relay Satellite 2>Lunar Relay Satellite 1>Earth Ground Station,737.65,-90.66,357,1684,3600,Bundle Flooding
1195,2026-08-01T05:31:44,Rover-3,Earth Ground Station,Mars Surface Rover>Mars Orbiter>Lunar Relay Satellite 2>Lunar Relay Satellite 1>Earth Ground Station,723.78,-92.15,612,1759,3600,Bundle Flooding
1196,2026-08-01T05:31:47,Rover-3,Earth Ground Station,Mars Surface Rover>Mars Orbiter>Lunar Relay Satellite 2>Lunar Relay Satellite 1>Earth Ground Station,739.39,-93.55,406,2655,3600,Bundle Flooding
1197,2026-08-01T05:31:48,Rover-3,Earth Ground Station,Mars Surface Rover>Mars Orbiter>Lunar Relay Satellite 2>Lunar Relay Satellite 1>Earth Ground Station,702.68,-95.74,422,1830,3600,Bundle Flooding
1198,2026-08-01T05:31:49,Rover-3,Earth Ground Station,Mars Surface Rover>Mars Orbiter>Lunar Relay Satellite 2>Lunar Relay Satellite 1>Earth Ground Station,740.46,-91.19,457,2623,3600,Bundle Flooding
1199,2026-08-01T05:31:51,Rover-3,Earth Ground Station,Mars Surface Rover>Mars Orbiter>Lunar Relay Satellite 2>Lunar Relay Satellite 1>Earth Ground Station,717.39,-99.35,394,2119,3600,Bundle Flooding
1200,2026-08-01T05:31:53,Rover-3,Earth Ground Station,Mars Surface Rover>Mars Orbiter>Lunar Relay Satellite 2>Lunar Relay Satellite 1>Earth Ground Station,716.01,-97.48,510,2334,3600,Bundle Flooding
754,2026-08-01T05:32:23,Rover-2,Earth Ground Station,Mars Surface Rover>Mars Orbiter>Lunar Relay Satellite 2>Unknown-Relay-X>Lunar Relay Satellite 1>Earth Ground Station,735.04,-93.65,512,247,3600,Relay Tampering
1201,2026-08-01T05:32:36,Unregistered-Node-15,Earth Ground Station,Unregistered-Node>Earth Ground Station,728.84,-89.53,464,248,3600,Unauthorized Injection
342,2026-08-01T05:32:47,Rover-1,Earth Ground Station,Mars Surface Rover>Mars Orbiter>Lunar Relay Satellite 2>Lunar Relay Satellite 1>Unknown-Relay-X>Earth Ground Station,723.36,-93.22,538,255,3600,Relay Tampering
755,2026-08-01T05:33:21,Rover-2,Earth Ground Station,Mars Surface Rover>Unknown-Relay-X>Mars Orbiter>Lunar Relay Satellite 2>Lunar Relay Satellite 1>Earth Ground Station,702.14,-97.52,505,251,3600,Relay Tampering
1202,2026-08-01T05:33:25,Unregistered-Node-71,Earth Ground Station,Unregistered-Node>Earth Ground Station,724.34,-90.6,560,253,3600,Unauthorized Injection
343,2026-08-01T05:33:38,Rover-1,Earth Ground Station,Mars Surface Rover>Mars Orbiter>Lunar Relay Satellite 2>Lunar Relay Satellite 1>Unknown-Relay-X>Earth Ground Station,736.38,-94.98,470,251,3600,Relay Tampering
756,2026-08-01T05:34:11,Rover-2,Earth Ground Station,Mars Surface Rover>Mars Orbiter>Lunar Relay Satellite 2>Unknown-Relay-X>Lunar Relay Satellite 1>Earth Ground Station,705.15,-92.34,537,268,3600,Relay Tampering
344,2026-08-01T05:34:13,Rover-1,Earth Ground Station,Mars Surface Rover>Mars Orbiter>Lunar Relay Satellite 2>Lunar Relay Satellite 1>Unknown-Relay-X>Earth Ground Station,707.69,-93.6,465,255,3600,Relay Tampering
1203,2026-08-01T05:34:39,Unregistered-Node-87,Earth Ground Station,Unregistered-Node>Earth Ground Station,716.89,-88.7,552,268,3600,Unauthorized Injection
345,2026-08-01T05:34:51,Rover-1,Earth Ground Station,Mars Surface Rover>Mars Orbiter>Lunar Relay Satellite 2>Unknown-Relay-X>Lunar Relay Satellite 1>Earth Ground Station,721.59,-98.3,504,271,3600,Relay Tampering
1204,2026-08-01T05:34:59,Unregistered-Node-85,Earth Ground Station,Unregistered-Node>Earth Ground Station,741.54,-103.38,471,253,3600,Unauthorized Injection
757,2026-08-01T05:35:11,Rover-2,Earth Ground Station,Mars Surface Rover>Mars Orbiter>Lunar Relay Satellite 2>Unknown-Relay-X>Lunar Relay Satellite 1>Earth Ground Station,704.62,-96.68,554,268,3600,Relay Tampering
1205,2026-08-01T05:35:26,Unregistered-Node-22,Earth Ground Station,Unregistered-Node>Earth Ground Station,704.59,-74.32,521,239,3600,Unauthorized Injection
1206,2026-08-01T05:35:58,Unregistered-Node-55,Earth Ground Station,Unregistered-Node>Earth Ground Station,713.03,-105.7,562,240,3600,Unauthorized Injection
346,2026-08-01T05:35:59,Rover-1,Earth Ground Station,Mars Surface Rover>Mars Orbiter>Lunar Relay Satellite 2>Unknown-Relay-X>Lunar Relay Satellite 1>Earth Ground Station,715.82,-90.68,466,258,3600,Relay Tampering
758,2026-08-01T05:36:31,Rover-2,Earth Ground Station,Mars Surface Rover>Mars Orbiter>Lunar Relay Satellite 2>Lunar Relay Satellite 1>Unknown-Relay-X>Earth Ground Station,698.88,-98.56,475,237,3600,Relay Tampering
1207,2026-08-01T05:36:35,Unregistered-Node-83,Earth Ground Station,Unregistered-Node>Earth Ground Station,731.44,-116.05,521,266,3600,Unauthorized Injection
347,2026-08-01T05:36:54,Rover-1,Earth Ground Station,Mars Surface Rover>Unknown-Relay-X>Mars Orbiter>Lunar Relay Satellite 2>Lunar Relay Satellite 1>Earth Ground Station,710.87,-93.92,506,258,3600,Relay Tampering
1208,2026-08-01T05:37:17,Unregistered-Node-36,Earth Ground Station,Unregistered-Node>Earth Ground Station,718.96,-78.25,502,255,3600,Unauthorized Injection
348,2026-08-01T05:37:22,Rover-1,Earth Ground Station,Mars Surface Rover>Mars Orbiter>Lunar Relay Satellite 2>Unknown-Relay-X>Lunar Relay Satellite 1>Earth Ground Station,740.52,-93.99,542,249,3600,Relay Tampering
759,2026-08-01T05:37:25,Rover-2,Earth Ground Station,Mars Surface Rover>Mars Orbiter>Lunar Relay Satellite 2>Unknown-Relay-X>Lunar Relay Satellite 1>Earth Ground Station,722.05,-91.06,482,265,3600,Relay Tampering
760,2026-08-01T05:37:58,Rover-2,Earth Ground Station,Mars Surface Rover>Mars Orbiter>Unknown-Relay-X>Lunar Relay Satellite 2>Lunar Relay Satellite 1>Earth Ground Station,716.23,-96.39,513,242,3600,Relay Tampering
761,2026-08-01T05:38:01,Rover-2,Earth Ground Station,Mars Surface Rover>Mars Orbiter>Lunar Relay Satellite 2>Lunar Relay Satellite 1>Earth Ground Station,706.79,-91.97,689,2843,3600,Bundle Flooding
762,2026-08-01T05:38:05,Rover-2,Earth Ground Station,Mars Surface Rover>Mars Orbiter>Lunar Relay Satellite 2>Lunar Relay Satellite 1>Earth Ground Station,726.25,-90.94,545,1839,3600,Bundle Flooding
1209,2026-08-01T05:38:06,Unregistered-Node-18,Earth Ground Station,Unregistered-Node>Earth Ground Station,703.07,-72.66,511,261,3600,Unauthorized Injection
763,2026-08-01T05:38:08,Rover-2,Earth Ground Station,Mars Surface Rover>Mars Orbiter>Lunar Relay Satellite 2>Lunar Relay Satellite 1>Earth Ground Station,713.83,-96.63,386,1643,3600,Bundle Flooding
764,2026-08-01T05:38:12,Rover-2,Earth Ground Station,Mars Surface Rover>Mars Orbiter>Lunar Relay Satellite 2>Lunar Relay Satellite 1>Earth Ground Station,717.87,-96.11,456,2404,3600,Bundle Flooding
765,2026-08-01T05:38:15,Rover-2,Earth Ground Station,Mars Surface Rover>Mars Orbiter>Lunar Relay Satellite 2>Lunar Relay Satellite 1>Earth Ground Station,739.81,-91.85,569,2629,3600,Bundle Flooding
766,2026-08-01T05:38:18,Rover-2,Earth Ground Station,Mars Surface Rover>Mars Orbiter>Lunar Relay Satellite 2>Lunar Relay Satellite 1>Earth Ground Station,734.69,-91.53,454,2246,3600,Bundle Flooding
767,2026-08-01T05:38:21,Rover-2,Earth Ground Station,Mars Surface Rover>Mars Orbiter>Lunar Relay Satellite 2>Lunar Relay Satellite 1>Earth Ground Station,719.44,-91.28,645,1967,3600,Bundle Flooding
768,2026-08-01T05:38:23,Rover-2,Earth Ground Station,Mars Surface Rover>Mars Orbiter>Lunar Relay Satellite 2>Lunar Relay Satellite 1>Earth Ground Station,709.77,-98.67,514,1564,3600,Bundle Flooding
769,2026-08-01T05:38:24,Rover-2,Earth Ground Station,Mars Surface Rover>Mars Orbiter>Lunar Relay Satellite 2>Lunar Relay Satellite 1>Earth Ground Station,733.51,-95.75,413,1592,3600,Bundle Flooding
770,2026-08-01T05:38:28,Rover-2,Earth Ground Station,Mars Surface Rover>Mars Orbiter>Lunar Relay Satellite 2>Lunar Relay Satellite 1>Earth Ground Station,726.65,-91.66,658,2441,3600,Bundle Flooding
349,2026-08-01T05:38:30,Rover-1,Earth Ground Station,Mars Surface Rover>Unknown-Relay-X>Mars Orbiter>Lunar Relay Satellite 2>Lunar Relay Satellite 1>Earth Ground Station,704.63,-95.97,501,237,3600,Relay Tampering
771,2026-08-01T05:38:30,Rover-2,Earth Ground Station,Mars Surface Rover>Mars Orbiter>Lunar Relay Satellite 2>Lunar Relay Satellite 1>Earth Ground Station,718.48,-95.1,654,2553,3600,Bundle Flooding
772,2026-08-01T05:38:32,Rover-2,Earth Ground Station,Mars Surface Rover>Mars Orbiter>Lunar Relay Satellite 2>Lunar Relay Satellite 1>Earth Ground Station,731.11,-91.58,664,2405,3600,Bundle Flooding
773,2026-08-01T05:38:34,Rover-2,Earth Ground Station,Mars Surface Rover>Mars Orbiter>Lunar Relay Satellite 2>Lunar Relay Satellite 1>Earth Ground Station,730.19,-94.84,332,2285,3600,Bundle Flooding
774,2026-08-01T05:38:37,Rover-2,Earth Ground Station,Mars Surface Rover>Mars Orbiter>Lunar Relay Satellite 2>Lunar Relay Satellite 1>Earth Ground Station,708.51,-96.6,683,2132,3600,Bundle Flooding
775,2026-08-01T05:38:38,Rover-2,Earth Ground Station,Mars Surface Rover>Mars Orbiter>Lunar Relay Satellite 2>Lunar Relay Satellite 1>Earth Ground Station,700.12,-96.41,419,2509,3600,Bundle Flooding
776,2026-08-01T05:38:41,Rover-2,Earth Ground Station,Mars Surface Rover>Mars Orbiter>Lunar Relay Satellite 2>Lunar Relay Satellite 1>Earth Ground Station,723.4,-95.67,675,2438,3600,Bundle Flooding
777,2026-08-01T05:38:42,Rover-2,Earth Ground Station,Mars Surface Rover>Mars Orbiter>Lunar Relay Satellite 2>Lunar Relay Satellite 1>Earth Ground Station,720.72,-93.83,662,2078,3600,Bundle Flooding
778,2026-08-01T05:38:46,Rover-2,Earth Ground Station,Mars Surface Rover>Mars Orbiter>Lunar Relay Satellite 2>Lunar Relay Satellite 1>Earth Ground Station,732.64,-98.68,401,2211,3600,Bundle Flooding
779,2026-08-01T05:38:49,Rover-2,Earth Ground Station,Mars Surface Rover>Mars Orbiter>Lunar Relay Satellite 2>Lunar Relay Satellite 1>Earth Ground Station,707.54,-92.03,401,1717,3600,Bundle Flooding
780,2026-08-01T05:38:52,Rover-2,Earth Ground Station,Mars Surface Rover>Mars Orbiter>Lunar Relay Satellite 2>Lunar Relay Satellite 1>Earth Ground Station,729.52,-94.82,648,1783,3600,Bundle Flooding
781,2026-08-01T05:38:53,Rover-2,Earth Ground Station,Mars Surface Rover>Mars Orbiter>Lunar Relay Satellite 2>Lunar Relay Satellite 1>Earth Ground Station,708.93,-91.46,672,2323,3600,Bundle Flooding
782,2026-08-01T05:38:55,Rover-2,Earth Ground Station,Mars Surface Rover>Mars Orbiter>Lunar Relay Satellite 2>Lunar Relay Satellite 1>Earth Ground Station,700.82,-92.7,538,2456,3600,Bundle Flooding
783,2026-08-01T05:38:56,Rover-2,Earth Ground Station,Mars Surface Rover>Mars Orbiter>Lunar Relay Satellite 2>Lunar Relay Satellite 1>Earth Ground Station,736.35,-97.17,555,1868,3600,Bundle Flooding
350,2026-08-01T05:38:58,Rover-1,Earth Ground Station,Mars Surface Rover>Mars Orbiter>Unknown-Relay-X>Lunar Relay Satellite 2>Lunar Relay Satellite 1>Earth Ground Station,729.23,-97.89,513,241,3600,Relay Tampering
784,2026-08-01T05:39:00,Rover-2,Earth Ground Station,Mars Surface Rover>Mars Orbiter>Lunar Relay Satellite 2>Lunar Relay Satellite 1>Earth Ground Station,735.87,-91.87,643,2756,3600,Bundle Flooding
351,2026-08-01T05:39:01,Rover-1,Earth Ground Station,Mars Surface Rover>Mars Orbiter>Lunar Relay Satellite 2>Lunar Relay Satellite 1>Earth Ground Station,738.64,-93.28,550,2830,3600,Bundle Flooding
785,2026-08-01T05:39:02,Rover-2,Earth Ground Station,Mars Surface Rover>Mars Orbiter>Lunar Relay Satellite 2>Lunar Relay Satellite 1>Earth Ground Station,725.32,-95.1,551,2952,3600,Bundle Flooding
786,2026-08-01T05:39:03,Rover-2,Earth Ground Station,Mars Surface Rover>Mars Orbiter>Lunar Relay Satellite 2>Lunar Relay Satellite 1>Earth Ground Station,708.33,-93.91,513,2856,3600,Bundle Flooding
352,2026-08-01T05:39:05,Rover-1,Earth Ground Station,Mars Surface Rover>Mars Orbiter>Lunar Relay Satellite 2>Lunar Relay Satellite 1>Earth Ground Station,729.02,-93.1,708,2570,3600,Bundle Flooding
787,2026-08-01T05:39:07,Rover-2,Earth Ground Station,Mars Surface Rover>Mars Orbiter>Lunar Relay Satellite 2>Lunar Relay Satellite 1>Earth Ground Station,734.11,-96.0,666,2457,3600,Bundle Flooding
353,2026-08-01T05:39:08,Rover-1,Earth Ground Station,Mars Surface Rover>Mars Orbiter>Lunar Relay Satellite 2>Lunar Relay Satellite 1>Earth Ground Station,732.82,-97.14,703,2264,3600,Bundle Flooding
788,2026-08-01T05:39:08,Rover-2,Earth Ground Station,Mars Surface Rover>Mars Orbiter>Lunar Relay Satellite 2>Lunar Relay Satellite 1>Earth Ground Station,702.43,-96.51,691,1537,3600,Bundle Flooding
354,2026-08-01T05:39:10,Rover-1,Earth Ground Station,Mars Surface Rover>Mars Orbiter>Lunar Relay Satellite 2>Lunar Relay Satellite 1>Earth Ground Station,729.56,-95.79,651,2487,3600,Bundle Flooding
355,2026-08-01T05:39:12,Rover-1,Earth Ground Station,Mars Surface Rover>Mars Orbiter>Lunar Relay Satellite 2>Lunar Relay Satellite 1>Earth Ground Station,733.9,-92.55,487,1829,3600,Bundle Flooding
789,2026-08-01T05:39:12,Rover-2,Earth Ground Station,Mars Surface Rover>Mars Orbiter>Lunar Relay Satellite 2>Lunar Relay Satellite 1>Earth Ground Station,720.95,-93.77,635,1888,3600,Bundle Flooding
1210,2026-08-01T05:39:13,Unregistered-Node-49,Earth Ground Station,Unregistered-Node>Earth Ground Station,700.68,-99.97,530,275,3600,Unauthorized Injection
356,2026-08-01T05:39:16,Rover-1,Earth Ground Station,Mars Surface Rover>Mars Orbiter>Lunar Relay Satellite 2>Lunar Relay Satellite 1>Earth Ground Station,704.94,-96.81,664,2949,3600,Bundle Flooding
790,2026-08-01T05:39:16,Rover-2,Earth Ground Station,Mars Surface Rover>Mars Orbiter>Lunar Relay Satellite 2>Lunar Relay Satellite 1>Earth Ground Station,713.54,-97.89,481,2420,3600,Bundle Flooding
357,2026-08-01T05:39:17,Rover-1,Earth Ground Station,Mars Surface Rover>Mars Orbiter>Lunar Relay Satellite 2>Lunar Relay Satellite 1>Earth Ground Station,728.89,-95.18,461,2270,3600,Bundle Flooding
358,2026-08-01T05:39:19,Rover-1,Earth Ground Station,Mars Surface Rover>Mars Orbiter>Lunar Relay Satellite 2>Lunar Relay Satellite 1>Earth Ground Station,718.26,-95.31,586,2868,3600,Bundle Flooding
359,2026-08-01T05:39:22,Rover-1,Earth Ground Station,Mars Surface Rover>Mars Orbiter>Lunar Relay Satellite 2>Lunar Relay Satellite 1>Earth Ground Station,724.76,-92.08,705,1881,3600,Bundle Flooding
360,2026-08-01T05:39:25,Rover-1,Earth Ground Station,Mars Surface Rover>Mars Orbiter>Lunar Relay Satellite 2>Lunar Relay Satellite 1>Earth Ground Station,731.71,-96.95,536,2272,3600,Bundle Flooding
361,2026-08-01T05:39:28,Rover-1,Earth Ground Station,Mars Surface Rover>Mars Orbiter>Lunar Relay Satellite 2>Lunar Relay Satellite 1>Earth Ground Station,710.83,-95.7,448,2142,3600,Bundle Flooding
362,2026-08-01T05:39:30,Rover-1,Earth Ground Station,Mars Surface Rover>Mars Orbiter>Lunar Relay Satellite 2>Lunar Relay Satellite 1>Earth Ground Station,710.95,-92.98,412,2215,3600,Bundle Flooding
363,2026-08-01T05:39:34,Rover-1,Earth Ground Station,Mars Surface Rover>Mars Orbiter>Lunar Relay Satellite 2>Lunar Relay Satellite 1>Earth Ground Station,707.64,-98.12,351,1953,3600,Bundle Flooding
364,2026-08-01T05:39:36,Rover-1,Earth Ground Station,Mars Surface Rover>Mars Orbiter>Lunar Relay Satellite 2>Lunar Relay Satellite 1>Earth Ground Station,708.87,-96.61,476,1616,3600,Bundle Flooding
365,2026-08-01T05:39:40,Rover-1,Earth Ground Station,Mars Surface Rover>Mars Orbiter>Lunar Relay Satellite 2>Lunar Relay Satellite 1>Earth Ground Station,702.74,-97.57,473,2963,3600,Bundle Flooding
366,2026-08-01T05:39:44,Rover-1,Earth Ground Station,Mars Surface Rover>Mars Orbiter>Lunar Relay Satellite 2>Lunar Relay Satellite 1>Earth Ground Station,719.03,-92.14,679,2528,3600,Bundle Flooding
367,2026-08-01T05:39:45,Rover-1,Earth Ground Station,Mars Surface Rover>Mars Orbiter>Lunar Relay Satellite 2>Lunar Relay Satellite 1>Earth Ground Station,726.58,-92.46,684,1593,3600,Bundle Flooding
368,2026-08-01T05:39:49,Rover-1,Earth Ground Station,Mars Surface Rover>Mars Orbiter>Lunar Relay Satellite 2>Lunar Relay Satellite 1>Earth Ground Station,736.51,-91.92,510,2145,3600,Bundle Flooding
369,2026-08-01T05:39:52,Rover-1,Earth Ground Station,Mars Surface Rover>Mars Orbiter>Lunar Relay Satellite 2>Lunar Relay Satellite 1>Earth Ground Station,736.28,-90.34,423,3045,3600,Bundle Flooding
791,2026-08-01T05:39:52,Unregistered-Node-70,Earth Ground Station,Unregistered-Node>Earth Ground Station,719.01,-90.66,548,247,3600,Unauthorized Injection
1211,2026-08-01T05:39:53,Unregistered-Node-97,Earth Ground Station,Unregistered-Node>Earth Ground Station,705.0,-95.95,470,238,3600,Unauthorized Injection
370,2026-08-01T05:39:56,Rover-1,Earth Ground Station,Mars Surface Rover>Mars Orbiter>Lunar Relay Satellite 2>Lunar Relay Satellite 1>Earth Ground Station,736.82,-91.52,442,2778,3600,Bundle Flooding
371,2026-08-01T05:40:00,Rover-1,Earth Ground Station,Mars Surface Rover>Mars Orbiter>Lunar Relay Satellite 2>Lunar Relay Satellite 1>Earth Ground Station,726.41,-97.08,583,1989,3600,Bundle Flooding
372,2026-08-01T05:40:02,Rover-1,Earth Ground Station,Mars Surface Rover>Mars Orbiter>Lunar Relay Satellite 2>Lunar Relay Satellite 1>Earth Ground Station,705.98,-98.38,342,2327,3600,Bundle Flooding
373,2026-08-01T05:40:03,Rover-1,Earth Ground Station,Mars Surface Rover>Mars Orbiter>Lunar Relay Satellite 2>Lunar Relay Satellite 1>Earth Ground Station,706.38,-91.59,403,1936,3600,Bundle Flooding
374,2026-08-01T05:40:06,Rover-1,Earth Ground Station,Mars Surface Rover>Mars Orbiter>Lunar Relay Satellite 2>Lunar Relay Satellite 1>Earth Ground Station,739.61,-93.12,590,2540,3600,Bundle Flooding
375,2026-08-01T05:40:07,Rover-1,Earth Ground Station,Mars Surface Rover>Mars Orbiter>Lunar Relay Satellite 2>Lunar Relay Satellite 1>Earth Ground Station,727.25,-94.67,670,2953,3600,Bundle Flooding
376,2026-08-01T05:40:10,Rover-1,Earth Ground Station,Mars Surface Rover>Mars Orbiter>Lunar Relay Satellite 2>Lunar Relay Satellite 1>Earth Ground Station,728.22,-96.32,699,1875,3600,Bundle Flooding
377,2026-08-01T05:40:14,Rover-1,Earth Ground Station,Mars Surface Rover>Mars Orbiter>Lunar Relay Satellite 2>Lunar Relay Satellite 1>Earth Ground Station,705.02,-97.35,500,2379,3600,Bundle Flooding
378,2026-08-01T05:40:16,Rover-1,Earth Ground Station,Mars Surface Rover>Mars Orbiter>Lunar Relay Satellite 2>Lunar Relay Satellite 1>Earth Ground Station,731.31,-96.71,523,2343,3600,Bundle Flooding
379,2026-08-01T05:40:19,Rover-1,Earth Ground Station,Mars Surface Rover>Mars Orbiter>Lunar Relay Satellite 2>Lunar Relay Satellite 1>Earth Ground Station,701.77,-95.61,541,2312,3600,Bundle Flooding
380,2026-08-01T05:40:21,Rover-1,Earth Ground Station,Mars Surface Rover>Mars Orbiter>Lunar Relay Satellite 2>Lunar Relay Satellite 1>Earth Ground Station,705.51,-98.37,507,2637,3600,Bundle Flooding
792,2026-08-01T05:40:24,Unregistered-Node-67,Earth Ground Station,Unregistered-Node>Earth Ground Station,698.64,-71.59,461,256,3600,Unauthorized Injection
1212,2026-08-01T05:40:44,Unregistered-Node-34,Earth Ground Station,Unregistered-Node>Earth Ground Station,732.65,-97.02,528,255,3600,Unauthorized Injection
793,2026-08-01T05:41:25,Unregistered-Node-55,Earth Ground Station,Unregistered-Node>Earth Ground Station,707.27,-102.2,502,239,3600,Unauthorized Injection
381,2026-08-01T05:41:38,Unregistered-Node-59,Earth Ground Station,Unregistered-Node>Earth Ground Station,720.45,-98.04,507,256,3600,Unauthorized Injection
1213,2026-08-01T05:41:55,Unregistered-Node-56,Earth Ground Station,Unregistered-Node>Earth Ground Station,735.54,-113.06,558,236,3600,Unauthorized Injection
794,2026-08-01T05:42:01,Unregistered-Node-88,Earth Ground Station,Unregistered-Node>Earth Ground Station,709.69,-90.13,518,260,3600,Unauthorized Injection
1214,2026-08-01T05:42:22,Unregistered-Node-5,Earth Ground Station,Unregistered-Node>Earth Ground Station,714.97,-79.65,499,254,3600,Unauthorized Injection
382,2026-08-01T05:42:33,Unregistered-Node-1,Earth Ground Station,Unregistered-Node>Earth Ground Station,718.37,-106.68,534,251,3600,Unauthorized Injection
795,2026-08-01T05:42:34,Unregistered-Node-72,Earth Ground Station,Unregistered-Node>Earth Ground Station,716.25,-94.23,510,250,3600,Unauthorized Injection
796,2026-08-01T05:43:13,Unregistered-Node-85,Earth Ground Station,Unregistered-Node>Earth Ground Station,723.35,-76.91,501,241,3600,Unauthorized Injection
1215,2026-08-01T05:43:24,Unregistered-Node-18,Earth Ground Station,Unregistered-Node>Earth Ground Station,735.57,-86.09,533,255,3600,Unauthorized Injection
383,2026-08-01T05:43:30,Unregistered-Node-8,Earth Ground Station,Unregistered-Node>Earth Ground Station,701.55,-115.64,532,257,3600,Unauthorized Injection
797,2026-08-01T05:43:47,Unregistered-Node-52,Earth Ground Station,Unregistered-Node>Earth Ground Station,717.69,-108.59,477,244,3600,Unauthorized Injection
384,2026-08-01T05:43:54,Unregistered-Node-18,Earth Ground Station,Unregistered-Node>Earth Ground Station,741.0,-107.63,490,242,3600,Unauthorized Injection
1216,2026-08-01T05:44:08,Unregistered-Node-88,Earth Ground Station,Unregistered-Node>Earth Ground Station,719.46,-96.87,529,262,3600,Unauthorized Injection
798,2026-08-01T05:44:58,Unregistered-Node-82,Earth Ground Station,Unregistered-Node>Earth Ground Station,722.18,-71.5,533,242,3600,Unauthorized Injection
1217,2026-08-01T05:44:58,Unregistered-Node-64,Earth Ground Station,Unregistered-Node>Earth Ground Station,718.96,-99.32,512,251,3600,Unauthorized Injection
385,2026-08-01T05:45:00,Unregistered-Node-49,Earth Ground Station,Unregistered-Node>Earth Ground Station,726.3,-89.09,562,251,3600,Unauthorized Injection
799,2026-08-01T05:45:23,Unregistered-Node-34,Earth Ground Station,Unregistered-Node>Earth Ground Station,733.96,-81.78,522,239,3600,Unauthorized Injection
1218,2026-08-01T05:45:42,Unregistered-Node-4,Earth Ground Station,Unregistered-Node>Earth Ground Station,725.05,-99.3,560,248,3600,Unauthorized Injection
800,2026-08-01T05:45:48,Unregistered-Node-84,Earth Ground Station,Unregistered-Node>Earth Ground Station,724.71,-96.0,556,251,3600,Unauthorized Injection
386,2026-08-01T05:46:03,Unregistered-Node-16,Earth Ground Station,Unregistered-Node>Earth Ground Station,740.05,-79.73,474,270,3600,Unauthorized Injection
1219,2026-08-01T05:46:10,Unregistered-Node-81,Earth Ground Station,Unregistered-Node>Earth Ground Station,734.56,-87.46,536,236,3600,Unauthorized Injection
1220,2026-08-01T05:46:36,Unregistered-Node-32,Earth Ground Station,Unregistered-Node>Earth Ground Station,716.9,-83.01,502,237,3600,Unauthorized Injection
801,2026-08-01T05:46:53,Unregistered-Node-64,Earth Ground Station,Unregistered-Node>Earth Ground Station,740.02,-92.1,540,242,3600,Unauthorized Injection
387,2026-08-01T05:46:57,Unregistered-Node-97,Earth Ground Station,Unregistered-Node>Earth Ground Station,715.38,-72.33,561,269,3600,Unauthorized Injection
802,2026-08-01T05:47:25,Unregistered-Node-77,Earth Ground Station,Unregistered-Node>Earth Ground Station,735.14,-95.5,513,243,3600,Unauthorized Injection
388,2026-08-01T05:47:36,Unregistered-Node-30,Earth Ground Station,Unregistered-Node>Earth Ground Station,718.4,-83.01,504,251,3600,Unauthorized Injection
1221,2026-08-01T05:47:37,Unregistered-Node-15,Earth Ground Station,Unregistered-Node>Earth Ground Station,711.88,-87.29,531,271,3600,Unauthorized Injection
1222,2026-08-01T05:47:58,Unregistered-Node-66,Earth Ground Station,Unregistered-Node>Earth Ground Station,721.66,-114.07,528,252,3600,Unauthorized Injection
389,2026-08-01T05:48:18,Unregistered-Node-5,Earth Ground Station,Unregistered-Node>Earth Ground Station,705.1,-109.7,550,266,3600,Unauthorized Injection
803,2026-08-01T05:48:29,Unregistered-Node-1,Earth Ground Station,Unregistered-Node>Earth Ground Station,708.41,-117.59,464,245,3600,Unauthorized Injection
1223,2026-08-01T05:48:35,Unregistered-Node-74,Earth Ground Station,Unregistered-Node>Earth Ground Station,699.28,-89.79,463,248,3600,Unauthorized Injection
804,2026-08-01T05:48:54,Unregistered-Node-76,Earth Ground Station,Unregistered-Node>Earth Ground Station,741.46,-80.76,496,251,3600,Unauthorized Injection
390,2026-08-01T05:49:04,Unregistered-Node-9,Earth Ground Station,Unregistered-Node>Earth Ground Station,724.96,-76.04,551,245,3600,Unauthorized Injection
805,2026-08-01T05:49:14,Unregistered-Node-72,Earth Ground Station,Unregistered-Node>Earth Ground Station,730.24,-114.71,470,247,3600,Unauthorized Injection
391,2026-08-01T05:49:26,Unregistered-Node-6,Earth Ground Station,Unregistered-Node>Earth Ground Station,717.69,-90.36,550,245,3600,Unauthorized Injection
1224,2026-08-01T05:49:31,Unregistered-Node-64,Earth Ground Station,Unregistered-Node>Earth Ground Station,702.62,-95.13,531,243,3600,Unauthorized Injection
806,2026-08-01T05:49:56,Unregistered-Node-59,Earth Ground Station,Unregistered-Node>Earth Ground Station,713.41,-115.41,483,274,3600,Unauthorized Injection
392,2026-08-01T05:50:00,Unregistered-Node-38,Earth Ground Station,Unregistered-Node>Earth Ground Station,721.72,-82.37,540,241,3600,Unauthorized Injection
1225,2026-08-01T05:50:39,Unregistered-Node-26,Earth Ground Station,Unregistered-Node>Earth Ground Station,727.23,-94.86,491,275,3600,Unauthorized Injection
807,2026-08-01T05:50:52,Unregistered-Node-65,Earth Ground Station,Unregistered-Node>Earth Ground Station,698.6,-85.23,512,258,3600,Unauthorized Injection
393,2026-08-01T05:51:18,Unregistered-Node-42,Earth Ground Station,Unregistered-Node>Earth Ground Station,730.0,-82.5,522,263,3600,Unauthorized Injection
1226,2026-08-01T05:51:53,Unregistered-Node-34,Earth Ground Station,Unregistered-Node>Earth Ground Station,740.48,-73.51,547,244,3600,Unauthorized Injection
808,2026-08-01T05:52:12,Unregistered-Node-74,Earth Ground Station,Unregistered-Node>Earth Ground Station,703.45,-83.13,487,257,3600,Unauthorized Injection
394,2026-08-01T05:52:34,Unregistered-Node-8,Earth Ground Station,Unregistered-Node>Earth Ground Station,704.59,-97.69,483,247,3600,Unauthorized Injection
1227,2026-08-01T05:52:49,Unregistered-Node-75,Earth Ground Station,Unregistered-Node>Earth Ground Station,715.77,-75.75,536,239,3600,Unauthorized Injection
809,2026-08-01T05:53:00,Unregistered-Node-59,Earth Ground Station,Unregistered-Node>Earth Ground Station,740.13,-103.63,539,266,3600,Unauthorized Injection
1228,2026-08-01T05:53:30,Unregistered-Node-45,Earth Ground Station,Unregistered-Node>Earth Ground Station,710.21,-109.04,515,253,3600,Unauthorized Injection
395,2026-08-01T05:53:31,Unregistered-Node-64,Earth Ground Station,Unregistered-Node>Earth Ground Station,736.4,-73.48,524,253,3600,Unauthorized Injection
396,2026-08-01T05:54:13,Unregistered-Node-54,Earth Ground Station,Unregistered-Node>Earth Ground Station,739.08,-90.64,541,248,3600,Unauthorized Injection
810,2026-08-01T05:54:17,Unregistered-Node-82,Earth Ground Station,Unregistered-Node>Earth Ground Station,723.75,-108.71,472,238,3600,Unauthorized Injection
1229,2026-08-01T05:54:31,Unregistered-Node-41,Earth Ground Station,Unregistered-Node>Earth Ground Station,733.99,-80.75,491,262,3600,Unauthorized Injection
811,2026-08-01T05:54:51,Unregistered-Node-67,Earth Ground Station,Unregistered-Node>Earth Ground Station,727.64,-96.69,493,274,3600,Unauthorized Injection
397,2026-08-01T05:54:52,Unregistered-Node-39,Earth Ground Station,Unregistered-Node>Earth Ground Station,714.66,-111.98,509,270,3600,Unauthorized Injection
1230,2026-08-01T05:55:16,Unregistered-Node-3,Earth Ground Station,Unregistered-Node>Earth Ground Station,709.25,-101.07,529,257,3600,Unauthorized Injection
398,2026-08-01T05:55:21,Unregistered-Node-72,Earth Ground Station,Unregistered-Node>Earth Ground Station,733.21,-96.42,518,275,3600,Unauthorized Injection
812,2026-08-01T05:55:55,Unregistered-Node-44,Earth Ground Station,Unregistered-Node>Earth Ground Station,734.35,-74.86,470,263,3600,Unauthorized Injection
399,2026-08-01T05:56:05,Unregistered-Node-48,Earth Ground Station,Unregistered-Node>Earth Ground Station,708.89,-75.64,527,273,3600,Unauthorized Injection
400,2026-08-01T05:57:11,Unregistered-Node-6,Earth Ground Station,Unregistered-Node>Earth Ground Station,734.23,-112.75,499,260,3600,Unauthorized Injection
813,2026-08-01T05:57:14,Unregistered-Node-24,Earth Ground Station,Unregistered-Node>Earth Ground Station,706.11,-116.24,483,259,3600,Unauthorized Injection
401,2026-08-01T05:57:43,Unregistered-Node-27,Earth Ground Station,Unregistered-Node>Earth Ground Station,733.16,-112.55,529,244,3600,Unauthorized Injection
814,2026-08-01T05:58:17,Unregistered-Node-31,Earth Ground Station,Unregistered-Node>Earth Ground Station,738.59,-112.71,536,245,3600,Unauthorized Injection
402,2026-08-01T05:58:24,Unregistered-Node-95,Earth Ground Station,Unregistered-Node>Earth Ground Station,711.5,-76.82,482,243,3600,Unauthorized Injection
815,2026-08-01T05:58:50,Unregistered-Node-14,Earth Ground Station,Unregistered-Node>Earth Ground Station,708.3,-76.94,546,250,3600,Unauthorized Injection
816,2026-08-01T05:59:15,Unregistered-Node-70,Earth Ground Station,Unregistered-Node>Earth Ground Station,727.6,-116.75,523,266,3600,Unauthorized Injection
403,2026-08-01T05:59:32,Unregistered-Node-31,Earth Ground Station,Unregistered-Node>Earth Ground Station,719.09,-97.47,522,243,3600,Unauthorized Injection
817,2026-08-01T06:00:29,Unregistered-Node-74,Earth Ground Station,Unregistered-Node>Earth Ground Station,719.24,-112.52,511,275,3600,Unauthorized Injection
404,2026-08-01T06:00:41,Unregistered-Node-47,Earth Ground Station,Unregistered-Node>Earth Ground Station,710.63,-95.61,527,248,3600,Unauthorized Injection
818,2026-08-01T06:01:20,Unregistered-Node-97,Earth Ground Station,Unregistered-Node>Earth Ground Station,706.3,-98.64,513,251,3600,Unauthorized Injection
405,2026-08-01T06:01:32,Unregistered-Node-41,Earth Ground Station,Unregistered-Node>Earth Ground Station,718.53,-114.68,534,266,3600,Unauthorized Injection
819,2026-08-01T06:01:43,Unregistered-Node-45,Earth Ground Station,Unregistered-Node>Earth Ground Station,721.11,-89.95,557,236,3600,Unauthorized Injection
406,2026-08-01T06:02:15,Unregistered-Node-3,Earth Ground Station,Unregistered-Node>Earth Ground Station,711.92,-83.64,549,265,3600,Unauthorized Injection
820,2026-08-01T06:02:46,Unregistered-Node-41,Earth Ground Station,Unregistered-Node>Earth Ground Station,731.92,-103.99,473,256,3600,Unauthorized Injection
407,2026-08-01T06:03:34,Unregistered-Node-30,Earth Ground Station,Unregistered-Node>Earth Ground Station,723.63,-89.29,491,243,3600,Unauthorized Injection
408,2026-08-01T06:04:47,Unregistered-Node-98,Earth Ground Station,Unregistered-Node>Earth Ground Station,709.02,-110.28,557,249,3600,Unauthorized Injection
409,2026-08-01T06:05:53,Unregistered-Node-22,Earth Ground Station,Unregistered-Node>Earth Ground Station,726.12,-77.9,478,268,3600,Unauthorized Injection
410,2026-08-01T06:06:47,Unregistered-Node-8,Earth Ground Station,Unregistered-Node>Earth Ground Station,719.5,-96.14,516,261,3600,Unauthorized Injection
