bundle_id,timestamp,source,destination,relay_path,propagation_delay_sec,rss_dbm,packet_size_bytes,transmission_rate_bps,ttl_original,status,St,Sl,Sr,Sh,Sc,trust_score,dynamic_trust,anomaly_confidence,lineage_score,combined_confidence,ttl_new,verdict
1,2026-08-01T00:01:10,Rover-1,Earth Ground Station,Mars Surface Rover>Mars Orbiter>Lunar Relay Satellite 2>Lunar Relay Satellite 1>Earth Ground Station,703.21,-97.29,485,241,3600,Normal,1.0,1.0,1.0,1.0,0.892,0.973,0.996,0.108,1.0,0.991,3566,Legitimate
2,2026-08-01T00:01:46,Rover-1,Earth Ground Station,Mars Surface Rover>Mars Orbiter>Lunar Relay Satellite 2>Lunar Relay Satellite 1>Earth Ground Station,727.63,-98.73,469,252,3600,Normal,1.0,1.0,1.0,1.0,0.893,0.973,0.993,0.107,1.0,0.99,3563,Legitimate
3,2026-08-01T00:02:17,Rover-1,Earth Ground Station,Mars Surface Rover>Mars Orbiter>Lunar Relay Satellite 2>Lunar Relay Satellite 1>Earth Ground Station,702.45,-92.46,522,258,3600,Normal,1.0,1.0,1.0,1.0,0.931,0.983,0.991,0.069,1.0,0.992,3572,Legitimate
4,2026-08-01T00:03:32,Rover-1,Earth Ground Station,Mars Surface Rover>Mars Orbiter>Lunar Relay Satellite 2>Lunar Relay Satellite 1>Earth Ground Station,726.48,-95.43,483,259,3600,Normal,1.0,0.518,0.873,0.695,0.956,0.837,0.968,0.044,1.0,0.94,3385,Legitimate
5,2026-08-01T00:04:53,Rover-1,Earth Ground Station,Mars Surface Rover>Mars Orbiter>Lunar Relay Satellite 2>Lunar Relay Satellite 1>Earth Ground Station,735.95,-97.46,477,252,3600,Normal,0.425,0.42,0.729,0.575,0.885,0.615,0.915,0.115,1.0,0.852,3065,Legitimate
6,2026-08-01T00:05:40,Rover-1,Earth Ground Station,Mars Surface Rover>Mars Orbiter>Lunar Relay Satellite 2>Lunar Relay Satellite 1>Earth Ground Station,705.12,-99.34,495,239,3600,Normal,0.823,0.6,0.495,0.547,0.848,0.691,0.881,0.152,1.0,0.865,3116,Legitimate
7,2026-08-01T00:06:16,Rover-1,Earth Ground Station,Mars Surface Rover>Mars Orbiter>Lunar Relay Satellite 2>Lunar Relay Satellite 1>Earth Ground Station,713.91,-93.52,487,237,3600,Normal,0.643,0.899,0.491,0.695,0.929,0.74,0.86,0.071,1.0,0.875,3149,Legitimate
8,2026-08-01T00:07:15,Rover-1,Earth Ground Station,Mars Surface Rover>Mars Orbiter>Lunar Relay Satellite 2>Lunar Relay Satellite 1>Earth Ground Station,721.57,-99.49,499,258,3600,Normal,0.817,0.814,0.518,0.666,0.932,0.77,0.847,0.068,1.0,0.88,3169,Legitimate
9,2026-08-01T00:08:38,Rover-1,Earth Ground Station,Mars Surface Rover>Mars Orbiter>Lunar Relay Satellite 2>Lunar Relay Satellite 1>Earth Ground Station,725.56,-98.66,497,243,3600,Normal,0.434,0.699,0.676,0.688,0.93,0.685,0.823,0.07,1.0,0.844,3039,Legitimate
10,2026-08-01T00:09:12,Rover-1,Earth Ground Station,Mars Surface Rover>Mars Orbiter>Lunar Relay Satellite 2>Lunar Relay Satellite 1>Earth Ground Station,700.38,-92.42,490,238,3600,Normal,0.578,0.467,0.394,0.43,0.85,0.572,0.785,0.15,1.0,0.792,2853,Legitimate
11,2026-08-01T00:09:56,Rover-1,Earth Ground Station,Mars Surface Rover>Mars Orbiter>Lunar Relay Satellite 2>Lunar Relay Satellite 1>Earth Ground Station,735.83,-93.86,507,269,3600,Normal,0.789,0.447,0.612,0.529,0.916,0.691,0.771,0.084,1.0,0.829,2983,Legitimate
12,2026-08-01T00:10:36,Rover-1,Earth Ground Station,Mars Surface Rover>Mars Orbiter>Lunar Relay Satellite 2>Lunar Relay Satellite 1>Earth Ground Station,714.39,-92.24,488,273,3600,Normal,0.722,0.869,0.47,0.67,0.914,0.744,0.767,0.086,1.0,0.845,3043,Legitimate
13,2026-08-01T00:11:47,Rover-1,Earth Ground Station,Mars Surface Rover>Mars Orbiter>Lunar Relay Satellite 2>Lunar Relay Satellite 1>Earth Ground Station,701.48,-96.28,515,245,3600,Normal,0.595,0.519,0.935,0.727,0.915,0.741,0.763,0.085,1.0,0.843,3034,Legitimate
14,2026-08-01T00:12:46,Rover-1,Earth Ground Station,Mars Surface Rover>Mars Orbiter>Lunar Relay Satellite 2>Lunar Relay Satellite 1>Earth Ground Station,714.79,-99.65,526,258,3600,Normal,0.854,0.936,0.498,0.717,0.921,0.802,0.769,0.079,1.0,0.865,3115,Legitimate
15,2026-08-01T00:13:59,Rover-1,Earth Ground Station,Mars Surface Rover>Mars Orbiter>Lunar Relay Satellite 2>Lunar Relay Satellite 1>Earth Ground Station,712.41,-97.55,466,269,3600,Normal,0.585,0.851,0.782,0.817,0.871,0.772,0.769,0.129,1.0,0.855,3079,Legitimate
16,2026-08-01T00:15:20,Rover-1,Earth Ground Station,Mars Surface Rover>Mars Orbiter>Lunar Relay Satellite 2>Lunar Relay Satellite 1>Earth Ground Station,712.03,-92.79,482,274,3600,Normal,0.488,0.843,0.519,0.681,0.897,0.687,0.757,0.103,1.0,0.822,2961,Legitimate
17,2026-08-01T00:16:46,Rover-1,Earth Ground Station,Mars Surface Rover>Mars Orbiter>Lunar Relay Satellite 2>Lunar Relay Satellite 1>Earth Ground Station,729.41,-92.27,511,271,3600,Normal,0.457,0.554,0.497,0.525,0.934,0.61,0.735,0.066,1.0,0.788,2837,Legitimate
18,2026-08-01T00:17:57,Rover-1,Earth Ground Station,Mars Surface Rover>Mars Orbiter>Lunar Relay Satellite 2>Lunar Relay Satellite 1>Earth Ground Station,718.22,-92.77,486,258,3600,Normal,0.725,0.934,0.575,0.754,0.969,0.801,0.745,0.031,1.0,0.857,3085,Legitimate
19,2026-08-01T00:18:43,Rover-1,Earth Ground Station,Mars Surface Rover>Mars Orbiter>Lunar Relay Satellite 2>Lunar Relay Satellite 1>Earth Ground Station,730.67,-94.32,520,250,3600,Normal,0.707,0.539,0.784,0.662,0.973,0.751,0.746,0.027,1.0,0.84,3026,Legitimate
20,2026-08-01T00:19:21,Rover-1,Earth Ground Station,Mars Surface Rover>Mars Orbiter>Lunar Relay Satellite 2>Lunar Relay Satellite 1>Earth Ground Station,720.41,-91.11,465,240,3600,Normal,0.58,0.878,0.44,0.659,0.826,0.681,0.736,0.174,1.0,0.813,2928,Legitimate
21,2026-08-01T00:20:31,Rover-1,Earth Ground Station,Mars Surface Rover>Mars Orbiter>Lunar Relay Satellite 2>Lunar Relay Satellite 1>Earth Ground Station,705.31,-96.71,521,251,3600,Normal,0.717,0.576,0.792,0.684,0.948,0.758,0.739,0.052,1.0,0.84,3026,Legitimate
22,2026-08-01T00:21:39,Rover-1,Earth Ground Station,Mars Surface Rover>Mars Orbiter>Lunar Relay Satellite 2>Lunar Relay Satellite 1>Earth Ground Station,741.43,-95.28,560,270,3600,Normal,0.765,0.336,0.971,0.653,0.794,0.716,0.736,0.206,1.0,0.825,2971,Legitimate
23,2026-08-01T00:22:09,Rover-1,Earth Ground Station,Mars Surface Rover>Mars Orbiter>Lunar Relay Satellite 2>Lunar Relay Satellite 1>Earth Ground Station,727.79,-91.34,551,266,3600,Normal,0.458,0.67,0.472,0.571,0.891,0.623,0.719,0.109,1.0,0.787,2834,Legitimate
24,2026-08-01T00:23:28,Rover-1,Earth Ground Station,Mars Surface Rover>Mars Orbiter>Lunar Relay Satellite 2>Lunar Relay Satellite 1>Earth Ground Station,726.09,-91.31,505,254,3600,Normal,0.561,0.729,0.493,0.611,0.97,0.688,0.714,0.03,1.0,0.808,2909,Legitimate
25,2026-08-01T00:24:44,Rover-1,Earth Ground Station,Mars Surface Rover>Mars Orbiter>Lunar Relay Satellite 2>Lunar Relay Satellite 1>Earth Ground Station,736.24,-92.75,512,242,3600,Normal,0.625,0.479,0.662,0.571,0.902,0.667,0.707,0.098,1.0,0.798,2874,Legitimate
26,2026-08-01T00:26:12,Rover-1,Earth Ground Station,Mars Surface Rover>Mars Orbiter>Lunar Relay Satellite 2>Lunar Relay Satellite 1>Earth Ground Station,703.0,-96.19,546,256,3600,Normal,0.463,0.503,0.81,0.657,0.901,0.669,0.702,0.099,1.0,0.797,2870,Legitimate
27,2026-08-01T00:26:54,Rover-1,Earth Ground Station,Mars Surface Rover>Mars Orbiter>Lunar Relay Satellite 2>Lunar Relay Satellite 1>Earth Ground Station,705.0,-97.49,516,267,3600,Normal,0.627,0.566,0.645,0.605,0.945,0.696,0.701,0.055,1.0,0.806,2903,Legitimate
28,2026-08-01T00:27:57,Rover-1,Earth Ground Station,Mars Surface Rover>Mars Orbiter>Lunar Relay Satellite 2>Lunar Relay Satellite 1>Earth Ground Station,738.08,-95.94,510,240,3600,Normal,0.911,0.449,0.865,0.657,0.872,0.774,0.712,0.128,1.0,0.837,3012,Legitimate
29,2026-08-01T00:28:50,Rover-1,Earth Ground Station,Mars Surface Rover>Mars Orbiter>Lunar Relay Satellite 2>Lunar Relay Satellite 1>Earth Ground Station,736.36,-98.15,492,237,3600,Normal,0.842,0.505,0.578,0.541,0.861,0.696,0.709,0.139,1.0,0.809,2913,Legitimate
30,2026-08-01T00:30:16,Rover-1,Earth Ground Station,Mars Surface Rover>Mars Orbiter>Lunar Relay Satellite 2>Lunar Relay Satellite 1>Earth Ground Station,722.91,-91.0,535,268,3600,Normal,0.488,0.882,0.457,0.67,0.923,0.688,0.706,0.077,1.0,0.805,2899,Legitimate
31,2026-08-01T00:31:34,Rover-1,Earth Ground Station,Mars Surface Rover>Mars Orbiter>Lunar Relay Satellite 2>Lunar Relay Satellite 1>Earth Ground Station,721.41,-91.44,528,274,3600,Normal,0.625,0.938,0.517,0.727,0.905,0.746,0.712,0.095,1.0,0.827,2978,Legitimate
32,2026-08-01T00:32:14,Rover-1,Earth Ground Station,Mars Surface Rover>Mars Orbiter>Lunar Relay Satellite 2>Lunar Relay Satellite 1>Earth Ground Station,709.85,-98.54,504,244,3600,Normal,0.577,0.668,0.535,0.601,0.922,0.675,0.707,0.078,1.0,0.801,2884,Legitimate
33,2026-08-01T00:33:18,Rover-1,Earth Ground Station,Mars Surface Rover>Mars Orbiter>Lunar Relay Satellite 2>Lunar Relay Satellite 1>Earth Ground Station,731.03,-96.8,533,251,3600,Normal,0.903,0.627,0.744,0.686,0.956,0.808,0.722,0.044,1.0,0.852,3065,Legitimate
34,2026-08-01T00:34:30,Rover-1,Earth Ground Station,Mars Surface Rover>Mars Orbiter>Lunar Relay Satellite 2>Lunar Relay Satellite 1>Earth Ground Station,726.47,-94.41,513,240,3600,Normal,0.73,0.765,0.874,0.819,0.958,0.832,0.738,0.042,1.0,0.865,3113,Legitimate
35,2026-08-01T00:35:14,Rover-1,Earth Ground Station,Mars Surface Rover>Mars Orbiter>Lunar Relay Satellite 2>Lunar Relay Satellite 1>Earth Ground Station,701.17,-90.45,517,259,3600,Normal,0.638,0.459,0.429,0.444,0.848,0.594,0.717,0.152,1.0,0.776,2794,Legitimate
36,2026-08-01T00:35:44,Rover-1,Earth Ground Station,Mars Surface Rover>Mars Orbiter>Lunar Relay Satellite 2>Lunar Relay Satellite 1>Earth Ground Station,701.47,-96.25,484,272,3600,Normal,0.442,0.482,0.805,0.643,0.861,0.647,0.706,0.139,1.0,0.791,2847,Legitimate
37,2026-08-01T00:37:09,Rover-1,Earth Ground Station,Mars Surface Rover>Mars Orbiter>Lunar Relay Satellite 2>Lunar Relay Satellite 1>Earth Ground Station,712.67,-95.13,489,255,3600,Normal,0.505,0.776,0.985,0.881,0.961,0.807,0.721,0.039,1.0,0.851,3063,Legitimate
38,2026-08-01T00:38:13,Rover-1,Earth Ground Station,Mars Surface Rover>Mars Orbiter>Lunar Relay Satellite 2>Lunar Relay Satellite 1>Earth Ground Station,704.12,-99.14,519,254,3600,Normal,0.9,0.553,0.479,0.516,0.909,0.71,0.72,0.091,1.0,0.818,2944,Legitimate
39,2026-08-01T00:39:33,Rover-1,Earth Ground Station,Mars Surface Rover>Mars Orbiter>Lunar Relay Satellite 2>Lunar Relay Satellite 1>Earth Ground Station,718.83,-94.12,470,262,3600,Normal,0.589,0.986,0.832,0.909,0.935,0.836,0.737,0.065,1.0,0.866,3117,Legitimate
40,2026-08-01T00:40:25,Rover-1,Earth Ground Station,Mars Surface Rover>Mars Orbiter>Lunar Relay Satellite 2>Lunar Relay Satellite 1>Earth Ground Station,716.7,-94.69,535,263,3600,Normal,0.796,0.93,0.924,0.927,0.982,0.908,0.763,0.018,1.0,0.898,3232,Legitimate
41,2026-08-01T00:41:36,Rover-1,Earth Ground Station,Mars Surface Rover>Mars Orbiter>Lunar Relay Satellite 2>Lunar Relay Satellite 1>Earth Ground Station,702.65,-94.07,495,270,3600,Normal,0.752,0.523,0.826,0.675,0.911,0.753,0.761,0.089,1.0,0.846,3046,Legitimate
42,2026-08-01T00:42:21,Rover-1,Earth Ground Station,Mars Surface Rover>Mars Orbiter>Lunar Relay Satellite 2>Lunar Relay Satellite 1>Earth Ground Station,706.68,-95.34,475,243,3600,Normal,0.655,0.629,0.956,0.792,0.888,0.782,0.764,0.112,1.0,0.857,3085,Legitimate
43,2026-08-01T00:43:20,Rover-1,Earth Ground Station,Mars Surface Rover>Mars Orbiter>Lunar Relay Satellite 2>Lunar Relay Satellite 1>Earth Ground Station,709.19,-99.02,506,270,3600,Normal,0.966,0.704,0.482,0.593,0.902,0.764,0.764,0.098,1.0,0.851,3063,Legitimate
44,2026-08-01T00:44:25,Rover-1,Earth Ground Station,Mars Surface Rover>Mars Orbiter>Lunar Relay Satellite 2>Lunar Relay Satellite 1>Earth Ground Station,702.63,-96.45,516,236,3600,Normal,0.877,0.541,0.794,0.667,0.872,0.771,0.765,0.128,1.0,0.854,3073,Legitimate
45,2026-08-01T00:45:00,Rover-1,Earth Ground Station,Mars Surface Rover>Mars Orbiter>Lunar Relay Satellite 2>Lunar Relay Satellite 1>Earth Ground Station,738.42,-98.31,477,255,3600,Normal,0.495,0.421,0.564,0.493,0.84,0.58,0.737,0.16,1.0,0.778,2802,Legitimate
46,2026-08-01T00:45:43,Rover-1,Earth Ground Station,Mars Surface Rover>Mars Orbiter>Lunar Relay Satellite 2>Lunar Relay Satellite 1>Earth Ground Station,735.75,-98.82,477,235,3600,Normal,0.631,0.486,0.521,0.504,0.802,0.61,0.718,0.198,1.0,0.782,2816,Legitimate
47,2026-08-01T00:46:37,Rover-1,Earth Ground Station,Mars Surface Rover>Mars Orbiter>Lunar Relay Satellite 2>Lunar Relay Satellite 1>Earth Ground Station,709.86,-97.7,507,252,3600,Normal,0.862,0.722,0.652,0.687,0.945,0.795,0.73,0.055,1.0,0.85,3059,Legitimate
48,2026-08-01T00:47:53,Rover-1,Earth Ground Station,Mars Surface Rover>Mars Orbiter>Lunar Relay Satellite 2>Lunar Relay Satellite 1>Earth Ground Station,741.4,-95.53,534,241,3600,Normal,0.628,0.393,0.979,0.686,0.838,0.71,0.727,0.162,1.0,0.82,2952,Legitimate
49,2026-08-01T00:48:41,Rover-1,Earth Ground Station,Mars Surface Rover>Mars Orbiter>Lunar Relay Satellite 2>Lunar Relay Satellite 1>Earth Ground Station,707.8,-90.81,536,238,3600,Normal,0.723,0.662,0.425,0.543,0.861,0.668,0.718,0.139,1.0,0.802,2889,Legitimate
50,2026-08-01T00:49:31,Rover-1,Earth Ground Station,Mars Surface Rover>Mars Orbiter>Lunar Relay Satellite 2>Lunar Relay Satellite 1>Earth Ground Station,700.87,-95.8,512,270,3600,Normal,0.768,0.509,0.917,0.713,0.901,0.774,0.726,0.099,1.0,0.841,3029,Legitimate
51,2026-08-01T00:50:11,Rover-1,Earth Ground Station,Mars Surface Rover>Mars Orbiter>Lunar Relay Satellite 2>Lunar Relay Satellite 1>Earth Ground Station,700.86,-95.07,547,238,3600,Normal,0.581,0.518,0.953,0.736,0.833,0.721,0.726,0.167,1.0,0.823,2965,Legitimate
52,2026-08-01T00:50:45,Rover-1,Earth Ground Station,Mars Surface Rover>Mars Orbiter>Lunar Relay Satellite 2>Lunar Relay Satellite 1>Earth Ground Station,727.57,-92.48,473,271,3600,Normal,0.497,0.687,0.594,0.641,0.905,0.671,0.717,0.095,1.0,0.803,2891,Legitimate
53,2026-08-01T00:51:30,Rover-1,Earth Ground Station,Mars Surface Rover>Mars Orbiter>Lunar Relay Satellite 2>Lunar Relay Satellite 1>Earth Ground Station,723.41,-90.63,469,262,3600,Normal,0.679,0.806,0.43,0.618,0.85,0.691,0.713,0.15,1.0,0.809,2911,Legitimate
54,2026-08-01T00:52:36,Rover-1,Earth Ground Station,Mars Surface Rover>Mars Orbiter>Lunar Relay Satellite 2>Lunar Relay Satellite 1>Earth Ground Station,720.98,-99.13,481,264,3600,Normal,0.82,0.898,0.48,0.689,0.923,0.78,0.723,0.077,1.0,0.842,3033,Legitimate
55,2026-08-01T00:53:21,Rover-1,Earth Ground Station,Mars Surface Rover>Mars Orbiter>Lunar Relay Satellite 2>Lunar Relay Satellite 1>Earth Ground Station,709.87,-91.49,526,254,3600,Normal,0.67,0.724,0.514,0.619,0.941,0.712,0.722,0.059,1.0,0.819,2949,Legitimate
56,2026-08-01T00:54:50,Rover-1,Earth Ground Station,Mars Surface Rover>Mars Orbiter>Lunar Relay Satellite 2>Lunar Relay Satellite 1>Earth Ground Station,730.88,-90.94,507,276,3600,Normal,0.407,0.59,0.479,0.535,0.83,0.577,0.7,0.17,1.0,0.764,2750,Legitimate
57,2026-08-01T00:55:26,Rover-1,Earth Ground Station,Mars Surface Rover>Mars Orbiter>Lunar Relay Satellite 2>Lunar Relay Satellite 1>Earth Ground Station,701.56,-92.27,487,273,3600,Normal,0.52,0.518,0.625,0.571,0.851,0.628,0.689,0.149,1.0,0.778,2802,Legitimate
58,2026-08-01T00:56:52,Rover-1,Earth Ground Station,Mars Surface Rover>Mars Orbiter>Lunar Relay Satellite 2>Lunar Relay Satellite 1>Earth Ground Station,701.37,-92.57,489,253,3600,Normal,0.464,0.524,0.663,0.594,0.904,0.639,0.682,0.096,1.0,0.78,2807,Legitimate
59,2026-08-01T00:57:56,Rover-1,Earth Ground Station,Mars Surface Rover>Mars Orbiter>Lunar Relay Satellite 2>Lunar Relay Satellite 1>Earth Ground Station,728.79,-96.06,561,262,3600,Normal,0.883,0.646,0.789,0.718,0.906,0.806,0.7,0.094,1.0,0.843,3037,Legitimate
60,2026-08-01T00:58:26,Rover-1,Earth Ground Station,Mars Surface Rover>Mars Orbiter>Lunar Relay Satellite 2>Lunar Relay Satellite 1>Earth Ground Station,727.25,-95.52,556,239,3600,Normal,0.439,0.689,0.859,0.774,0.893,0.72,0.703,0.107,1.0,0.815,2935,Legitimate
61,2026-08-01T00:59:52,Rover-1,Earth Ground Station,Mars Surface Rover>Mars Orbiter>Lunar Relay Satellite 2>Lunar Relay Satellite 1>Earth Ground Station,704.2,-91.35,471,258,3600,Normal,0.47,0.583,0.532,0.557,0.847,0.608,0.689,0.153,1.0,0.771,2776,Legitimate
62,2026-08-01T01:00:39,Rover-1,Earth Ground Station,Mars Surface Rover>Mars Orbiter>Lunar Relay Satellite 2>Lunar Relay Satellite 1>Earth Ground Station,710.57,-92.25,495,263,3600,Normal,0.7,0.764,0.638,0.701,0.943,0.761,0.7,0.057,1.0,0.828,2982,Legitimate
63,2026-08-01T01:02:03,Rover-1,Earth Ground Station,Mars Surface Rover>Mars Orbiter>Lunar Relay Satellite 2>Lunar Relay Satellite 1>Earth Ground Station,709.8,-94.89,553,270,3600,Normal,0.513,0.744,0.968,0.856,0.897,0.781,0.712,0.103,1.0,0.839,3021,Legitimate
64,2026-08-01T01:02:38,Rover-1,Earth Ground Station,Mars Surface Rover>Mars Orbiter>Lunar Relay Satellite 2>Lunar Relay Satellite 1>Earth Ground Station,725.8,-98.13,465,249,3600,Normal,0.499,0.72,0.532,0.626,0.892,0.661,0.704,0.108,1.0,0.795,2863,Legitimate
65,2026-08-01T01:03:16,Rover-1,Earth Ground Station,Mars Surface Rover>Mars Orbiter>Lunar Relay Satellite 2>Lunar Relay Satellite 1>Earth Ground Station,725.92,-92.74,536,258,3600,Normal,0.555,0.724,0.7,0.712,0.967,0.736,0.709,0.033,1.0,0.823,2962,Legitimate
66,2026-08-01T01:04:13,Rover-1,Earth Ground Station,Mars Surface Rover>Mars Orbiter>Lunar Relay Satellite 2>Lunar Relay Satellite 1>Earth Ground Station,722.63,-91.31,557,263,3600,Normal,0.944,0.834,0.543,0.689,0.9,0.805,0.724,0.1,1.0,0.851,3064,Legitimate
67,2026-08-01T01:04:52,Rover-1,Earth Ground Station,Mars Surface Rover>Mars Orbiter>Lunar Relay Satellite 2>Lunar Relay Satellite 1>Earth Ground Station,721.97,-98.18,520,241,3600,Normal,0.587,0.863,0.507,0.685,0.966,0.73,0.725,0.034,1.0,0.826,2974,Legitimate
68,2026-08-01T01:05:30,Rover-1,Earth Ground Station,Mars Surface Rover>Mars Orbiter>Lunar Relay Satellite 2>Lunar Relay Satellite 1>Earth Ground Station,700.21,-93.71,556,275,3600,Normal,0.582,0.492,0.842,0.667,0.773,0.672,0.717,0.227,1.0,0.804,2893,Legitimate
69,2026-08-01T01:06:02,Rover-1,Earth Ground Station,Mars Surface Rover>Mars Orbiter>Lunar Relay Satellite 2>Lunar Relay Satellite 1>Earth Ground Station,737.23,-92.25,486,239,3600,Normal,0.505,0.468,0.64,0.554,0.854,0.617,0.702,0.146,1.0,0.779,2804,Legitimate
70,2026-08-01T01:07:21,Rover-1,Earth Ground Station,Mars Surface Rover>Mars Orbiter>Lunar Relay Satellite 2>Lunar Relay Satellite 1>Earth Ground Station,722.59,-98.56,560,266,3600,Normal,0.55,0.833,0.486,0.66,0.879,0.687,0.699,0.121,1.0,0.802,2889,Legitimate
71,2026-08-01T01:08:50,Rover-1,Earth Ground Station,Mars Surface Rover>Mars Orbiter>Lunar Relay Satellite 2>Lunar Relay Satellite 1>Earth Ground Station,738.57,-98.46,560,268,3600,Normal,0.431,0.452,0.509,0.481,0.81,0.551,0.677,0.19,1.0,0.746,2687,Legitimate
72,2026-08-01T01:10:16,Rover-1,Earth Ground Station,Mars Surface Rover>Mars Orbiter>Lunar Relay Satellite 2>Lunar Relay Satellite 1>Earth Ground Station,716.21,-91.95,555,267,3600,Normal,0.48,0.915,0.597,0.756,0.912,0.726,0.684,0.088,1.0,0.811,2919,Legitimate
73,2026-08-01T01:11:12,Rover-1,Earth Ground Station,Mars Surface Rover>Mars Orbiter>Lunar Relay Satellite 2>Lunar Relay Satellite 1>Earth Ground Station,733.06,-98.46,543,246,3600,Normal,0.942,0.556,0.514,0.535,0.884,0.724,0.69,0.116,1.0,0.812,2924,Legitimate
74,2026-08-01T01:12:32,Rover-1,Earth Ground Station,Mars Surface Rover>Mars Orbiter>Lunar Relay Satellite 2>Lunar Relay Satellite 1>Earth Ground Station,728.7,-93.88,464,254,3600,Normal,0.574,0.664,0.836,0.75,0.9,0.744,0.698,0.1,1.0,0.822,2958,Legitimate
75,2026-08-01T01:13:14,Rover-1,Earth Ground Station,Mars Surface Rover>Mars Orbiter>Lunar Relay Satellite 2>Lunar Relay Satellite 1>Earth Ground Station,733.68,-94.62,492,268,3600,Normal,0.642,0.55,0.945,0.747,0.928,0.766,0.709,0.072,1.0,0.833,2999,Legitimate
76,2026-08-01T01:13:58,Rover-1,Earth Ground Station,Mars Surface Rover>Mars Orbiter>Lunar Relay Satellite 2>Lunar Relay Satellite 1>Earth Ground Station,708.03,-96.52,501,246,3600,Normal,0.688,0.675,0.754,0.714,0.954,0.768,0.717,0.046,1.0,0.836,3011,Legitimate
77,2026-08-01T01:14:32,Rover-1,Earth Ground Station,Mars Surface Rover>Mars Orbiter>Lunar Relay Satellite 2>Lunar Relay Satellite 1>Earth Ground Station,740.17,-92.9,526,251,3600,Normal,0.535,0.424,0.685,0.555,0.887,0.633,0.705,0.113,1.0,0.786,2829,Legitimate
78,2026-08-01T01:15:55,Rover-1,Earth Ground Station,Mars Surface Rover>Mars Orbiter>Lunar Relay Satellite 2>Lunar Relay Satellite 1>Earth Ground Station,721.56,-99.17,472,275,3600,Normal,0.503,0.905,0.457,0.681,0.84,0.676,0.7,0.16,1.0,0.799,2876,Legitimate
79,2026-08-01T01:16:36,Rover-1,Earth Ground Station,Mars Surface Rover>Mars Orbiter>Lunar Relay Satellite 2>Lunar Relay Satellite 1>Earth Ground Station,723.48,-99.59,464,259,3600,Normal,0.649,0.826,0.436,0.631,0.838,0.687,0.698,0.162,1.0,0.802,2888,Legitimate
80,2026-08-01T01:17:28,Rover-1,Earth Ground Station,Mars Surface Rover>Mars Orbiter>Lunar Relay Satellite 2>Lunar Relay Satellite 1>Earth Ground Station,729.87,-93.23,522,256,3600,Normal,0.871,0.631,0.735,0.683,0.979,0.804,0.714,0.021,1.0,0.848,3051,Legitimate
81,2026-08-01T01:18:22,Rover-1,Earth Ground Station,Mars Surface Rover>Mars Orbiter>Lunar Relay Satellite 2>Lunar Relay Satellite 1>Earth Ground Station,737.26,-92.06,465,253,3600,Normal,0.932,0.474,0.588,0.531,0.822,0.704,0.713,0.178,1.0,0.813,2928,Legitimate
82,2026-08-01T01:19:25,Rover-1,Earth Ground Station,Mars Surface Rover>Mars Orbiter>Lunar Relay Satellite 2>Lunar Relay Satellite 1>Earth Ground Station,738.38,-95.37,534,265,3600,Normal,0.832,0.467,0.941,0.704,0.888,0.782,0.723,0.112,1.0,0.843,3035,Legitimate
83,2026-08-01T01:20:37,Rover-1,Earth Ground Station,Mars Surface Rover>Mars Orbiter>Lunar Relay Satellite 2>Lunar Relay Satellite 1>Earth Ground Station,706.91,-94.35,557,273,3600,Normal,0.659,0.619,0.893,0.756,0.846,0.754,0.728,0.154,1.0,0.835,3007,Legitimate
84,2026-08-01T01:21:46,Rover-1,Earth Ground Station,Mars Surface Rover>Mars Orbiter>Lunar Relay Satellite 2>Lunar Relay Satellite 1>Earth Ground Station,711.96,-98.31,534,247,3600,Normal,0.719,0.766,0.537,0.651,0.944,0.741,0.73,0.056,1.0,0.832,2994,Legitimate
85,2026-08-01T01:22:35,Rover-1,Earth Ground Station,Mars Surface Rover>Mars Orbiter>Lunar Relay Satellite 2>Lunar Relay Satellite 1>Earth Ground Station,727.21,-93.35,532,258,3600,Normal,0.812,0.72,0.742,0.731,0.976,0.812,0.742,0.024,1.0,0.86,3094,Legitimate
86,2026-08-01T01:23:17,Rover-1,Earth Ground Station,Mars Surface Rover>Mars Orbiter>Lunar Relay Satellite 2>Lunar Relay Satellite 1>Earth Ground Station,716.56,-99.18,530,272,3600,Normal,0.669,0.904,0.466,0.685,0.906,0.736,0.741,0.094,1.0,0.834,3001,Legitimate
87,2026-08-01T01:24:26,Rover-1,Earth Ground Station,Mars Surface Rover>Mars Orbiter>Lunar Relay Satellite 2>Lunar Relay Satellite 1>Earth Ground Station,722.99,-94.11,546,247,3600,Normal,0.72,0.869,0.833,0.851,0.955,0.844,0.757,0.045,1.0,0.875,3150,Legitimate
88,2026-08-01T01:25:09,Rover-1,Earth Ground Station,Mars Surface Rover>Mars Orbiter>Lunar Relay Satellite 2>Lunar Relay Satellite 1>Earth Ground Station,716.97,-95.76,527,254,3600,Normal,0.68,0.899,0.887,0.893,0.988,0.863,0.773,0.012,1.0,0.886,3191,Legitimate
89,2026-08-01T01:26:07,Rover-1,Earth Ground Station,Mars Surface Rover>Mars Orbiter>Lunar Relay Satellite 2>Lunar Relay Satellite 1>Earth Ground Station,727.59,-95.11,542,274,3600,Normal,0.954,0.734,0.985,0.859,0.902,0.894,0.791,0.098,1.0,0.902,3248,Legitimate
90,2026-08-01T01:27:24,Rover-1,Earth Ground Station,Mars Surface Rover>Mars Orbiter>Lunar Relay Satellite 2>Lunar Relay Satellite 1>Earth Ground Station,705.73,-91.06,513,261,3600,Normal,0.548,0.561,0.477,0.519,0.911,0.624,0.766,0.089,1.0,0.804,2894,Legitimate
91,2026-08-01T01:28:15,Rover-1,Earth Ground Station,Mars Surface Rover>Mars Orbiter>Lunar Relay Satellite 2>Lunar Relay Satellite 1>Earth Ground Station,702.43,-99.29,484,248,3600,Normal,0.86,0.5,0.456,0.478,0.839,0.664,0.751,0.161,1.0,0.813,2925,Legitimate
92,2026-08-01T01:29:36,Rover-1,Earth Ground Station,Mars Surface Rover>Mars Orbiter>Lunar Relay Satellite 2>Lunar Relay Satellite 1>Earth Ground Station,707.0,-90.48,485,254,3600,Normal,0.493,0.6,0.441,0.521,0.883,0.605,0.729,0.117,1.0,0.784,2823,Legitimate
93,2026-08-01T01:31:00,Rover-1,Earth Ground Station,Mars Surface Rover>Mars Orbiter>Lunar Relay Satellite 2>Lunar Relay Satellite 1>Earth Ground Station,731.6,-94.58,551,259,3600,Normal,0.468,0.628,0.932,0.78,0.921,0.737,0.73,0.079,1.0,0.83,2989,Legitimate
94,2026-08-01T01:32:15,Rover-1,Earth Ground Station,Mars Surface Rover>Mars Orbiter>Lunar Relay Satellite 2>Lunar Relay Satellite 1>Earth Ground Station,728.48,-94.95,485,262,3600,Normal,0.616,0.723,0.99,0.857,0.966,0.824,0.744,0.034,1.0,0.864,3111,Legitimate
95,2026-08-01T01:32:45,Rover-1,Earth Ground Station,Mars Surface Rover>Mars Orbiter>Lunar Relay Satellite 2>Lunar Relay Satellite 1>Earth Ground Station,736.96,-98.42,551,267,3600,Normal,0.477,0.522,0.532,0.527,0.852,0.596,0.722,0.148,1.0,0.779,2803,Legitimate
96,2026-08-01T01:33:29,Rover-1,Earth Ground Station,Mars Surface Rover>Mars Orbiter>Lunar Relay Satellite 2>Lunar Relay Satellite 1>Earth Ground Station,706.0,-99.35,513,237,3600,Normal,0.7,0.549,0.452,0.5,0.852,0.638,0.709,0.148,1.0,0.789,2840,Legitimate
97,2026-08-01T01:34:14,Rover-1,Earth Ground Station,Mars Surface Rover>Mars Orbiter>Lunar Relay Satellite 2>Lunar Relay Satellite 1>Earth Ground Station,738.03,-91.4,474,254,3600,Normal,0.718,0.486,0.542,0.514,0.842,0.647,0.7,0.158,1.0,0.789,2840,Legitimate
98,2026-08-01T01:35:17,Rover-1,Earth Ground Station,Mars Surface Rover>Mars Orbiter>Lunar Relay Satellite 2>Lunar Relay Satellite 1>Earth Ground Station,741.08,-95.91,558,272,3600,Normal,0.855,0.444,0.816,0.63,0.8,0.729,0.704,0.2,1.0,0.819,2947,Legitimate
99,2026-08-01T01:36:26,Rover-1,Earth Ground Station,Mars Surface Rover>Mars Orbiter>Lunar Relay Satellite 2>Lunar Relay Satellite 1>Earth Ground Station,733.61,-98.72,504,272,3600,Normal,0.721,0.598,0.499,0.549,0.883,0.675,0.7,0.117,1.0,0.799,2875,Legitimate
100,2026-08-01T01:37:24,Rover-1,Earth Ground Station,Mars Surface Rover>Mars Orbiter>Lunar Relay Satellite 2>Lunar Relay Satellite 1>Earth Ground Station,737.16,-97.31,509,246,3600,Normal,0.981,0.529,0.657,0.593,0.891,0.765,0.71,0.109,1.0,0.833,2999,Legitimate
101,2026-08-01T01:38:09,Rover-1,Earth Ground Station,Mars Surface Rover>Mars Orbiter>Lunar Relay Satellite 2>Lunar Relay Satellite 1>Earth Ground Station,734.68,-92.88,540,255,3600,Normal,0.715,0.598,0.697,0.647,0.938,0.737,0.714,0.062,1.0,0.825,2970,Legitimate
102,2026-08-01T01:38:54,Rover-1,Earth Ground Station,Mars Surface Rover>Mars Orbiter>Lunar Relay Satellite 2>Lunar Relay Satellite 1>Earth Ground Station,710.26,-90.99,490,246,3600,Normal,0.712,0.597,0.507,0.552,0.899,0.679,0.708,0.101,1.0,0.803,2890,Legitimate
103,2026-08-01T01:39:44,Rover-1,Earth Ground Station,Mars Surface Rover>Mars Orbiter>Lunar Relay Satellite 2>Lunar Relay Satellite 1>Earth Ground Station,736.98,-91.02,476,251,3600,Normal,0.808,0.548,0.516,0.532,0.836,0.677,0.704,0.164,1.0,0.801,2883,Legitimate
104,2026-08-01T01:40:23,Rover-1,Earth Ground Station,Mars Surface Rover>Mars Orbiter>Lunar Relay Satellite 2>Lunar Relay Satellite 1>Earth Ground Station,728.92,-90.86,502,257,3600,Normal,0.595,0.774,0.5,0.637,0.937,0.701,0.703,0.063,1.0,0.809,2911,Legitimate
105,2026-08-01T01:41:19,Rover-1,Earth Ground Station,Mars Surface Rover>Mars Orbiter>Lunar Relay Satellite 2>Lunar Relay Satellite 1>Earth Ground Station,701.09,-98.16,500,267,3600,Normal,0.964,0.416,0.551,0.483,0.893,0.706,0.704,0.107,1.0,0.811,2919,Legitimate
106,2026-08-01T01:42:49,Rover-1,Earth Ground Station,Mars Surface Rover>Mars Orbiter>Lunar Relay Satellite 2>Lunar Relay Satellite 1>Earth Ground Station,728.45,-98.39,539,251,3600,Normal,0.411,0.793,0.542,0.667,0.948,0.673,0.699,0.052,1.0,0.798,2871,Legitimate
107,2026-08-01T01:43:19,Rover-1,Earth Ground Station,Mars Surface Rover>Mars Orbiter>Lunar Relay Satellite 2>Lunar Relay Satellite 1>Earth Ground Station,739.13,-93.09,500,272,3600,Normal,0.47,0.517,0.718,0.617,0.855,0.64,0.69,0.145,1.0,0.783,2818,Legitimate
108,2026-08-01T01:44:42,Rover-1,Earth Ground Station,Mars Surface Rover>Mars Orbiter>Lunar Relay Satellite 2>Lunar Relay Satellite 1>Earth Ground Station,716.5,-97.35,516,260,3600,Normal,0.5,0.76,0.665,0.713,0.987,0.728,0.696,0.013,1.0,0.816,2936,Legitimate
109,2026-08-01T01:45:26,Rover-1,Earth Ground Station,Mars Surface Rover>Mars Orbiter>Lunar Relay Satellite 2>Lunar Relay Satellite 1>Earth Ground Station,719.49,-92.84,510,251,3600,Normal,0.694,0.843,0.672,0.758,0.989,0.8,0.712,0.011,1.0,0.845,3044,Legitimate
110,2026-08-01T01:46:38,Rover-1,Earth Ground Station,Mars Surface Rover>Mars Orbiter>Lunar Relay Satellite 2>Lunar Relay Satellite 1>Earth Ground Station,727.74,-94.09,477,254,3600,Normal,0.666,0.836,0.847,0.841,0.951,0.825,0.729,0.049,1.0,0.86,3094,Legitimate
111,2026-08-01T01:47:16,Rover-1,Earth Ground Station,Mars Surface Rover>Mars Orbiter>Lunar Relay Satellite 2>Lunar Relay Satellite 1>Earth Ground Station,740.77,-95.32,553,259,3600,Normal,0.579,0.487,0.949,0.718,0.866,0.72,0.727,0.134,1.0,0.823,2965,Legitimate
112,2026-08-01T01:48:28,Rover-1,Earth Ground Station,Mars Surface Rover>Mars Orbiter>Lunar Relay Satellite 2>Lunar Relay Satellite 1>Earth Ground Station,699.57,-96.36,474,254,3600,Normal,0.655,0.358,0.8,0.579,0.846,0.665,0.718,0.154,1.0,0.801,2885,Legitimate
113,2026-08-01T01:49:01,Rover-1,Earth Ground Station,Mars Surface Rover>Mars Orbiter>Lunar Relay Satellite 2>Lunar Relay Satellite 1>Earth Ground Station,709.64,-93.36,507,249,3600,Normal,0.507,0.56,0.723,0.641,0.958,0.687,0.713,0.042,1.0,0.807,2906,Legitimate
114,2026-08-01T01:50:27,Rover-1,Earth Ground Station,Mars Surface Rover>Mars Orbiter>Lunar Relay Satellite 2>Lunar Relay Satellite 1>Earth Ground Station,714.78,-97.39,545,245,3600,Normal,0.436,0.69,0.672,0.681,0.926,0.681,0.708,0.074,1.0,0.804,2893,Legitimate
115,2026-08-01T01:51:02,Rover-1,Earth Ground Station,Mars Surface Rover>Mars Orbiter>Lunar Relay Satellite 2>Lunar Relay Satellite 1>Earth Ground Station,718.72,-97.37,466,274,3600,Normal,0.538,0.817,0.671,0.744,0.859,0.721,0.71,0.141,1.0,0.818,2945,Legitimate
116,2026-08-01T01:51:46,Rover-1,Earth Ground Station,Mars Surface Rover>Mars Orbiter>Lunar Relay Satellite 2>Lunar Relay Satellite 1>Earth Ground Station,726.49,-97.67,527,266,3600,Normal,0.693,0.889,0.646,0.768,0.947,0.794,0.723,0.053,1.0,0.847,3050,Legitimate
117,2026-08-01T01:53:16,Rover-1,Earth Ground Station,Mars Surface Rover>Mars Orbiter>Lunar Relay Satellite 2>Lunar Relay Satellite 1>Earth Ground Station,709.08,-98.22,524,245,3600,Normal,0.405,0.556,0.595,0.576,0.925,0.62,0.707,0.075,1.0,0.782,2815,Legitimate
118,2026-08-01T01:54:16,Rover-1,Earth Ground Station,Mars Surface Rover>Mars Orbiter>Lunar Relay Satellite 2>Lunar Relay Satellite 1>Earth Ground Station,727.32,-95.61,483,264,3600,Normal,0.95,0.855,0.955,0.905,0.944,0.926,0.74,0.056,1.0,0.896,3226,Legitimate
119,2026-08-01T01:55:35,Rover-1,Earth Ground Station,Mars Surface Rover>Mars Orbiter>Lunar Relay Satellite 2>Lunar Relay Satellite 1>Earth Ground Station,714.34,-96.01,559,264,3600,Normal,0.573,0.673,0.894,0.784,0.903,0.761,0.743,0.097,1.0,0.843,3034,Legitimate
120,2026-08-01T01:56:54,Rover-1,Earth Ground Station,Mars Surface Rover>Mars Orbiter>Lunar Relay Satellite 2>Lunar Relay Satellite 1>Earth Ground Station,733.79,-99.41,471,236,3600,Normal,0.585,0.652,0.484,0.568,0.772,0.623,0.725,0.228,1.0,0.789,2841,Legitimate
121,2026-08-01T01:57:43,Rover-1,Earth Ground Station,Mars Surface Rover>Mars Orbiter>Lunar Relay Satellite 2>Lunar Relay Satellite 1>Earth Ground Station,723.27,-98.88,499,274,3600,Normal,0.75,0.982,0.538,0.76,0.897,0.792,0.735,0.103,1.0,0.851,3062,Legitimate
122,2026-08-01T01:58:25,Rover-1,Earth Ground Station,Mars Surface Rover>Mars Orbiter>Lunar Relay Satellite 2>Lunar Relay Satellite 1>Earth Ground Station,701.68,-96.81,525,239,3600,Normal,0.626,0.403,0.787,0.595,0.889,0.676,0.726,0.111,1.0,0.808,2909,Legitimate
123,2026-08-01T01:59:44,Rover-1,Earth Ground Station,Mars Surface Rover>Mars Orbiter>Lunar Relay Satellite 2>Lunar Relay Satellite 1>Earth Ground Station,711.43,-96.75,543,268,3600,Normal,0.545,0.622,0.807,0.715,0.925,0.725,0.726,0.075,1.0,0.825,2970,Legitimate
124,2026-08-01T02:00:50,Rover-1,Earth Ground Station,Mars Surface Rover>Mars Orbiter>Lunar Relay Satellite 2>Lunar Relay Satellite 1>Earth Ground Station,732.21,-93.55,504,250,3600,Normal,0.803,0.679,0.688,0.683,0.947,0.779,0.734,0.053,1.0,0.846,3045,Legitimate
125,2026-08-01T02:01:52,Rover-1,Earth Ground Station,Mars Surface Rover>Mars Orbiter>Lunar Relay Satellite 2>Lunar Relay Satellite 1>Earth Ground Station,726.37,-90.37,503,255,3600,Normal,0.891,0.863,0.381,0.622,0.929,0.766,0.739,0.071,1.0,0.843,3035,Legitimate
126,2026-08-01T02:02:49,Rover-1,Earth Ground Station,Mars Surface Rover>Mars Orbiter>Lunar Relay Satellite 2>Lunar Relay Satellite 1>Earth Ground Station,739.91,-96.29,545,264,3600,Normal,0.962,0.494,0.862,0.678,0.868,0.797,0.748,0.132,1.0,0.857,3083,Legitimate
127,2026-08-01T02:03:46,Rover-1,Earth Ground Station,Mars Surface Rover>Mars Orbiter>Lunar Relay Satellite 2>Lunar Relay Satellite 1>Earth Ground Station,706.01,-95.21,527,260,3600,Normal,0.954,0.497,0.956,0.727,0.947,0.839,0.761,0.053,1.0,0.875,3149,Legitimate
128,2026-08-01T02:05:14,Rover-1,Earth Ground Station,Mars Surface Rover>Mars Orbiter>Lunar Relay Satellite 2>Lunar Relay Satellite 1>Earth Ground Station,721.65,-94.84,505,265,3600,Normal,0.424,0.964,0.886,0.925,0.991,0.816,0.77,0.009,1.0,0.87,3132,Legitimate
129,2026-08-01T02:06:01,Rover-1,Earth Ground Station,Mars Surface Rover>Mars Orbiter>Lunar Relay Satellite 2>Lunar Relay Satellite 1>Earth Ground Station,712.32,-92.58,556,246,3600,Normal,0.699,0.66,0.592,0.626,0.903,0.713,0.761,0.097,1.0,0.833,2998,Legitimate
130,2026-08-01T02:06:59,Rover-1,Earth Ground Station,Mars Surface Rover>Mars Orbiter>Lunar Relay Satellite 2>Lunar Relay Satellite 1>Earth Ground Station,708.93,-94.66,523,251,3600,Normal,0.962,0.583,0.89,0.737,0.961,0.849,0.774,0.039,1.0,0.882,3176,Legitimate
131,2026-08-01T02:07:30,Rover-1,Earth Ground Station,Mars Surface Rover>Mars Orbiter>Lunar Relay Satellite 2>Lunar Relay Satellite 1>Earth Ground Station,719.75,-93.34,510,250,3600,Normal,0.431,0.917,0.69,0.804,0.994,0.758,0.772,0.006,1.0,0.852,3065,Legitimate
132,2026-08-01T02:08:16,Rover-1,Earth Ground Station,Mars Surface Rover>Mars Orbiter>Lunar Relay Satellite 2>Lunar Relay Satellite 1>Earth Ground Station,713.1,-98.61,532,246,3600,Normal,0.688,0.709,0.536,0.623,0.947,0.72,0.764,0.053,1.0,0.836,3010,Legitimate
133,2026-08-01T02:08:46,Rover-1,Earth Ground Station,Mars Surface Rover>Mars Orbiter>Lunar Relay Satellite 2>Lunar Relay Satellite 1>Earth Ground Station,720.72,-92.07,485,252,3600,Normal,0.44,0.986,0.536,0.761,0.965,0.732,0.759,0.035,1.0,0.838,3018,Legitimate
134,2026-08-01T02:09:51,Rover-1,Earth Ground Station,Mars Surface Rover>Mars Orbiter>Lunar Relay Satellite 2>Lunar Relay Satellite 1>Earth Ground Station,731.15,-96.81,526,255,3600,Normal,0.816,0.663,0.764,0.713,0.962,0.801,0.766,0.038,1.0,0.864,3110,Legitimate
135,2026-08-01T02:11:11,Rover-1,Earth Ground Station,Mars Surface Rover>Mars Orbiter>Lunar Relay Satellite 2>Lunar Relay Satellite 1>Earth Ground Station,699.14,-93.05,502,245,3600,Normal,0.533,0.389,0.654,0.522,0.863,0.61,0.742,0.137,1.0,0.791,2846,Legitimate
136,2026-08-01T02:12:23,Rover-1,Earth Ground Station,Mars Surface Rover>Mars Orbiter>Lunar Relay Satellite 2>Lunar Relay Satellite 1>Earth Ground Station,723.52,-94.75,515,252,3600,Normal,0.683,0.908,0.9,0.904,0.991,0.871,0.761,0.009,1.0,0.885,3187,Legitimate
137,2026-08-01T02:13:40,Rover-1,Earth Ground Station,Mars Surface Rover>Mars Orbiter>Lunar Relay Satellite 2>Lunar Relay Satellite 1>Earth Ground Station,722.18,-93.59,507,248,3600,Normal,0.603,0.965,0.732,0.848,0.985,0.821,0.77,0.015,1.0,0.872,3138,Legitimate
138,2026-08-01T02:14:24,Rover-1,Earth Ground Station,Mars Surface Rover>Mars Orbiter>Lunar Relay Satellite 2>Lunar Relay Satellite 1>Earth Ground Station,703.61,-92.08,473,257,3600,Normal,0.658,0.488,0.551,0.52,0.874,0.643,0.751,0.126,1.0,0.805,2899,Legitimate
139,2026-08-01T02:15:42,Rover-1,Earth Ground Station,Mars Surface Rover>Mars Orbiter>Lunar Relay Satellite 2>Lunar Relay Satellite 1>Earth Ground Station,728.22,-92.07,536,246,3600,Normal,0.592,0.75,0.562,0.656,0.956,0.715,0.746,0.044,1.0,0.828,2982,Legitimate
140,2026-08-01T02:16:49,Rover-1,Earth Ground Station,Mars Surface Rover>Mars Orbiter>Lunar Relay Satellite 2>Lunar Relay Satellite 1>Earth Ground Station,740.59,-95.23,489,239,3600,Normal,0.814,0.459,0.973,0.716,0.832,0.769,0.749,0.168,1.0,0.848,3051,Legitimate
141,2026-08-01T02:17:31,Rover-1,Earth Ground Station,Mars Surface Rover>Mars Orbiter>Lunar Relay Satellite 2>Lunar Relay Satellite 1>Earth Ground Station,711.2,-93.68,491,264,3600,Normal,0.619,0.66,0.755,0.707,0.961,0.749,0.749,0.039,1.0,0.841,3027,Legitimate
142,2026-08-01T02:18:09,Rover-1,Earth Ground Station,Mars Surface Rover>Mars Orbiter>Lunar Relay Satellite 2>Lunar Relay Satellite 1>Earth Ground Station,710.25,-99.51,517,264,3600,Normal,0.559,0.626,0.422,0.524,0.921,0.632,0.732,0.079,1.0,0.795,2861,Legitimate
143,2026-08-01T02:18:47,Rover-1,Earth Ground Station,Mars Surface Rover>Mars Orbiter>Lunar Relay Satellite 2>Lunar Relay Satellite 1>Earth Ground Station,725.96,-97.4,471,236,3600,Normal,0.572,0.851,0.656,0.754,0.862,0.735,0.732,0.138,1.0,0.83,2989,Legitimate
144,2026-08-01T02:19:35,Rover-1,Earth Ground Station,Mars Surface Rover>Mars Orbiter>Lunar Relay Satellite 2>Lunar Relay Satellite 1>Earth Ground Station,718.68,-94.43,479,237,3600,Normal,0.771,0.879,0.847,0.863,0.911,0.852,0.75,0.089,1.0,0.875,3151,Legitimate
145,2026-08-01T02:21:05,Rover-1,Earth Ground Station,Mars Surface Rover>Mars Orbiter>Lunar Relay Satellite 2>Lunar Relay Satellite 1>Earth Ground Station,735.63,-91.33,467,255,3600,Normal,0.394,0.566,0.466,0.516,0.813,0.56,0.722,0.187,1.0,0.766,2757,Legitimate
146,2026-08-01T02:22:11,Rover-1,Earth Ground Station,Mars Surface Rover>Mars Orbiter>Lunar Relay Satellite 2>Lunar Relay Satellite 1>Earth Ground Station,725.59,-90.76,476,258,3600,Normal,0.801,0.851,0.432,0.641,0.894,0.744,0.725,0.106,1.0,0.831,2992,Legitimate
147,2026-08-01T02:23:00,Rover-1,Earth Ground Station,Mars Surface Rover>Mars Orbiter>Lunar Relay Satellite 2>Lunar Relay Satellite 1>Earth Ground Station,702.08,-92.61,517,252,3600,Normal,0.769,0.438,0.636,0.537,0.932,0.694,0.72,0.068,1.0,0.812,2924,Legitimate
148,2026-08-01T02:24:08,Rover-1,Earth Ground Station,Mars Surface Rover>Mars Orbiter>Lunar Relay Satellite 2>Lunar Relay Satellite 1>Earth Ground Station,732.56,-92.39,514,253,3600,Normal,0.767,0.629,0.604,0.616,0.955,0.739,0.723,0.045,1.0,0.829,2983,Legitimate
149,2026-08-01T02:25:06,Rover-1,Earth Ground Station,Mars Surface Rover>Mars Orbiter>Lunar Relay Satellite 2>Lunar Relay Satellite 1>Earth Ground Station,711.25,-95.84,504,258,3600,Normal,0.983,0.661,0.838,0.75,0.96,0.861,0.744,0.04,1.0,0.876,3155,Legitimate
150,2026-08-01T02:25:39,Rover-1,Earth Ground Station,Mars Surface Rover>Mars Orbiter>Lunar Relay Satellite 2>Lunar Relay Satellite 1>Earth Ground Station,724.74,-97.28,557,244,3600,Normal,0.491,0.843,0.622,0.733,0.906,0.716,0.74,0.094,1.0,0.827,2976,Legitimate
151,2026-08-01T02:26:22,Rover-1,Earth Ground Station,Mars Surface Rover>Mars Orbiter>Lunar Relay Satellite 2>Lunar Relay Satellite 1>Earth Ground Station,709.83,-91.02,485,258,3600,Normal,0.664,0.635,0.47,0.552,0.906,0.669,0.729,0.094,1.0,0.807,2904,Legitimate
152,2026-08-01T02:27:02,Rover-1,Earth Ground Station,Mars Surface Rover>Mars Orbiter>Lunar Relay Satellite 2>Lunar Relay Satellite 1>Earth Ground Station,698.52,-94.53,521,247,3600,Normal,0.613,0.396,0.944,0.67,0.862,0.704,0.725,0.138,1.0,0.817,2942,Legitimate
153,2026-08-01T02:27:46,Rover-1,Earth Ground Station,Mars Surface Rover>Mars Orbiter>Lunar Relay Satellite 2>Lunar Relay Satellite 1>Earth Ground Station,710.85,-92.94,548,238,3600,Normal,0.687,0.689,0.679,0.684,0.884,0.735,0.727,0.116,1.0,0.829,2983,Legitimate
154,2026-08-01T02:28:30,Rover-1,Earth Ground Station,Mars Surface Rover>Mars Orbiter>Lunar Relay Satellite 2>Lunar Relay Satellite 1>Earth Ground Station,738.31,-97.73,524,262,3600,Normal,0.69,0.441,0.57,0.505,0.898,0.65,0.715,0.102,1.0,0.795,2863,Legitimate
155,2026-08-01T02:29:59,Rover-1,Earth Ground Station,Mars Surface Rover>Mars Orbiter>Lunar Relay Satellite 2>Lunar Relay Satellite 1>Earth Ground Station,706.95,-91.34,483,241,3600,Normal,0.426,0.594,0.466,0.53,0.892,0.595,0.697,0.108,1.0,0.769,2770,Legitimate
156,2026-08-01T02:30:46,Rover-1,Earth Ground Station,Mars Surface Rover>Mars Orbiter>Lunar Relay Satellite 2>Lunar Relay Satellite 1>Earth Ground Station,734.11,-90.93,477,248,3600,Normal,0.739,0.537,0.443,0.49,0.853,0.643,0.689,0.147,1.0,0.784,2821,Legitimate
157,2026-08-01T02:32:03,Rover-1,Earth Ground Station,Mars Surface Rover>Mars Orbiter>Lunar Relay Satellite 2>Lunar Relay Satellite 1>Earth Ground Station,734.01,-99.0,505,254,3600,Normal,0.588,0.545,0.427,0.486,0.915,0.619,0.678,0.085,1.0,0.771,2776,Legitimate
158,2026-08-01T02:32:52,Rover-1,Earth Ground Station,Mars Surface Rover>Mars Orbiter>Lunar Relay Satellite 2>Lunar Relay Satellite 1>Earth Ground Station,728.63,-99.21,512,255,3600,Normal,0.77,0.677,0.427,0.552,0.94,0.703,0.682,0.06,1.0,0.802,2888,Legitimate
159,2026-08-01T02:33:27,Rover-1,Earth Ground Station,Mars Surface Rover>Mars Orbiter>Lunar Relay Satellite 2>Lunar Relay Satellite 1>Earth Ground Station,724.24,-98.7,536,260,3600,Normal,0.527,0.826,0.483,0.654,0.949,0.696,0.684,0.051,1.0,0.8,2881,Legitimate
160,2026-08-01T02:33:58,Rover-1,Earth Ground Station,Mars Surface Rover>Mars Orbiter>Lunar Relay Satellite 2>Lunar Relay Satellite 1>Earth Ground Station,702.35,-99.39,546,259,3600,Normal,0.477,0.477,0.437,0.457,0.833,0.556,0.665,0.167,1.0,0.744,2677,Legitimate
161,2026-08-01T02:35:28,Rover-1,Earth Ground Station,Mars Surface Rover>Mars Orbiter>Lunar Relay Satellite 2>Lunar Relay Satellite 1>Earth Ground Station,699.3,-97.52,544,259,3600,Normal,0.403,0.434,0.644,0.539,0.84,0.58,0.652,0.16,1.0,0.748,2692,Legitimate
162,2026-08-01T02:36:46,Rover-1,Earth Ground Station,Mars Surface Rover>Mars Orbiter>Lunar Relay Satellite 2>Lunar Relay Satellite 1>Earth Ground Station,731.07,-94.72,527,273,3600,Normal,0.582,0.59,0.913,0.752,0.91,0.749,0.667,0.09,1.0,0.813,2926,Legitimate
163,2026-08-01T02:37:27,Rover-1,Earth Ground Station,Mars Surface Rover>Mars Orbiter>Lunar Relay Satellite 2>Lunar Relay Satellite 1>Earth Ground Station,741.47,-94.39,544,275,3600,Normal,0.636,0.386,0.864,0.625,0.796,0.671,0.667,0.204,1.0,0.786,2829,Legitimate
164,2026-08-01T02:38:27,Rover-1,Earth Ground Station,Mars Surface Rover>Mars Orbiter>Lunar Relay Satellite 2>Lunar Relay Satellite 1>Earth Ground Station,713.43,-93.42,529,270,3600,Normal,0.951,0.769,0.718,0.744,0.96,0.849,0.695,0.04,1.0,0.856,3082,Legitimate
165,2026-08-01T02:39:18,Rover-1,Earth Ground Station,Mars Surface Rover>Mars Orbiter>Lunar Relay Satellite 2>Lunar Relay Satellite 1>Earth Ground Station,716.18,-94.96,528,251,3600,Normal,0.834,0.863,0.971,0.917,0.983,0.913,0.727,0.017,1.0,0.888,3196,Legitimate
166,2026-08-01T02:40:36,Rover-1,Earth Ground Station,Mars Surface Rover>Mars Orbiter>Lunar Relay Satellite 2>Lunar Relay Satellite 1>Earth Ground Station,722.16,-94.57,493,248,3600,Normal,0.57,0.902,0.91,0.906,0.972,0.839,0.744,0.028,1.0,0.869,3129,Legitimate
167,2026-08-01T02:41:55,Rover-1,Earth Ground Station,Mars Surface Rover>Mars Orbiter>Lunar Relay Satellite 2>Lunar Relay Satellite 1>Earth Ground Station,715.86,-95.14,561,262,3600,Normal,0.567,0.856,0.975,0.916,0.907,0.826,0.756,0.093,1.0,0.869,3128,Legitimate
168,2026-08-01T02:42:59,Rover-1,Earth Ground Station,Mars Surface Rover>Mars Orbiter>Lunar Relay Satellite 2>Lunar Relay Satellite 1>Earth Ground Station,718.36,-90.76,513,261,3600,Normal,0.853,0.944,0.446,0.695,0.954,0.799,0.763,0.046,1.0,0.862,3104,Legitimate
169,2026-08-01T02:44:00,Rover-1,Earth Ground Station,Mars Surface Rover>Mars Orbiter>Lunar Relay Satellite 2>Lunar Relay Satellite 1>Earth Ground Station,725.42,-97.47,481,258,3600,Normal,0.931,0.782,0.61,0.696,0.95,0.818,0.771,0.05,1.0,0.871,3136,Legitimate
170,2026-08-01T02:45:29,Rover-1,Earth Ground Station,Mars Surface Rover>Mars Orbiter>Lunar Relay Satellite 2>Lunar Relay Satellite 1>Earth Ground Station,710.84,-98.62,510,236,3600,Normal,0.412,0.687,0.497,0.592,0.882,0.62,0.748,0.118,1.0,0.796,2866,Legitimate
171,2026-08-01T02:46:39,Rover-1,Earth Ground Station,Mars Surface Rover>Mars Orbiter>Lunar Relay Satellite 2>Lunar Relay Satellite 1>Earth Ground Station,724.7,-92.52,477,258,3600,Normal,0.719,0.796,0.643,0.719,0.943,0.775,0.752,0.057,1.0,0.851,3062,Legitimate
172,2026-08-01T02:47:44,Rover-1,Earth Ground Station,Mars Surface Rover>Mars Orbiter>Lunar Relay Satellite 2>Lunar Relay Satellite 1>Earth Ground Station,716.03,-92.38,546,240,3600,Normal,0.838,0.869,0.637,0.753,0.93,0.818,0.762,0.07,1.0,0.868,3125,Legitimate
173,2026-08-01T02:49:14,Rover-1,Earth Ground Station,Mars Surface Rover>Mars Orbiter>Lunar Relay Satellite 2>Lunar Relay Satellite 1>Earth Ground Station,703.47,-98.16,511,264,3600,Normal,0.417,0.497,0.51,0.504,0.926,0.587,0.736,0.074,1.0,0.78,2809,Legitimate
174,2026-08-01T02:50:16,Rover-1,Earth Ground Station,Mars Surface Rover>Mars Orbiter>Lunar Relay Satellite 2>Lunar Relay Satellite 1>Earth Ground Station,728.87,-94.2,510,254,3600,Normal,0.93,0.67,0.914,0.792,0.985,0.875,0.757,0.015,1.0,0.885,3187,Legitimate
175,2026-08-01T02:51:15,Rover-1,Earth Ground Station,Mars Surface Rover>Mars Orbiter>Lunar Relay Satellite 2>Lunar Relay Satellite 1>Earth Ground Station,722.21,-93.89,555,256,3600,Normal,0.991,0.887,0.86,0.873,0.944,0.92,0.781,0.056,1.0,0.907,3267,Legitimate
176,2026-08-01T02:52:41,Rover-1,Earth Ground Station,Mars Surface Rover>Mars Orbiter>Lunar Relay Satellite 2>Lunar Relay Satellite 1>Earth Ground Station,704.3,-90.91,539,270,3600,Normal,0.473,0.524,0.473,0.498,0.86,0.582,0.752,0.14,1.0,0.784,2823,Legitimate
177,2026-08-01T02:53:32,Rover-1,Earth Ground Station,Mars Surface Rover>Mars Orbiter>Lunar Relay Satellite 2>Lunar Relay Satellite 1>Earth Ground Station,738.76,-95.07,544,247,3600,Normal,0.785,0.414,0.923,0.669,0.88,0.751,0.751,0.12,1.0,0.842,3032,Legitimate
178,2026-08-01T02:54:21,Rover-1,Earth Ground Station,Mars Surface Rover>Mars Orbiter>Lunar Relay Satellite 2>Lunar Relay Satellite 1>Earth Ground Station,734.58,-95.76,528,270,3600,Normal,0.746,0.517,0.808,0.663,0.921,0.748,0.751,0.079,1.0,0.841,3028,Legitimate
179,2026-08-01T02:55:19,Rover-1,Earth Ground Station,Mars Surface Rover>Mars Orbiter>Lunar Relay Satellite 2>Lunar Relay Satellite 1>Earth Ground Station,721.67,-93.53,517,257,3600,Normal,0.974,0.913,0.805,0.859,0.996,0.922,0.777,0.004,1.0,0.907,3264,Legitimate
180,2026-08-01T02:56:18,Rover-1,Earth Ground Station,Mars Surface Rover>Mars Orbiter>Lunar Relay Satellite 2>Lunar Relay Satellite 1>Earth Ground Station,738.7,-98.51,561,245,3600,Normal,0.996,0.446,0.48,0.463,0.791,0.678,0.762,0.209,1.0,0.821,2956,Legitimate
181,2026-08-01T02:57:12,Rover-1,Earth Ground Station,Mars Surface Rover>Mars Orbiter>Lunar Relay Satellite 2>Lunar Relay Satellite 1>Earth Ground Station,708.49,-97.62,465,266,3600,Normal,0.865,0.611,0.584,0.597,0.877,0.734,0.758,0.123,1.0,0.839,3020,Legitimate
182,2026-08-01T02:58:27,Rover-1,Earth Ground Station,Mars Surface Rover>Mars Orbiter>Lunar Relay Satellite 2>Lunar Relay Satellite 1>Earth Ground Station,737.86,-93.87,562,267,3600,Normal,0.643,0.479,0.833,0.656,0.831,0.697,0.749,0.169,1.0,0.823,2963,Legitimate
183,2026-08-01T02:59:38,Rover-1,Earth Ground Station,Mars Surface Rover>Mars Orbiter>Lunar Relay Satellite 2>Lunar Relay Satellite 1>Earth Ground Station,740.77,-94.96,464,256,3600,Normal,0.734,0.44,0.961,0.701,0.798,0.733,0.746,0.202,1.0,0.834,3004,Legitimate
184,2026-08-01T03:00:45,Rover-1,Earth Ground Station,Mars Surface Rover>Mars Orbiter>Lunar Relay Satellite 2>Lunar Relay Satellite 1>Earth Ground Station,712.74,-91.2,547,239,3600,Normal,0.839,0.722,0.5,0.611,0.887,0.737,0.745,0.113,1.0,0.835,3007,Legitimate
185,2026-08-01T03:02:13,Rover-1,Earth Ground Station,Mars Surface Rover>Mars Orbiter>Lunar Relay Satellite 2>Lunar Relay Satellite 1>Earth Ground Station,718.14,-97.11,502,262,3600,Normal,0.452,0.907,0.633,0.77,0.98,0.743,0.745,0.02,1.0,0.837,3015,Legitimate
186,2026-08-01T03:02:52,Rover-1,Earth Ground Station,Mars Surface Rover>Mars Orbiter>Lunar Relay Satellite 2>Lunar Relay Satellite 1>Earth Ground Station,701.63,-97.67,487,261,3600,Normal,0.523,0.453,0.579,0.516,0.889,0.611,0.724,0.111,1.0,0.785,2825,Legitimate
187,2026-08-01T03:03:47,Rover-1,Earth Ground Station,Mars Surface Rover>Mars Orbiter>Lunar Relay Satellite 2>Lunar Relay Satellite 1>Earth Ground Station,726.47,-98.34,548,270,3600,Normal,0.851,0.789,0.52,0.654,0.891,0.763,0.73,0.109,1.0,0.839,3021,Legitimate
188,2026-08-01T03:04:41,Rover-1,Earth Ground Station,Mars Surface Rover>Mars Orbiter>Lunar Relay Satellite 2>Lunar Relay Satellite 1>Earth Ground Station,739.62,-96.2,551,255,3600,Normal,0.837,0.469,0.792,0.63,0.88,0.744,0.732,0.12,1.0,0.833,3000,Legitimate
189,2026-08-01T03:05:45,Rover-1,Earth Ground Station,Mars Surface Rover>Mars Orbiter>Lunar Relay Satellite 2>Lunar Relay Satellite 1>Earth Ground Station,699.95,-90.9,525,273,3600,Normal,0.898,0.427,0.465,0.446,0.802,0.648,0.72,0.198,1.0,0.796,2866,Legitimate
190,2026-08-01T03:06:29,Rover-1,Earth Ground Station,Mars Surface Rover>Mars Orbiter>Lunar Relay Satellite 2>Lunar Relay Satellite 1>Earth Ground Station,730.66,-94.37,470,261,3600,Normal,0.622,0.681,0.892,0.787,0.905,0.775,0.728,0.095,1.0,0.842,3033,Legitimate
191,2026-08-01T03:07:54,Rover-1,Earth Ground Station,Mars Surface Rover>Mars Orbiter>Lunar Relay Satellite 2>Lunar Relay Satellite 1>Earth Ground Station,702.74,-91.83,491,236,3600,Normal,0.474,0.493,0.561,0.527,0.84,0.592,0.708,0.16,1.0,0.772,2780,Legitimate
192,2026-08-01T03:08:44,Rover-1,Earth Ground Station,Mars Surface Rover>Mars Orbiter>Lunar Relay Satellite 2>Lunar Relay Satellite 1>Earth Ground Station,732.79,-93.04,499,241,3600,Normal,0.738,0.617,0.708,0.663,0.906,0.742,0.713,0.094,1.0,0.826,2974,Legitimate
193,2026-08-01T03:09:47,Rover-1,Earth Ground Station,Mars Surface Rover>Mars Orbiter>Lunar Relay Satellite 2>Lunar Relay Satellite 1>Earth Ground Station,716.2,-96.73,479,242,3600,Normal,0.934,0.834,0.699,0.766,0.928,0.849,0.733,0.072,1.0,0.869,3128,Legitimate
194,2026-08-01T03:10:56,Rover-1,Earth Ground Station,Mars Surface Rover>Mars Orbiter>Lunar Relay Satellite 2>Lunar Relay Satellite 1>Earth Ground Station,736.02,-96.14,485,272,3600,Normal,0.791,0.55,0.777,0.664,0.874,0.748,0.735,0.126,1.0,0.836,3009,Legitimate
195,2026-08-01T03:11:35,Rover-1,Earth Ground Station,Mars Surface Rover>Mars Orbiter>Lunar Relay Satellite 2>Lunar Relay Satellite 1>Earth Ground Station,708.43,-96.31,507,262,3600,Normal,0.505,0.617,0.758,0.687,0.964,0.711,0.732,0.036,1.0,0.822,2960,Legitimate
196,2026-08-01T03:13:02,Rover-1,Earth Ground Station,Mars Surface Rover>Mars Orbiter>Lunar Relay Satellite 2>Lunar Relay Satellite 1>Earth Ground Station,733.16,-98.81,530,241,3600,Normal,0.446,0.613,0.479,0.546,0.89,0.607,0.713,0.11,1.0,0.779,2806,Legitimate
197,2026-08-01T03:14:00,Rover-1,Earth Ground Station,Mars Surface Rover>Mars Orbiter>Lunar Relay Satellite 2>Lunar Relay Satellite 1>Earth Ground Station,739.23,-99.63,491,274,3600,Normal,0.914,0.491,0.421,0.456,0.786,0.653,0.704,0.214,1.0,0.792,2853,Legitimate
198,2026-08-01T03:15:14,Rover-1,Earth Ground Station,Mars Surface Rover>Mars Orbiter>Lunar Relay Satellite 2>Lunar Relay Satellite 1>Earth Ground Station,709.2,-98.28,481,251,3600,Normal,0.681,0.627,0.565,0.596,0.909,0.696,0.703,0.091,1.0,0.807,2905,Legitimate
199,2026-08-01T03:16:14,Rover-1,Earth Ground Station,Mars Surface Rover>Mars Orbiter>Lunar Relay Satellite 2>Lunar Relay Satellite 1>Earth Ground Station,703.01,-93.87,497,247,3600,Normal,0.961,0.504,0.759,0.631,0.919,0.786,0.715,0.081,1.0,0.842,3030,Legitimate
200,2026-08-01T03:17:28,Rover-1,Earth Ground Station,Mars Surface Rover>Mars Orbiter>Lunar Relay Satellite 2>Lunar Relay Satellite 1>Earth Ground Station,711.15,-99.54,528,246,3600,Normal,0.686,0.696,0.455,0.575,0.893,0.682,0.71,0.107,1.0,0.805,2896,Legitimate
201,2026-08-01T03:18:34,Rover-1,Earth Ground Station,Mars Surface Rover>Mars Orbiter>Lunar Relay Satellite 2>Lunar Relay Satellite 1>Earth Ground Station,735.77,-97.64,560,272,3600,Normal,0.89,0.562,0.658,0.61,0.826,0.734,0.714,0.174,1.0,0.824,2966,Legitimate
202,2026-08-01T03:19:51,Rover-1,Earth Ground Station,Mars Surface Rover>Mars Orbiter>Lunar Relay Satellite 2>Lunar Relay Satellite 1>Earth Ground Station,719.86,-98.84,490,268,3600,Normal,0.64,0.959,0.535,0.747,0.949,0.771,0.722,0.051,1.0,0.839,3021,Legitimate
203,2026-08-01T03:20:59,Rover-1,Earth Ground Station,Mars Surface Rover>Mars Orbiter>Lunar Relay Satellite 2>Lunar Relay Satellite 1>Earth Ground Station,733.04,-92.33,480,245,3600,Normal,0.865,0.639,0.551,0.595,0.887,0.735,0.724,0.113,1.0,0.828,2979,Legitimate
204,2026-08-01T03:22:17,Rover-1,Earth Ground Station,Mars Surface Rover>Mars Orbiter>Lunar Relay Satellite 2>Lunar Relay Satellite 1>Earth Ground Station,729.54,-96.51,546,261,3600,Normal,0.637,0.744,0.84,0.792,0.932,0.788,0.734,0.068,1.0,0.849,3056,Legitimate
205,2026-08-01T03:23:44,Rover-1,Earth Ground Station,Mars Surface Rover>Mars Orbiter>Lunar Relay Satellite 2>Lunar Relay Satellite 1>Earth Ground Station,725.51,-90.62,541,236,3600,Normal,0.485,0.861,0.405,0.633,0.851,0.651,0.721,0.149,1.0,0.798,2871,Legitimate
206,2026-08-01T03:24:37,Rover-1,Earth Ground Station,Mars Surface Rover>Mars Orbiter>Lunar Relay Satellite 2>Lunar Relay Satellite 1>Earth Ground Station,730.04,-91.11,491,266,3600,Normal,0.69,0.729,0.447,0.588,0.898,0.691,0.717,0.102,1.0,0.81,2916,Legitimate
207,2026-08-01T03:25:18,Rover-1,Earth Ground Station,Mars Surface Rover>Mars Orbiter>Lunar Relay Satellite 2>Lunar Relay Satellite 1>Earth Ground Station,707.07,-97.72,550,250,3600,Normal,0.463,0.553,0.67,0.611,0.903,0.647,0.706,0.097,1.0,0.791,2847,Legitimate
208,2026-08-01T03:26:20,Rover-1,Earth Ground Station,Mars Surface Rover>Mars Orbiter>Lunar Relay Satellite 2>Lunar Relay Satellite 1>Earth Ground Station,737.86,-98.14,487,269,3600,Normal,0.941,0.522,0.614,0.568,0.872,0.737,0.711,0.128,1.0,0.824,2966,Legitimate
209,2026-08-01T03:27:20,Rover-1,Earth Ground Station,Mars Surface Rover>Mars Orbiter>Lunar Relay Satellite 2>Lunar Relay Satellite 1>Earth Ground Station,740.19,-93.05,549,268,3600,Normal,0.874,0.484,0.636,0.56,0.838,0.708,0.711,0.162,1.0,0.814,2930,Legitimate
210,2026-08-01T03:28:19,Rover-1,Earth Ground Station,Mars Surface Rover>Mars Orbiter>Lunar Relay Satellite 2>Lunar Relay Satellite 1>Earth Ground Station,740.0,-91.59,559,270,3600,Normal,0.827,0.501,0.492,0.497,0.775,0.649,0.701,0.225,1.0,0.79,2844,Legitimate
211,2026-08-01T03:29:35,Rover-1,Earth Ground Station,Mars Surface Rover>Mars Orbiter>Lunar Relay Satellite 2>Lunar Relay Satellite 1>Earth Ground Station,727.53,-94.03,547,258,3600,Normal,0.683,0.83,0.801,0.815,0.95,0.816,0.719,0.05,1.0,0.853,3071,Legitimate
212,2026-08-01T03:30:10,Rover-1,Earth Ground Station,Mars Surface Rover>Mars Orbiter>Lunar Relay Satellite 2>Lunar Relay Satellite 1>Earth Ground Station,732.56,-90.38,515,254,3600,Normal,0.337,0.691,0.406,0.548,0.9,0.583,0.698,0.1,1.0,0.765,2756,Legitimate
213,2026-08-01T03:31:23,Rover-1,Earth Ground Station,Mars Surface Rover>Mars Orbiter>Lunar Relay Satellite 2>Lunar Relay Satellite 1>Earth Ground Station,730.76,-92.74,499,261,3600,Normal,0.731,0.743,0.654,0.698,0.939,0.767,0.709,0.061,1.0,0.833,3000,Legitimate
214,2026-08-01T03:32:16,Rover-1,Earth Ground Station,Mars Surface Rover>Mars Orbiter>Lunar Relay Satellite 2>Lunar Relay Satellite 1>Earth Ground Station,703.08,-92.47,463,271,3600,Normal,0.657,0.446,0.628,0.537,0.799,0.632,0.697,0.201,1.0,0.783,2817,Legitimate
215,2026-08-01T03:33:21,Rover-1,Earth Ground Station,Mars Surface Rover>Mars Orbiter>Lunar Relay Satellite 2>Lunar Relay Satellite 1>Earth Ground Station,712.57,-96.05,527,261,3600,Normal,0.985,0.665,0.826,0.746,0.966,0.861,0.722,0.034,1.0,0.869,3129,Legitimate
216,2026-08-01T03:34:20,Rover-1,Earth Ground Station,Mars Surface Rover>Mars Orbiter>Lunar Relay Satellite 2>Lunar Relay Satellite 1>Earth Ground Station,737.69,-93.12,502,241,3600,Normal,0.81,0.555,0.708,0.632,0.881,0.738,0.724,0.119,1.0,0.829,2983,Legitimate
217,2026-08-01T03:35:50,Rover-1,Earth Ground Station,Mars Surface Rover>Mars Orbiter>Lunar Relay Satellite 2>Lunar Relay Satellite 1>Earth Ground Station,700.01,-99.71,472,245,3600,Normal,0.396,0.407,0.426,0.417,0.772,0.5,0.691,0.228,1.0,0.733,2638,Legitimate
218,2026-08-01T03:36:54,Rover-1,Earth Ground Station,Mars Surface Rover>Mars Orbiter>Lunar Relay Satellite 2>Lunar Relay Satellite 1>Earth Ground Station,704.26,-94.56,529,265,3600,Normal,0.975,0.496,0.912,0.704,0.931,0.828,0.711,0.069,1.0,0.855,3076,Legitimate
219,2026-08-01T03:38:24,Rover-1,Earth Ground Station,Mars Surface Rover>Mars Orbiter>Lunar Relay Satellite 2>Lunar Relay Satellite 1>Earth Ground Station,721.74,-95.83,535,271,3600,Normal,0.407,0.972,0.887,0.929,0.943,0.802,0.725,0.057,1.0,0.851,3062,Legitimate
220,2026-08-01T03:39:35,Rover-1,Earth Ground Station,Mars Surface Rover>Mars Orbiter>Lunar Relay Satellite 2>Lunar Relay Satellite 1>Earth Ground Station,702.68,-94.9,502,274,3600,Normal,0.821,0.48,0.96,0.72,0.864,0.781,0.733,0.136,1.0,0.846,3046,Legitimate
221,2026-08-01T03:40:07,Rover-1,Earth Ground Station,Mars Surface Rover>Mars Orbiter>Lunar Relay Satellite 2>Lunar Relay Satellite 1>Earth Ground Station,728.22,-92.31,506,245,3600,Normal,0.312,0.804,0.603,0.704,0.965,0.671,0.724,0.035,1.0,0.806,2900,Legitimate
222,2026-08-01T03:41:00,Rover-1,Earth Ground Station,Mars Surface Rover>Mars Orbiter>Lunar Relay Satellite 2>Lunar Relay Satellite 1>Earth Ground Station,702.69,-96.76,516,275,3600,Normal,0.687,0.487,0.73,0.609,0.868,0.693,0.719,0.132,1.0,0.811,2921,Legitimate
223,2026-08-01T03:41:52,Rover-1,Earth Ground Station,Mars Surface Rover>Mars Orbiter>Lunar Relay Satellite 2>Lunar Relay Satellite 1>Earth Ground Station,701.02,-92.87,559,274,3600,Normal,0.671,0.469,0.657,0.563,0.77,0.642,0.708,0.23,1.0,0.79,2844,Legitimate
224,2026-08-01T03:43:14,Rover-1,Earth Ground Station,Mars Surface Rover>Mars Orbiter>Lunar Relay Satellite 2>Lunar Relay Satellite 1>Earth Ground Station,718.04,-96.55,526,259,3600,Normal,0.523,0.867,0.754,0.81,0.986,0.782,0.719,0.014,1.0,0.842,3030,Legitimate
225,2026-08-01T03:43:45,Rover-1,Earth Ground Station,Mars Surface Rover>Mars Orbiter>Lunar Relay Satellite 2>Lunar Relay Satellite 1>Earth Ground Station,700.58,-93.42,562,267,3600,Normal,0.332,0.467,0.735,0.601,0.793,0.582,0.698,0.207,1.0,0.765,2754,Legitimate
226,2026-08-01T03:44:28,Rover-1,Earth Ground Station,Mars Surface Rover>Mars Orbiter>Lunar Relay Satellite 2>Lunar Relay Satellite 1>Earth Ground Station,701.36,-97.52,482,244,3600,Normal,0.524,0.496,0.635,0.565,0.869,0.631,0.688,0.131,1.0,0.779,2804,Legitimate
227,2026-08-01T03:45:53,Rover-1,Earth Ground Station,Mars Surface Rover>Mars Orbiter>Lunar Relay Satellite 2>Lunar Relay Satellite 1>Earth Ground Station,708.47,-97.61,541,259,3600,Normal,0.475,0.639,0.635,0.637,0.931,0.67,0.685,0.069,1.0,0.792,2850,Legitimate
228,2026-08-01T03:46:40,Rover-1,Earth Ground Station,Mars Surface Rover>Mars Orbiter>Lunar Relay Satellite 2>Lunar Relay Satellite 1>Earth Ground Station,735.48,-91.62,474,245,3600,Normal,0.602,0.595,0.507,0.551,0.853,0.639,0.679,0.147,1.0,0.779,2803,Legitimate
229,2026-08-01T03:47:21,Rover-1,Earth Ground Station,Mars Surface Rover>Mars Orbiter>Lunar Relay Satellite 2>Lunar Relay Satellite 1>Earth Ground Station,703.15,-98.48,474,250,3600,Normal,0.498,0.539,0.544,0.542,0.873,0.614,0.669,0.127,1.0,0.766,2758,Legitimate
230,2026-08-01T03:48:41,Rover-1,Earth Ground Station,Mars Surface Rover>Mars Orbiter>Lunar Relay Satellite 2>Lunar Relay Satellite 1>Earth Ground Station,708.68,-93.33,478,237,3600,Normal,0.576,0.668,0.703,0.685,0.889,0.709,0.675,0.111,1.0,0.802,2886,Legitimate
231,2026-08-01T03:49:58,Rover-1,Earth Ground Station,Mars Surface Rover>Mars Orbiter>Lunar Relay Satellite 2>Lunar Relay Satellite 1>Earth Ground Station,716.59,-91.33,467,253,3600,Normal,0.644,0.895,0.494,0.695,0.881,0.729,0.683,0.119,1.0,0.811,2921,Legitimate
232,2026-08-01T03:50:51,Rover-1,Earth Ground Station,Mars Surface Rover>Mars Orbiter>Lunar Relay Satellite 2>Lunar Relay Satellite 1>Earth Ground Station,720.57,-91.29,512,274,3600,Normal,0.727,0.977,0.506,0.741,0.91,0.78,0.697,0.09,1.0,0.834,3001,Legitimate
233,2026-08-01T03:51:23,Rover-1,Earth Ground Station,Mars Surface Rover>Mars Orbiter>Lunar Relay Satellite 2>Lunar Relay Satellite 1>Earth Ground Station,729.82,-98.88,528,247,3600,Normal,0.384,0.693,0.498,0.596,0.919,0.624,0.686,0.081,1.0,0.776,2793,Legitimate
234,2026-08-01T03:52:34,Rover-1,Earth Ground Station,Mars Surface Rover>Mars Orbiter>Lunar Relay Satellite 2>Lunar Relay Satellite 1>Earth Ground Station,740.05,-90.83,509,251,3600,Normal,0.766,0.471,0.475,0.473,0.838,0.637,0.679,0.162,1.0,0.778,2801,Legitimate
235,2026-08-01T03:53:47,Rover-1,Earth Ground Station,Mars Surface Rover>Mars Orbiter>Lunar Relay Satellite 2>Lunar Relay Satellite 1>Earth Ground Station,703.06,-97.02,506,272,3600,Normal,0.723,0.548,0.709,0.629,0.892,0.718,0.685,0.108,1.0,0.808,2910,Legitimate
236,2026-08-01T03:54:37,Rover-1,Earth Ground Station,Mars Surface Rover>Mars Orbiter>Lunar Relay Satellite 2>Lunar Relay Satellite 1>Earth Ground Station,724.68,-90.87,488,261,3600,Normal,0.695,0.836,0.481,0.658,0.931,0.736,0.693,0.069,1.0,0.817,2942,Legitimate
237,2026-08-01T03:55:42,Rover-1,Earth Ground Station,Mars Surface Rover>Mars Orbiter>Lunar Relay Satellite 2>Lunar Relay Satellite 1>Earth Ground Station,729.17,-93.87,521,247,3600,Normal,0.914,0.722,0.834,0.778,0.972,0.86,0.718,0.028,1.0,0.867,3123,Legitimate
238,2026-08-01T03:56:44,Rover-1,Earth Ground Station,Mars Surface Rover>Mars Orbiter>Lunar Relay Satellite 2>Lunar Relay Satellite 1>Earth Ground Station,724.55,-91.19,532,270,3600,Normal,0.991,0.853,0.528,0.691,0.921,0.823,0.734,0.079,1.0,0.861,3098,Legitimate
239,2026-08-01T03:57:55,Rover-1,Earth Ground Station,Mars Surface Rover>Mars Orbiter>Lunar Relay Satellite 2>Lunar Relay Satellite 1>Earth Ground Station,736.32,-95.49,549,253,3600,Normal,0.766,0.548,0.877,0.713,0.913,0.776,0.74,0.087,1.0,0.847,3049,Legitimate
240,2026-08-01T03:59:21,Rover-1,Earth Ground Station,Mars Surface Rover>Mars Orbiter>Lunar Relay Satellite 2>Lunar Relay Satellite 1>Earth Ground Station,708.27,-93.47,507,252,3600,Normal,0.483,0.638,0.788,0.713,0.967,0.719,0.737,0.033,1.0,0.827,2976,Legitimate
241,2026-08-01T03:59:57,Rover-1,Earth Ground Station,Mars Surface Rover>Mars Orbiter>Lunar Relay Satellite 2>Lunar Relay Satellite 1>Earth Ground Station,711.9,-93.22,486,274,3600,Normal,0.429,0.741,0.757,0.749,0.911,0.709,0.733,0.089,1.0,0.822,2958,Legitimate
242,2026-08-01T04:01:10,Rover-1,Earth Ground Station,Mars Surface Rover>Mars Orbiter>Lunar Relay Satellite 2>Lunar Relay Satellite 1>Earth Ground Station,738.27,-90.89,545,239,3600,Normal,0.724,0.513,0.497,0.505,0.828,0.641,0.719,0.172,1.0,0.793,2856,Legitimate
243,2026-08-01T04:01:46,Rover-1,Earth Ground Station,Mars Surface Rover>Mars Orbiter>Lunar Relay Satellite 2>Lunar Relay Satellite 1>Earth Ground Station,730.57,-93.79,474,237,3600,Normal,0.438,0.688,0.84,0.764,0.875,0.71,0.718,0.125,1.0,0.817,2941,Legitimate
244,2026-08-01T04:02:51,Rover-1,Earth Ground Station,Mars Surface Rover>Mars Orbiter>Lunar Relay Satellite 2>Lunar Relay Satellite 1>Earth Ground Station,722.66,-96.62,502,271,3600,Normal,0.925,0.93,0.718,0.824,0.951,0.881,0.742,0.049,1.0,0.882,3176,Legitimate
245,2026-08-01T04:04:21,Rover-1,Earth Ground Station,Mars Surface Rover>Mars Orbiter>Lunar Relay Satellite 2>Lunar Relay Satellite 1>Earth Ground Station,730.81,-98.5,534,275,3600,Normal,0.437,0.68,0.518,0.599,0.863,0.625,0.724,0.137,1.0,0.79,2842,Legitimate
246,2026-08-01T04:05:29,Rover-1,Earth Ground Station,Mars Surface Rover>Mars Orbiter>Lunar Relay Satellite 2>Lunar Relay Satellite 1>Earth Ground Station,711.9,-91.23,512,241,3600,Normal,0.87,0.717,0.542,0.63,0.929,0.765,0.73,0.071,1.0,0.84,3023,Legitimate
247,2026-08-01T04:06:29,Rover-1,Earth Ground Station,Mars Surface Rover>Mars Orbiter>Lunar Relay Satellite 2>Lunar Relay Satellite 1>Earth Ground Station,708.09,-91.28,547,250,3600,Normal,0.915,0.631,0.559,0.595,0.906,0.753,0.734,0.094,1.0,0.837,3013,Legitimate
248,2026-08-01T04:07:47,Rover-1,Earth Ground Station,Mars Surface Rover>Mars Orbiter>Lunar Relay Satellite 2>Lunar Relay Satellite 1>Earth Ground Station,710.43,-92.4,504,258,3600,Normal,0.634,0.702,0.694,0.698,0.964,0.749,0.736,0.036,1.0,0.836,3011,Legitimate
249,2026-08-01T04:09:06,Rover-1,Earth Ground Station,Mars Surface Rover>Mars Orbiter>Lunar Relay Satellite 2>Lunar Relay Satellite 1>Earth Ground Station,733.76,-96.08,526,236,3600,Normal,0.618,0.59,0.733,0.662,0.883,0.706,0.732,0.117,1.0,0.82,2954,Legitimate
250,2026-08-01T04:10:35,Rover-1,Earth Ground Station,Mars Surface Rover>Mars Orbiter>Lunar Relay Satellite 2>Lunar Relay Satellite 1>Earth Ground Station,726.82,-96.84,463,246,3600,Normal,0.465,0.784,0.646,0.715,0.865,0.69,0.725,0.135,1.0,0.813,2925,Legitimate
251,2026-08-01T04:11:53,Rover-1,Earth Ground Station,Mars Surface Rover>Mars Orbiter>Lunar Relay Satellite 2>Lunar Relay Satellite 1>Earth Ground Station,711.75,-93.48,461,271,3600,Normal,0.658,0.709,0.854,0.782,0.816,0.759,0.73,0.184,1.0,0.838,3016,Legitimate
252,2026-08-01T04:12:59,Rover-1,Earth Ground Station,Mars Surface Rover>Mars Orbiter>Lunar Relay Satellite 2>Lunar Relay Satellite 1>Earth Ground Station,726.8,-90.91,536,275,3600,Normal,0.943,0.778,0.537,0.657,0.861,0.78,0.738,0.139,1.0,0.848,3051,Legitimate
253,2026-08-01T04:13:34,Rover-1,Earth Ground Station,Mars Surface Rover>Mars Orbiter>Lunar Relay Satellite 2>Lunar Relay Satellite 1>Earth Ground Station,730.63,-92.29,503,249,3600,Normal,0.43,0.675,0.711,0.693,0.955,0.693,0.731,0.045,1.0,0.816,2936,Legitimate
254,2026-08-01T04:14:27,Rover-1,Earth Ground Station,Mars Surface Rover>Mars Orbiter>Lunar Relay Satellite 2>Lunar Relay Satellite 1>Earth Ground Station,711.86,-93.33,557,259,3600,Normal,0.749,0.72,0.865,0.793,0.908,0.811,0.743,0.092,1.0,0.86,3094,Legitimate
255,2026-08-01T04:15:53,Rover-1,Earth Ground Station,Mars Surface Rover>Mars Orbiter>Lunar Relay Satellite 2>Lunar Relay Satellite 1>Earth Ground Station,700.67,-91.75,524,263,3600,Normal,0.511,0.474,0.648,0.561,0.899,0.633,0.726,0.101,1.0,0.793,2855,Legitimate
256,2026-08-01T04:16:40,Rover-1,Earth Ground Station,Mars Surface Rover>Mars Orbiter>Lunar Relay Satellite 2>Lunar Relay Satellite 1>Earth Ground Station,717.54,-94.28,522,252,3600,Normal,0.639,0.928,0.958,0.943,0.995,0.88,0.749,0.005,1.0,0.884,3183,Legitimate
257,2026-08-01T04:17:23,Rover-1,Earth Ground Station,Mars Surface Rover>Mars Orbiter>Lunar Relay Satellite 2>Lunar Relay Satellite 1>Earth Ground Station,731.01,-91.33,504,247,3600,Normal,0.573,0.639,0.581,0.61,0.921,0.679,0.739,0.079,1.0,0.814,2929,Legitimate
258,2026-08-01T04:18:36,Rover-1,Earth Ground Station,Mars Surface Rover>Mars Orbiter>Lunar Relay Satellite 2>Lunar Relay Satellite 1>Earth Ground Station,724.02,-95.26,492,244,3600,Normal,0.74,0.849,0.779,0.814,0.965,0.833,0.753,0.035,1.0,0.87,3132,Legitimate
259,2026-08-01T04:19:44,Rover-1,Earth Ground Station,Mars Surface Rover>Mars Orbiter>Lunar Relay Satellite 2>Lunar Relay Satellite 1>Earth Ground Station,700.77,-92.19,557,266,3600,Normal,0.86,0.484,0.704,0.594,0.827,0.719,0.748,0.173,1.0,0.83,2989,Legitimate
260,2026-08-01T04:21:02,Rover-1,Earth Ground Station,Mars Surface Rover>Mars Orbiter>Lunar Relay Satellite 2>Lunar Relay Satellite 1>Earth Ground Station,709.44,-93.37,461,266,3600,Normal,0.649,0.697,0.896,0.797,0.824,0.766,0.751,0.176,1.0,0.847,3050,Legitimate
261,2026-08-01T04:21:33,Rover-1,Earth Ground Station,Mars Surface Rover>Mars Orbiter>Lunar Relay Satellite 2>Lunar Relay Satellite 1>Earth Ground Station,734.52,-92.51,484,258,3600,Spoofing,0.4,0.517,0.747,0.632,0.921,0.646,0.735,0.079,1.0,0.801,2883,Legitimate
262,2026-08-01T04:22:18,Rover-1,Earth Ground Station,Mars Surface Rover>Mars Orbiter>Lunar Relay Satellite 2>Lunar Relay Satellite 1>Earth Ground Station,751.29,-96.3,462,273,3600,Spoofing,0.619,0.27,0.619,0.444,0.515,0.506,0.701,0.485,1.0,0.739,2659,Legitimate
263,2026-08-01T04:23:14,Rover-1,Earth Ground Station,Mars Surface Rover>Mars Orbiter>Lunar Relay Satellite 2>Lunar Relay Satellite 1>Earth Ground Station,760.28,-89.39,490,252,3600,Spoofing,0.832,0.208,0.387,0.298,0.504,0.483,0.668,0.496,1.0,0.718,2584,Legitimate
264,2026-08-01T04:24:34,Rover-1,Earth Ground Station,Mars Surface Rover>Mars Orbiter>Lunar Relay Satellite 2>Lunar Relay Satellite 1>Earth Ground Station,749.76,-90.61,554,239,3600,Spoofing,0.607,0.347,0.514,0.43,0.582,0.512,0.645,0.418,1.0,0.72,2592,Legitimate
265,2026-08-01T04:25:31,Rover-1,Earth Ground Station,Mars Surface Rover>Mars Orbiter>Lunar Relay Satellite 2>Lunar Relay Satellite 1>Earth Ground Station,695.94,-99.77,549,266,3600,Spoofing,0.851,0.444,0.32,0.382,0.684,0.575,0.634,0.316,1.0,0.739,2662,Legitimate
266,2026-08-01T04:25:55,Rover-1,Earth Ground Station,Mars Surface Rover>Mars Orbiter>Lunar Relay Satellite 2>Lunar Relay Satellite 1>Earth Ground Station,706.99,-98.89,513,272,3600,Spoofing,0.341,0.657,0.401,0.529,0.899,0.575,0.625,0.101,1.0,0.736,2650,Legitimate
267,2026-08-01T04:27:07,Rover-1,Earth Ground Station,Mars Surface Rover>Mars Orbiter>Lunar Relay Satellite 2>Lunar Relay Satellite 1>Earth Ground Station,691.79,-89.06,471,246,3600,Spoofing,0.763,0.404,0.399,0.401,0.565,0.533,0.611,0.435,1.0,0.715,2575,Legitimate
268,2026-08-01T04:28:15,Rover-1,Earth Ground Station,Mars Surface Rover>Mars Orbiter>Lunar Relay Satellite 2>Lunar Relay Satellite 1>Earth Ground Station,741.98,-99.44,539,255,3600,Spoofing,0.839,0.473,0.363,0.418,0.813,0.622,0.613,0.187,1.0,0.749,2696,Legitimate
269,2026-08-01T04:29:03,Rover-1,Earth Ground Station,Mars Surface Rover>Mars Orbiter>Lunar Relay Satellite 2>Lunar Relay Satellite 1>Earth Ground Station,704.73,-103.05,526,275,3600,Spoofing,0.69,0.617,0.203,0.41,0.643,0.538,0.602,0.357,1.0,0.714,2569,Legitimate
270,2026-08-01T04:29:43,Rover-1,Earth Ground Station,Mars Surface Rover>Mars Orbiter>Lunar Relay Satellite 2>Lunar Relay Satellite 1>Earth Ground Station,700.53,-87.41,506,247,3600,Spoofing,0.561,0.547,0.336,0.442,0.714,0.54,0.592,0.286,1.0,0.711,2559,Legitimate
271,2026-08-01T04:30:35,Rover-1,Earth Ground Station,Mars Surface Rover>Mars Orbiter>Lunar Relay Satellite 2>Lunar Relay Satellite 1>Earth Ground Station,701.6,-97.47,464,250,3600,Spoofing,0.799,0.568,0.585,0.577,0.835,0.697,0.608,0.165,1.0,0.774,2786,Legitimate
272,2026-08-01T04:31:49,Rover-1,Earth Ground Station,Mars Surface Rover>Mars Orbiter>Lunar Relay Satellite 2>Lunar Relay Satellite 1>Earth Ground Station,759.25,-99.09,500,259,3600,Spoofing,0.685,0.28,0.466,0.373,0.557,0.497,0.591,0.443,1.0,0.694,2498,Legitimate
273,2026-08-01T04:32:11,Rover-1,Earth Ground Station,Mars Surface Rover>Mars Orbiter>Lunar Relay Satellite 2>Lunar Relay Satellite 1>Earth Ground Station,717.89,-89.03,527,248,3600,Spoofing,0.335,0.94,0.462,0.701,0.861,0.649,0.6,0.139,1.0,0.754,2714,Legitimate
274,2026-08-01T04:32:34,Rover-1,Earth Ground Station,Mars Surface Rover>Mars Orbiter>Lunar Relay Satellite 2>Lunar Relay Satellite 1>Earth Ground Station,684.09,-97.5,546,275,3600,Spoofing,0.366,0.333,0.603,0.468,0.507,0.452,0.578,0.493,1.0,0.672,2418,Legitimate
275,2026-08-01T04:32:56,Rover-1,Earth Ground Station,Mars Surface Rover>Mars Orbiter>Lunar Relay Satellite 2>Lunar Relay Satellite 1>Earth Ground Station,690.52,-92.83,505,256,3600,Spoofing,0.377,0.429,0.83,0.63,0.718,0.589,0.58,0.282,1.0,0.725,2608,Legitimate
276,2026-08-01T04:33:34,Rover-1,Earth Ground Station,Mars Surface Rover>Mars Orbiter>Lunar Relay Satellite 2>Lunar Relay Satellite 1>Earth Ground Station,731.31,-92.17,530,237,3600,Spoofing,0.581,0.712,0.755,0.733,0.9,0.737,0.603,0.1,1.0,0.786,2831,Legitimate
277,2026-08-01T04:34:15,Rover-1,Earth Ground Station,Mars Surface Rover>Mars Orbiter>Lunar Relay Satellite 2>Lunar Relay Satellite 1>Earth Ground Station,733.53,-101.95,489,265,3600,Spoofing,0.631,0.678,0.308,0.493,0.748,0.591,0.601,0.252,1.0,0.733,2639,Legitimate
278,2026-08-01T04:35:30,Rover-1,Earth Ground Station,Mars Surface Rover>Mars Orbiter>Lunar Relay Satellite 2>Lunar Relay Satellite 1>Earth Ground Station,703.6,-97.67,528,273,3600,Spoofing,0.644,0.615,0.6,0.607,0.865,0.681,0.613,0.135,1.0,0.77,2772,Legitimate
279,2026-08-01T04:36:32,Rover-1,Earth Ground Station,Mars Surface Rover>Mars Orbiter>Lunar Relay Satellite 2>Lunar Relay Satellite 1>Earth Ground Station,709.35,-99.99,556,248,3600,Spoofing,0.916,0.739,0.441,0.59,0.803,0.725,0.63,0.197,1.0,0.792,2850,Legitimate
280,2026-08-01T04:37:44,Rover-1,Earth Ground Station,Mars Surface Rover>Mars Orbiter>Lunar Relay Satellite 2>Lunar Relay Satellite 1>Earth Ground Station,755.64,-88.05,557,276,3600,Spoofing,0.713,0.357,0.423,0.39,0.378,0.468,0.606,0.622,1.0,0.689,2479,Legitimate
281,2026-08-01T04:38:46,Rover-1,Earth Ground Station,Mars Surface Rover>Mars Orbiter>Lunar Relay Satellite 2>Lunar Relay Satellite 1>Earth Ground Station,695.31,-102.66,497,242,3600,Spoofing,0.921,0.489,0.314,0.401,0.61,0.584,0.602,0.39,1.0,0.731,2631,Legitimate
282,2026-08-01T04:39:37,Rover-1,Earth Ground Station,Mars Surface Rover>Mars Orbiter>Lunar Relay Satellite 2>Lunar Relay Satellite 1>Earth Ground Station,744.89,-95.13,476,247,3600,Spoofing,0.818,0.514,0.902,0.708,0.727,0.74,0.623,0.273,1.0,0.794,2860,Legitimate
283,2026-08-01T04:40:31,Rover-1,Earth Ground Station,Mars Surface Rover>Mars Orbiter>Lunar Relay Satellite 2>Lunar Relay Satellite 1>Earth Ground Station,743.01,-88.69,464,249,3600,Spoofing,0.887,0.554,0.474,0.514,0.619,0.633,0.625,0.381,1.0,0.757,2726,Legitimate
284,2026-08-01T04:41:15,Rover-1,Earth Ground Station,Mars Surface Rover>Mars Orbiter>Lunar Relay Satellite 2>Lunar Relay Satellite 1>Earth Ground Station,754.79,-98.78,531,261,3600,Spoofing,0.667,0.41,0.553,0.482,0.587,0.554,0.614,0.413,1.0,0.724,2607,Legitimate
285,2026-08-01T04:41:37,Rover-1,Earth Ground Station,Mars Surface Rover>Mars Orbiter>Lunar Relay Satellite 2>Lunar Relay Satellite 1>Earth Ground Station,701.42,-99.25,485,253,3600,Spoofing,0.374,0.592,0.533,0.563,0.861,0.59,0.61,0.139,1.0,0.736,2650,Legitimate
286,2026-08-01T04:42:25,Rover-1,Earth Ground Station,Mars Surface Rover>Mars Orbiter>Lunar Relay Satellite 2>Lunar Relay Satellite 1>Earth Ground Station,754.9,-89.77,559,267,3600,Spoofing,0.782,0.42,0.553,0.487,0.47,0.556,0.602,0.53,1.0,0.72,2594,Legitimate
287,2026-08-01T04:43:28,Rover-1,Earth Ground Station,Mars Surface Rover>Mars Orbiter>Lunar Relay Satellite 2>Lunar Relay Satellite 1>Earth Ground Station,709.79,-95.47,508,247,3600,Spoofing,0.863,0.732,0.872,0.802,0.947,0.854,0.64,0.053,1.0,0.839,3022,Legitimate
288,2026-08-01T04:43:58,Rover-1,Earth Ground Station,Mars Surface Rover>Mars Orbiter>Lunar Relay Satellite 2>Lunar Relay Satellite 1>Earth Ground Station,732.2,-101.4,474,245,3600,Spoofing,0.489,0.769,0.413,0.591,0.728,0.6,0.634,0.272,1.0,0.748,2694,Legitimate
289,2026-08-01T04:44:53,Rover-1,Earth Ground Station,Mars Surface Rover>Mars Orbiter>Lunar Relay Satellite 2>Lunar Relay Satellite 1>Earth Ground Station,684.05,-89.19,513,240,3600,Spoofing,0.958,0.386,0.51,0.448,0.497,0.588,0.627,0.503,1.0,0.742,2670,Legitimate
290,2026-08-01T04:45:41,Rover-1,Earth Ground Station,Mars Surface Rover>Mars Orbiter>Lunar Relay Satellite 2>Lunar Relay Satellite 1>Earth Ground Station,695.98,-94.16,505,274,3600,Spoofing,0.806,0.545,0.959,0.752,0.774,0.771,0.649,0.226,1.0,0.814,2931,Legitimate
291,2026-08-01T04:46:23,Rover-1,Earth Ground Station,Mars Surface Rover>Mars Orbiter>Lunar Relay Satellite 2>Lunar Relay Satellite 1>Earth Ground Station,709.2,-98.28,481,250,3600,Replay,0.698,0.759,0.632,0.696,0.909,0.1,0.566,0.091,1.0,0.517,1861,Suspicious
292,2026-08-01T04:46:48,Rover-1,Earth Ground Station,Mars Surface Rover>Mars Orbiter>Lunar Relay Satellite 2>Lunar Relay Satellite 1>Earth Ground Station,716.03,-92.38,546,269,3600,Replay,0.442,0.897,0.763,0.83,0.942,0.1,0.496,0.058,1.0,0.484,1741,Suspicious
293,2026-08-01T04:47:58,Rover-1,Earth Ground Station,Mars Surface Rover>Mars Orbiter>Lunar Relay Satellite 2>Lunar Relay Satellite 1>Earth Ground Station,716.21,-91.95,555,254,3600,Replay,0.672,0.91,0.721,0.815,0.932,0.1,0.437,0.068,1.0,0.454,1636,Suspicious
294,2026-08-01T04:49:06,Rover-1,Earth Ground Station,Mars Surface Rover>Mars Orbiter>Lunar Relay Satellite 2>Lunar Relay Satellite 1>Earth Ground Station,713.1,-98.61,532,238,3600,Replay,0.719,0.849,0.616,0.732,0.914,0.1,0.386,0.086,1.0,0.428,1541,Suspicious
295,2026-08-01T04:49:39,Rover-1,Earth Ground Station,Mars Surface Rover>Mars Orbiter>Lunar Relay Satellite 2>Lunar Relay Satellite 1>Earth Ground Station,701.56,-92.27,487,257,3600,Replay,0.555,0.644,0.751,0.698,0.905,0.1,0.343,0.095,1.0,0.405,1457,Suspicious
296,2026-08-01T04:50:48,Rover-1,Earth Ground Station,Mars Surface Rover>Mars Orbiter>Lunar Relay Satellite 2>Lunar Relay Satellite 1>Earth Ground Station,703.06,-97.02,506,252,3600,Replay,0.676,0.679,0.739,0.709,0.93,0.1,0.307,0.07,1.0,0.385,1385,Malicious (TTL Decayed)
297,2026-08-01T04:51:12,Rover-1,Earth Ground Station,Mars Surface Rover>Mars Orbiter>Lunar Relay Satellite 2>Lunar Relay Satellite 1>Earth Ground Station,732.21,-93.55,504,236,3600,Replay,0.444,0.725,0.876,0.801,0.894,0.1,0.276,0.106,1.0,0.367,1321,Malicious (TTL Decayed)
298,2026-08-01T04:52:17,Rover-1,Earth Ground Station,Mars Surface Rover>Mars Orbiter>Lunar Relay Satellite 2>Lunar Relay Satellite 1>Earth Ground Station,703.08,-92.47,463,245,3600,Replay,0.744,0.676,0.763,0.719,0.803,0.1,0.25,0.197,1.0,0.351,1265,Malicious (TTL Decayed)
299,2026-08-01T04:52:48,Rover-1,Earth Ground Station,Mars Surface Rover>Mars Orbiter>Lunar Relay Satellite 2>Lunar Relay Satellite 1>Earth Ground Station,709.44,-93.37,461,238,3600,Replay,0.553,0.791,0.851,0.821,0.794,0.1,0.227,0.206,1.0,0.337,1215,Malicious (TTL Decayed)
300,2026-08-01T04:53:58,Rover-1,Earth Ground Station,Mars Surface Rover>Mars Orbiter>Lunar Relay Satellite 2>Lunar Relay Satellite 1>Earth Ground Station,703.01,-93.87,497,254,3600,Replay,0.627,0.685,0.911,0.798,0.936,0.1,0.208,0.064,1.0,0.325,1172,Malicious (TTL Decayed)
301,2026-08-01T04:54:41,Rover-1,Earth Ground Station,Mars Surface Rover>Mars Orbiter>Lunar Relay Satellite 2>Lunar Relay Satellite 1>Earth Ground Station,720.98,-99.13,481,249,3600,Replay,0.78,0.937,0.572,0.754,0.917,0.1,0.192,0.083,1.0,0.315,1135,Malicious (TTL Decayed)
302,2026-08-01T04:55:50,Rover-1,Earth Ground Station,Mars Surface Rover>Mars Orbiter>Lunar Relay Satellite 2>Lunar Relay Satellite 1>Earth Ground Station,728.87,-94.2,510,249,3600,Replay,0.611,0.779,0.943,0.861,0.977,0.1,0.178,0.023,1.0,0.306,1102,Malicious (TTL Decayed)
303,2026-08-01T04:57:02,Rover-1,Earth Ground Station,Mars Surface Rover>Mars Orbiter>Lunar Relay Satellite 2>Lunar Relay Satellite 1>Earth Ground Station,711.9,-91.23,512,275,3600,Replay,0.564,0.854,0.65,0.752,0.879,0.1,0.166,0.121,1.0,0.298,1073,Malicious (TTL Decayed)
304,2026-08-01T04:58:02,Rover-1,Earth Ground Station,Mars Surface Rover>Mars Orbiter>Lunar Relay Satellite 2>Lunar Relay Satellite 1>Earth Ground Station,730.67,-94.32,520,274,3600,Replay,0.805,0.739,0.951,0.845,0.925,0.1,0.156,0.075,1.0,0.291,1049,Malicious (TTL Decayed)
305,2026-08-01T04:58:40,Rover-1,Earth Ground Station,Mars Surface Rover>Mars Orbiter>Lunar Relay Satellite 2>Lunar Relay Satellite 1>Earth Ground Station,724.24,-98.7,536,248,3600,Replay,0.673,0.871,0.618,0.745,0.945,0.1,0.148,0.055,1.0,0.286,1029,Malicious (TTL Decayed)
306,2026-08-01T04:59:32,Rover-1,Earth Ground Station,Mars Surface Rover>Mars Orbiter>Lunar Relay Satellite 2>Lunar Relay Satellite 1>Earth Ground Station,741.08,-95.91,558,237,3600,Replay,0.981,0.586,0.883,0.735,0.778,0.1,0.141,0.222,1.0,0.281,1011,Malicious (TTL Decayed)
307,2026-08-01T05:00:10,Rover-1,Earth Ground Station,Mars Surface Rover>Mars Orbiter>Lunar Relay Satellite 2>Lunar Relay Satellite 1>Earth Ground Station,725.8,-98.13,465,249,3600,Replay,0.681,0.859,0.677,0.768,0.892,0.1,0.135,0.108,1.0,0.277,996,Malicious (TTL Decayed)
308,2026-08-01T05:01:21,Rover-1,Earth Ground Station,Mars Surface Rover>Mars Orbiter>Lunar Relay Satellite 2>Lunar Relay Satellite 1>Earth Ground Station,709.2,-98.28,481,272,3600,Replay,0.572,0.785,0.676,0.731,0.884,0.1,0.129,0.116,1.0,0.272,981,Malicious (TTL Decayed)
309,2026-08-01T05:02:02,Rover-1,Earth Ground Station,Mars Surface Rover>Mars Orbiter>Lunar Relay Satellite 2>Lunar Relay Satellite 1>Earth Ground Station,722.18,-93.59,507,273,3600,Replay,0.745,0.927,0.831,0.879,0.951,0.1,0.125,0.049,1.0,0.27,970,Malicious (TTL Decayed)
310,2026-08-01T05:03:13,Rover-1,Earth Ground Station,Mars Surface Rover>Mars Orbiter>Lunar Relay Satellite 2>Lunar Relay Satellite 1>Earth Ground Station,731.6,-94.58,551,276,3600,Replay,0.56,0.747,0.934,0.84,0.846,0.1,0.121,0.154,1.0,0.267,960,Malicious (TTL Decayed)
311,2026-08-01T05:04:07,Rover-1,Earth Ground Station,Mars Surface Rover>Mars Orbiter>Lunar Relay Satellite 2>Lunar Relay Satellite 1>Earth Ground Station,703.15,-98.48,474,247,3600,Replay,0.907,0.669,0.669,0.669,0.865,0.1,0.118,0.135,1.0,0.265,952,Malicious (TTL Decayed)
312,2026-08-01T05:05:05,Rover-1,Earth Ground Station,Mars Surface Rover>Mars Orbiter>Lunar Relay Satellite 2>Lunar Relay Satellite 1>Earth Ground Station,708.49,-97.62,465,253,3600,Replay,0.816,0.772,0.754,0.763,0.89,0.1,0.115,0.11,1.0,0.262,944,Malicious (TTL Decayed)
313,2026-08-01T05:06:04,Rover-1,Earth Ground Station,Mars Surface Rover>Mars Orbiter>Lunar Relay Satellite 2>Lunar Relay Satellite 1>Earth Ground Station,718.83,-94.12,470,274,3600,Replay,0.798,0.99,0.865,0.927,0.891,0.1,0.113,0.109,1.0,0.261,939,Malicious (TTL Decayed)
314,2026-08-01T05:07:06,Rover-1,Earth Ground Station,Mars Surface Rover>Mars Orbiter>Lunar Relay Satellite 2>Lunar Relay Satellite 1>Earth Ground Station,712.03,-92.79,482,263,3600,Replay,0.733,0.867,0.723,0.795,0.942,0.1,0.111,0.058,1.0,0.259,934,Malicious (TTL Decayed)
315,2026-08-01T05:07:35,Rover-1,Earth Ground Station,Mars Surface Rover>Mars Orbiter>Lunar Relay Satellite 2>Lunar Relay Satellite 1>Earth Ground Station,723.27,-98.88,499,240,3600,Replay,0.515,0.843,0.652,0.748,0.929,0.1,0.109,0.071,1.0,0.258,928,Malicious (TTL Decayed)
316,2026-08-01T05:08:44,Rover-1,Earth Ground Station,Mars Surface Rover>Mars Orbiter>Lunar Relay Satellite 2>Lunar Relay Satellite 1>Earth Ground Station,723.48,-99.59,464,236,3600,Replay,0.578,0.849,0.594,0.722,0.784,0.1,0.108,0.216,1.0,0.257,926,Malicious (TTL Decayed)
317,2026-08-01T05:09:47,Rover-1,Earth Ground Station,Mars Surface Rover>Mars Orbiter>Lunar Relay Satellite 2>Lunar Relay Satellite 1>Earth Ground Station,738.57,-98.46,560,238,3600,Replay,0.705,0.572,0.687,0.629,0.773,0.1,0.107,0.227,1.0,0.256,923,Malicious (TTL Decayed)
318,2026-08-01T05:10:40,Rover-1,Earth Ground Station,Mars Surface Rover>Mars Orbiter>Lunar Relay Satellite 2>Lunar Relay Satellite 1>Earth Ground Station,714.79,-99.65,526,274,3600,Replay,0.947,0.902,0.599,0.75,0.857,0.1,0.106,0.143,1.0,0.256,920,Malicious (TTL Decayed)
319,2026-08-01T05:11:47,Rover-1,Earth Ground Station,Mars Surface Rover>Mars Orbiter>Lunar Relay Satellite 2>Lunar Relay Satellite 1>Earth Ground Station,731.15,-96.81,526,240,3600,Replay,0.61,0.699,0.862,0.78,0.925,0.1,0.105,0.075,1.0,0.255,918,Malicious (TTL Decayed)
320,2026-08-01T05:12:52,Rover-1,Earth Ground Station,Mars Surface Rover>Mars Orbiter>Lunar Relay Satellite 2>Lunar Relay Satellite 1>Earth Ground Station,726.8,-90.91,536,273,3600,Replay,0.659,0.799,0.544,0.671,0.882,0.1,0.104,0.118,1.0,0.254,915,Malicious (TTL Decayed)
321,2026-08-01T05:13:24,Rover-1,Earth Ground Station,Mars Surface Rover>Mars Orbiter>Lunar Relay Satellite 2>Lunar Relay Satellite 1>Unknown-Relay-X>Earth Ground Station,703.7,-98.35,507,272,3600,Relay Tampering,0.548,0.652,0.686,0.669,0.889,0.694,0.193,0.111,0.65,0.517,1860,Suspicious
322,2026-08-01T05:13:49,Rover-1,Earth Ground Station,Mars Surface Rover>Unknown-Relay-X>Mars Orbiter>Lunar Relay Satellite 2>Lunar Relay Satellite 1>Earth Ground Station,733.41,-99.44,561,262,3600,Relay Tampering,0.454,0.674,0.593,0.634,0.812,0.633,0.259,0.188,0.05,0.186,669,Malicious (TTL Decayed)
323,2026-08-01T05:14:44,Rover-1,Earth Ground Station,Mars Surface Rover>Mars Orbiter>Unknown-Relay-X>Lunar Relay Satellite 2>Lunar Relay Satellite 1>Earth Ground Station,721.82,-98.72,547,264,3600,Relay Tampering,0.872,0.913,0.656,0.784,0.929,0.842,0.346,0.071,0.25,0.42,1513,Suspicious
324,2026-08-01T05:15:54,Rover-1,Earth Ground Station,Mars Surface Rover>Mars Orbiter>Unknown-Relay-X>Lunar Relay Satellite 2>Lunar Relay Satellite 1>Earth Ground Station,714.02,-92.38,561,267,3600,Relay Tampering,0.559,0.872,0.62,0.746,0.872,0.731,0.404,0.128,0.25,0.409,1472,Suspicious
325,2026-08-01T05:17:04,Rover-1,Earth Ground Station,Mars Surface Rover>Mars Orbiter>Unknown-Relay-X>Lunar Relay Satellite 2>Lunar Relay Satellite 1>Earth Ground Station,719.74,-93.68,519,254,3600,Relay Tampering,0.57,0.988,0.755,0.872,0.998,0.828,0.468,0.002,0.25,0.443,1594,Suspicious
326,2026-08-01T05:18:03,Rover-1,Earth Ground Station,Mars Surface Rover>Mars Orbiter>Lunar Relay Satellite 2>Lunar Relay Satellite 1>Unknown-Relay-X>Earth Ground Station,736.6,-90.87,501,264,3600,Relay Tampering,0.824,0.594,0.509,0.552,0.878,0.701,0.503,0.122,0.65,0.621,2235,Suspicious
327,2026-08-01T05:18:56,Rover-1,Earth Ground Station,Mars Surface Rover>Mars Orbiter>Lunar Relay Satellite 2>Unknown-Relay-X>Lunar Relay Satellite 1>Earth Ground Station,716.15,-94.14,519,240,3600,Relay Tampering,0.988,0.886,0.807,0.847,0.974,0.914,0.564,0.026,0.45,0.606,2182,Suspicious
328,2026-08-01T05:19:57,Rover-1,Earth Ground Station,Mars Surface Rover>Mars Orbiter>Unknown-Relay-X>Lunar Relay Satellite 2>Lunar Relay Satellite 1>Earth Ground Station,701.6,-94.68,513,240,3600,Relay Tampering,0.787,0.568,0.885,0.727,0.909,0.787,0.598,0.091,0.25,0.461,1659,Suspicious
329,2026-08-01T05:21:06,Rover-1,Earth Ground Station,Mars Surface Rover>Unknown-Relay-X>Mars Orbiter>Lunar Relay Satellite 2>Lunar Relay Satellite 1>Earth Ground Station,740.14,-94.36,554,237,3600,Relay Tampering,0.596,0.528,0.853,0.69,0.818,0.699,0.613,0.182,0.05,0.234,843,Malicious (TTL Decayed)
330,2026-08-01T05:21:59,Rover-1,Earth Ground Station,Mars Surface Rover>Mars Orbiter>Lunar Relay Satellite 2>Unknown-Relay-X>Lunar Relay Satellite 1>Earth Ground Station,705.01,-91.81,493,264,3600,Relay Tampering,0.984,0.625,0.597,0.611,0.921,0.782,0.638,0.079,0.45,0.592,2130,Suspicious
331,2026-08-01T05:23:19,Rover-1,Earth Ground Station,Mars Surface Rover>Mars Orbiter>Lunar Relay Satellite 2>Unknown-Relay-X>Lunar Relay Satellite 1>Earth Ground Station,739.05,-98.75,547,245,3600,Relay Tampering,0.408,0.529,0.608,0.569,0.833,0.594,0.632,0.167,0.45,0.542,1950,Suspicious
332,2026-08-01T05:23:47,Rover-1,Earth Ground Station,Mars Surface Rover>Mars Orbiter>Unknown-Relay-X>Lunar Relay Satellite 2>Lunar Relay Satellite 1>Earth Ground Station,725.4,-96.09,470,261,3600,Relay Tampering,0.438,0.843,0.893,0.868,0.93,0.776,0.653,0.07,0.25,0.469,1690,Suspicious
333,2026-08-01T05:24:17,Rover-1,Earth Ground Station,Mars Surface Rover>Unknown-Relay-X>Mars Orbiter>Lunar Relay Satellite 2>Lunar Relay Satellite 1>Earth Ground Station,726.86,-97.1,522,270,3600,Relay Tampering,0.483,0.789,0.765,0.777,0.947,0.746,0.667,0.053,0.05,0.245,882,Malicious (TTL Decayed)
334,2026-08-01T05:25:29,Rover-1,Earth Ground Station,Mars Surface Rover>Mars Orbiter>Lunar Relay Satellite 2>Unknown-Relay-X>Lunar Relay Satellite 1>Earth Ground Station,735.72,-91.02,557,267,3600,Relay Tampering,0.547,0.574,0.477,0.526,0.819,0.604,0.658,0.181,0.45,0.551,1984,Suspicious
335,2026-08-01T05:26:30,Rover-1,Earth Ground Station,Mars Surface Rover>Mars Orbiter>Lunar Relay Satellite 2>Unknown-Relay-X>Lunar Relay Satellite 1>Earth Ground Station,707.51,-95.69,524,236,3600,Relay Tampering,0.784,0.662,0.954,0.808,0.876,0.819,0.682,0.124,0.45,0.612,2202,Suspicious
336,2026-08-01T05:27:31,Rover-1,Earth Ground Station,Mars Surface Rover>Mars Orbiter>Lunar Relay Satellite 2>Unknown-Relay-X>Lunar Relay Satellite 1>Earth Ground Station,739.73,-94.84,543,263,3600,Relay Tampering,0.797,0.476,0.924,0.7,0.869,0.766,0.695,0.131,0.45,0.602,2167,Suspicious
337,2026-08-01T05:28:20,Rover-1,Earth Ground Station,Mars Surface Rover>Mars Orbiter>Unknown-Relay-X>Lunar Relay Satellite 2>Lunar Relay Satellite 1>Earth Ground Station,701.55,-90.82,505,255,3600,Relay Tampering,0.85,0.52,0.457,0.488,0.877,0.676,0.692,0.123,0.25,0.457,1646,Suspicious
338,2026-08-01T05:29:01,Rover-1,Earth Ground Station,Mars Surface Rover>Mars Orbiter>Lunar Relay Satellite 2>Unknown-Relay-X>Lunar Relay Satellite 1>Earth Ground Station,724.61,-93.22,534,265,3600,Relay Tampering,0.664,0.801,0.704,0.753,0.968,0.784,0.706,0.032,0.45,0.609,2192,Suspicious
339,2026-08-01T05:29:46,Rover-1,Earth Ground Station,Mars Surface Rover>Mars Orbiter>Lunar Relay Satellite 2>Lunar Relay Satellite 1>Unknown-Relay-X>Earth Ground Station,704.05,-93.77,518,248,3600,Relay Tampering,0.746,0.58,0.785,0.683,0.94,0.763,0.714,0.06,0.65,0.702,2526,Legitimate
340,2026-08-01T05:30:13,Rover-1,Earth Ground Station,Mars Surface Rover>Mars Orbiter>Lunar Relay Satellite 2>Lunar Relay Satellite 1>Unknown-Relay-X>Earth Ground Station,709.95,-92.61,470,247,3600,Relay Tampering,0.42,0.698,0.62,0.659,0.878,0.654,0.705,0.122,0.65,0.668,2403,Legitimate
341,2026-08-01T05:31:28,Rover-1,Earth Ground Station,Mars Surface Rover>Mars Orbiter>Lunar Relay Satellite 2>Unknown-Relay-X>Lunar Relay Satellite 1>Earth Ground Station,724.98,-92.61,549,242,3600,Relay Tampering,0.508,0.789,0.626,0.707,0.928,0.713,0.706,0.072,0.45,0.591,2129,Suspicious
342,2026-08-01T05:32:47,Rover-1,Earth Ground Station,Mars Surface Rover>Mars Orbiter>Lunar Relay Satellite 2>Lunar Relay Satellite 1>Unknown-Relay-X>Earth Ground Station,723.36,-93.22,538,255,3600,Relay Tampering,0.462,0.853,0.711,0.782,0.982,0.752,0.713,0.018,0.65,0.698,2514,Legitimate
343,2026-08-01T05:33:38,Rover-1,Earth Ground Station,Mars Surface Rover>Mars Orbiter>Lunar Relay Satellite 2>Lunar Relay Satellite 1>Unknown-Relay-X>Earth Ground Station,736.38,-94.98,470,251,3600,Relay Tampering,0.877,0.501,0.973,0.737,0.869,0.805,0.727,0.131,0.65,0.717,2582,Legitimate
344,2026-08-01T05:34:13,Rover-1,Earth Ground Station,Mars Surface Rover>Mars Orbiter>Lunar Relay Satellite 2>Lunar Relay Satellite 1>Unknown-Relay-X>Earth Ground Station,707.69,-93.6,465,255,3600,Relay Tampering,0.535,0.604,0.747,0.676,0.895,0.695,0.722,0.105,0.65,0.684,2464,Legitimate
345,2026-08-01T05:34:51,Rover-1,Earth Ground Station,Mars Surface Rover>Mars Orbiter>Lunar Relay Satellite 2>Unknown-Relay-X>Lunar Relay Satellite 1>Earth Ground Station,721.59,-98.3,504,271,3600,Relay Tampering,0.603,0.937,0.552,0.744,0.951,0.761,0.728,0.049,0.45,0.609,2191,Suspicious
346,2026-08-01T05:35:59,Rover-1,Earth Ground Station,Mars Surface Rover>Mars Orbiter>Lunar Relay Satellite 2>Unknown-Relay-X>Lunar Relay Satellite 1>Earth Ground Station,715.82,-90.68,466,258,3600,Relay Tampering,0.647,0.829,0.432,0.631,0.837,0.686,0.722,0.163,0.45,0.589,2119,Suspicious
347,2026-08-01T05:36:54,Rover-1,Earth Ground Station,Mars Surface Rover>Unknown-Relay-X>Mars Orbiter>Lunar Relay Satellite 2>Lunar Relay Satellite 1>Earth Ground Station,710.87,-93.92,506,258,3600,Relay Tampering,0.976,0.663,0.81,0.736,0.976,0.856,0.742,0.024,0.05,0.264,949,Malicious (TTL Decayed)
348,2026-08-01T05:37:22,Rover-1,Earth Ground Station,Mars Surface Rover>Mars Orbiter>Lunar Relay Satellite 2>Unknown-Relay-X>Lunar Relay Satellite 1>Earth Ground Station,740.52,-93.99,542,249,3600,Relay Tampering,0.414,0.424,0.819,0.621,0.872,0.632,0.725,0.128,0.45,0.576,2073,Suspicious
349,2026-08-01T05:38:30,Rover-1,Earth Ground Station,Mars Surface Rover>Unknown-Relay-X>Mars Orbiter>Lunar Relay Satellite 2>Lunar Relay Satellite 1>Earth Ground Station,704.63,-95.97,501,237,3600,Relay Tampering,0.64,0.504,0.857,0.681,0.901,0.726,0.725,0.099,0.05,0.249,896,Malicious (TTL Decayed)
350,2026-08-01T05:38:58,Rover-1,Earth Ground Station,Mars Surface Rover>Mars Orbiter>Unknown-Relay-X>Lunar Relay Satellite 2>Lunar Relay Satellite 1>Earth Ground Station,729.23,-97.89,513,241,3600,Relay Tampering,0.417,0.706,0.609,0.657,0.934,0.666,0.717,0.066,0.25,0.46,1657,Suspicious
351,2026-08-01T05:39:01,Rover-1,Earth Ground Station,Mars Surface Rover>Mars Orbiter>Lunar Relay Satellite 2>Lunar Relay Satellite 1>Earth Ground Station,738.64,-93.28,550,2830,3600,Bundle Flooding,0.196,0.481,0.698,0.59,0.245,0.405,0.67,0.755,1.0,0.689,2480,Legitimate
352,2026-08-01T05:39:05,Rover-1,Earth Ground Station,Mars Surface Rover>Mars Orbiter>Lunar Relay Satellite 2>Lunar Relay Satellite 1>Earth Ground Station,729.02,-93.1,708,2570,3600,Bundle Flooding,0.238,0.739,0.686,0.712,0.12,0.446,0.636,0.88,1.0,0.692,2490,Legitimate
353,2026-08-01T05:39:08,Rover-1,Earth Ground Station,Mars Surface Rover>Mars Orbiter>Lunar Relay Satellite 2>Lunar Relay Satellite 1>Earth Ground Station,732.82,-97.14,703,2264,3600,Bundle Flooding,0.263,0.631,0.69,0.66,0.125,0.427,0.605,0.875,1.0,0.672,2420,Legitimate
354,2026-08-01T05:39:10,Rover-1,Earth Ground Station,Mars Surface Rover>Mars Orbiter>Lunar Relay Satellite 2>Lunar Relay Satellite 1>Earth Ground Station,729.56,-95.79,651,2487,3600,Bundle Flooding,0.285,0.735,0.902,0.819,0.234,0.539,0.595,0.766,1.0,0.711,2561,Legitimate
355,2026-08-01T05:39:12,Rover-1,Earth Ground Station,Mars Surface Rover>Mars Orbiter>Lunar Relay Satellite 2>Lunar Relay Satellite 1>Earth Ground Station,733.9,-92.55,487,1829,3600,Bundle Flooding,0.314,0.613,0.602,0.608,0.427,0.489,0.579,0.573,1.0,0.686,2471,Legitimate
356,2026-08-01T05:39:16,Rover-1,Earth Ground Station,Mars Surface Rover>Mars Orbiter>Lunar Relay Satellite 2>Lunar Relay Satellite 1>Earth Ground Station,704.94,-96.81,664,2949,3600,Bundle Flooding,0.353,0.489,0.731,0.61,0.117,0.422,0.556,0.883,1.0,0.651,2344,Legitimate
357,2026-08-01T05:39:17,Rover-1,Earth Ground Station,Mars Surface Rover>Mars Orbiter>Lunar Relay Satellite 2>Lunar Relay Satellite 1>Earth Ground Station,728.89,-95.18,461,2270,3600,Bundle Flooding,0.351,0.74,0.996,0.868,0.366,0.613,0.564,0.634,1.0,0.728,2619,Legitimate
358,2026-08-01T05:39:19,Rover-1,Earth Ground Station,Mars Surface Rover>Mars Orbiter>Lunar Relay Satellite 2>Lunar Relay Satellite 1>Earth Ground Station,718.26,-95.31,586,2868,3600,Bundle Flooding,0.38,0.869,0.961,0.915,0.246,0.614,0.572,0.754,1.0,0.731,2631,Legitimate
359,2026-08-01T05:39:22,Rover-1,Earth Ground Station,Mars Surface Rover>Mars Orbiter>Lunar Relay Satellite 2>Lunar Relay Satellite 1>Earth Ground Station,724.76,-92.08,705,1881,3600,Bundle Flooding,0.409,0.885,0.564,0.725,0.145,0.501,0.561,0.855,1.0,0.684,2462,Legitimate
360,2026-08-01T05:39:25,Rover-1,Earth Ground Station,Mars Surface Rover>Mars Orbiter>Lunar Relay Satellite 2>Lunar Relay Satellite 1>Earth Ground Station,731.71,-96.95,536,2272,3600,Bundle Flooding,0.426,0.664,0.69,0.677,0.418,0.55,0.559,0.582,1.0,0.702,2527,Legitimate
361,2026-08-01T05:39:28,Rover-1,Earth Ground Station,Mars Surface Rover>Mars Orbiter>Lunar Relay Satellite 2>Lunar Relay Satellite 1>Earth Ground Station,710.83,-95.7,448,2142,3600,Bundle Flooding,0.444,0.631,0.885,0.758,0.349,0.577,0.562,0.651,1.0,0.713,2568,Legitimate
362,2026-08-01T05:39:30,Rover-1,Earth Ground Station,Mars Surface Rover>Mars Orbiter>Lunar Relay Satellite 2>Lunar Relay Satellite 1>Earth Ground Station,710.95,-92.98,412,2215,3600,Bundle Flooding,0.452,0.625,0.676,0.651,0.22,0.493,0.552,0.78,1.0,0.677,2439,Legitimate
363,2026-08-01T05:39:34,Rover-1,Earth Ground Station,Mars Surface Rover>Mars Orbiter>Lunar Relay Satellite 2>Lunar Relay Satellite 1>Earth Ground Station,707.64,-98.12,351,1953,3600,Bundle Flooding,0.488,0.541,0.536,0.538,0.157,0.431,0.534,0.843,1.0,0.646,2325,Suspicious
364,2026-08-01T05:39:36,Rover-1,Earth Ground Station,Mars Surface Rover>Mars Orbiter>Lunar Relay Satellite 2>Lunar Relay Satellite 1>Earth Ground Station,708.87,-96.61,476,1616,3600,Bundle Flooding,0.485,0.58,0.733,0.656,0.5,0.574,0.54,0.5,1.0,0.704,2534,Legitimate
365,2026-08-01T05:39:40,Rover-1,Earth Ground Station,Mars Surface Rover>Mars Orbiter>Lunar Relay Satellite 2>Lunar Relay Satellite 1>Earth Ground Station,702.74,-97.57,473,2963,3600,Bundle Flooding,0.52,0.451,0.618,0.535,0.228,0.454,0.527,0.772,1.0,0.652,2348,Legitimate
366,2026-08-01T05:39:44,Rover-1,Earth Ground Station,Mars Surface Rover>Mars Orbiter>Lunar Relay Satellite 2>Lunar Relay Satellite 1>Earth Ground Station,719.03,-92.14,679,2528,3600,Bundle Flooding,0.53,0.908,0.568,0.738,0.16,0.542,0.529,0.84,1.0,0.687,2475,Legitimate
367,2026-08-01T05:39:45,Rover-1,Earth Ground Station,Mars Surface Rover>Mars Orbiter>Lunar Relay Satellite 2>Lunar Relay Satellite 1>Earth Ground Station,726.58,-92.46,684,1593,3600,Bundle Flooding,0.514,0.807,0.616,0.712,0.187,0.531,0.529,0.813,1.0,0.683,2460,Legitimate
368,2026-08-01T05:39:49,Rover-1,Earth Ground Station,Mars Surface Rover>Mars Orbiter>Lunar Relay Satellite 2>Lunar Relay Satellite 1>Earth Ground Station,736.51,-91.92,510,2145,3600,Bundle Flooding,0.558,0.527,0.563,0.545,0.392,0.51,0.527,0.608,1.0,0.674,2427,Legitimate
369,2026-08-01T05:39:52,Rover-1,Earth Ground Station,Mars Surface Rover>Mars Orbiter>Lunar Relay Satellite 2>Lunar Relay Satellite 1>Earth Ground Station,736.28,-90.34,423,3045,3600,Bundle Flooding,0.561,0.546,0.412,0.479,0.088,0.402,0.508,0.912,1.0,0.623,2244,Suspicious
370,2026-08-01T05:39:56,Rover-1,Earth Ground Station,Mars Surface Rover>Mars Orbiter>Lunar Relay Satellite 2>Lunar Relay Satellite 1>Earth Ground Station,736.82,-91.52,442,2778,3600,Bundle Flooding,0.584,0.539,0.548,0.543,0.175,0.462,0.501,0.825,1.0,0.645,2322,Suspicious
371,2026-08-01T05:40:00,Rover-1,Earth Ground Station,Mars Surface Rover>Mars Orbiter>Lunar Relay Satellite 2>Lunar Relay Satellite 1>Earth Ground Station,726.41,-97.08,583,1989,3600,Bundle Flooding,0.597,0.832,0.591,0.711,0.378,0.599,0.516,0.622,1.0,0.704,2535,Legitimate
372,2026-08-01T05:40:02,Rover-1,Earth Ground Station,Mars Surface Rover>Mars Orbiter>Lunar Relay Satellite 2>Lunar Relay Satellite 1>Earth Ground Station,705.98,-98.38,342,2327,3600,Bundle Flooding,0.585,0.514,0.446,0.48,0.117,0.415,0.501,0.883,1.0,0.626,2253,Suspicious
373,2026-08-01T05:40:03,Rover-1,Earth Ground Station,Mars Surface Rover>Mars Orbiter>Lunar Relay Satellite 2>Lunar Relay Satellite 1>Earth Ground Station,706.38,-91.59,403,1936,3600,Bundle Flooding,0.582,0.537,0.547,0.542,0.206,0.468,0.496,0.794,1.0,0.645,2323,Suspicious
374,2026-08-01T05:40:06,Rover-1,Earth Ground Station,Mars Surface Rover>Mars Orbiter>Lunar Relay Satellite 2>Lunar Relay Satellite 1>Earth Ground Station,739.61,-93.12,590,2540,3600,Bundle Flooding,0.616,0.483,0.774,0.629,0.246,0.53,0.501,0.754,1.0,0.672,2419,Legitimate
375,2026-08-01T05:40:07,Rover-1,Earth Ground Station,Mars Surface Rover>Mars Orbiter>Lunar Relay Satellite 2>Lunar Relay Satellite 1>Earth Ground Station,727.25,-94.67,670,2953,3600,Bundle Flooding,0.606,0.811,0.929,0.87,0.11,0.614,0.518,0.89,1.0,0.711,2559,Legitimate
376,2026-08-01T05:40:10,Rover-1,Earth Ground Station,Mars Surface Rover>Mars Orbiter>Lunar Relay Satellite 2>Lunar Relay Satellite 1>Earth Ground Station,728.22,-96.32,699,1875,3600,Bundle Flooding,0.64,0.785,0.653,0.719,0.154,0.558,0.524,0.846,1.0,0.692,2490,Legitimate
377,2026-08-01T05:40:14,Rover-1,Earth Ground Station,Mars Surface Rover>Mars Orbiter>Lunar Relay Satellite 2>Lunar Relay Satellite 1>Earth Ground Station,705.02,-97.35,500,2379,3600,Bundle Flooding,0.663,0.512,0.53,0.521,0.382,0.522,0.523,0.618,1.0,0.677,2439,Legitimate
378,2026-08-01T05:40:16,Rover-1,Earth Ground Station,Mars Surface Rover>Mars Orbiter>Lunar Relay Satellite 2>Lunar Relay Satellite 1>Earth Ground Station,731.31,-96.71,523,2343,3600,Bundle Flooding,0.65,0.686,0.623,0.655,0.419,0.595,0.534,0.581,1.0,0.71,2554,Legitimate
379,2026-08-01T05:40:19,Rover-1,Earth Ground Station,Mars Surface Rover>Mars Orbiter>Lunar Relay Satellite 2>Lunar Relay Satellite 1>Earth Ground Station,701.77,-95.61,541,2312,3600,Bundle Flooding,0.674,0.441,0.799,0.62,0.356,0.568,0.539,0.644,1.0,0.701,2524,Legitimate
380,2026-08-01T05:40:21,Rover-1,Earth Ground Station,Mars Surface Rover>Mars Orbiter>Lunar Relay Satellite 2>Lunar Relay Satellite 1>Earth Ground Station,705.51,-98.37,507,2637,3600,Bundle Flooding,0.672,0.53,0.445,0.488,0.31,0.489,0.532,0.69,1.0,0.668,2405,Legitimate
381,2026-08-01T05:41:38,Unregistered-Node-59,Earth Ground Station,Unregistered-Node>Earth Ground Station,720.45,-98.04,507,256,3600,Unauthorized Injection,1.0,1.0,1.0,1.0,0.98,0.995,0.999,0.02,0.0,0.004,14,Malicious (TTL Decayed)
382,2026-08-01T05:42:33,Unregistered-Node-1,Earth Ground Station,Unregistered-Node>Earth Ground Station,718.37,-106.68,534,251,3600,Unauthorized Injection,1.0,1.0,1.0,1.0,0.664,0.916,0.987,0.336,0.0,0.004,14,Malicious (TTL Decayed)
383,2026-08-01T05:43:30,Unregistered-Node-8,Earth Ground Station,Unregistered-Node>Earth Ground Station,701.55,-115.64,532,257,3600,Unauthorized Injection,1.0,1.0,1.0,1.0,0.393,0.848,0.977,0.607,0.0,0.004,14,Malicious (TTL Decayed)
384,2026-08-01T05:43:54,Unregistered-Node-18,Earth Ground Station,Unregistered-Node>Earth Ground Station,741.0,-107.63,490,242,3600,Unauthorized Injection,1.0,1.0,1.0,1.0,0.523,0.881,0.957,0.477,0.0,0.004,14,Malicious (TTL Decayed)
385,2026-08-01T05:45:00,Unregistered-Node-49,Earth Ground Station,Unregistered-Node>Earth Ground Station,726.3,-89.09,562,251,3600,Unauthorized Injection,1.0,1.0,1.0,1.0,0.768,0.942,0.983,0.232,0.0,0.004,14,Malicious (TTL Decayed)
386,2026-08-01T05:46:03,Unregistered-Node-16,Earth Ground Station,Unregistered-Node>Earth Ground Station,740.05,-79.73,474,270,3600,Unauthorized Injection,1.0,1.0,1.0,1.0,0.482,0.87,0.981,0.518,0.0,0.004,14,Malicious (TTL Decayed)
387,2026-08-01T05:46:57,Unregistered-Node-97,Earth Ground Station,Unregistered-Node>Earth Ground Station,715.38,-72.33,561,269,3600,Unauthorized Injection,1.0,1.0,1.0,1.0,0.407,0.852,0.973,0.593,0.0,0.004,14,Malicious (TTL Decayed)
388,2026-08-01T05:47:36,Unregistered-Node-30,Earth Ground Station,Unregistered-Node>Earth Ground Station,718.4,-83.01,504,251,3600,Unauthorized Injection,1.0,1.0,1.0,1.0,0.696,0.924,0.989,0.304,0.0,0.004,14,Malicious (TTL Decayed)
389,2026-08-01T05:48:18,Unregistered-Node-5,Earth Ground Station,Unregistered-Node>Earth Ground Station,705.1,-109.7,550,266,3600,Unauthorized Injection,1.0,1.0,1.0,1.0,0.504,0.876,0.969,0.496,0.0,0.004,14,Malicious (TTL Decayed)
390,2026-08-01T05:49:04,Unregistered-Node-9,Earth Ground Station,Unregistered-Node>Earth Ground Station,724.96,-76.04,551,245,3600,Unauthorized Injection,1.0,1.0,1.0,1.0,0.501,0.875,0.981,0.499,0.0,0.004,14,Malicious (TTL Decayed)
391,2026-08-01T05:49:26,Unregistered-Node-6,Earth Ground Station,Unregistered-Node>Earth Ground Station,717.69,-90.36,550,245,3600,Unauthorized Injection,1.0,1.0,1.0,1.0,0.879,0.97,0.995,0.121,0.0,0.004,14,Malicious (TTL Decayed)
392,2026-08-01T05:50:00,Unregistered-Node-38,Earth Ground Station,Unregistered-Node>Earth Ground Station,721.72,-82.37,540,241,3600,Unauthorized Injection,1.0,1.0,1.0,1.0,0.629,0.907,0.986,0.371,0.0,0.004,14,Malicious (TTL Decayed)
393,2026-08-01T05:51:18,Unregistered-Node-42,Earth Ground Station,Unregistered-Node>Earth Ground Station,730.0,-82.5,522,263,3600,Unauthorized Injection,1.0,1.0,1.0,1.0,0.675,0.919,0.988,0.325,0.0,0.004,14,Malicious (TTL Decayed)
394,2026-08-01T05:52:34,Unregistered-Node-8,Earth Ground Station,Unregistered-Node>Earth Ground Station,704.59,-97.69,483,247,3600,Unauthorized Injection,1.0,1.0,1.0,1.0,0.896,0.974,0.977,0.104,0.0,0.004,14,Malicious (TTL Decayed)
395,2026-08-01T05:53:31,Unregistered-Node-64,Earth Ground Station,Unregistered-Node>Earth Ground Station,736.4,-73.48,524,253,3600,Unauthorized Injection,1.0,0.596,0.024,0.31,0.444,0.516,0.919,0.556,0.0,0.003,12,Malicious (TTL Decayed)
396,2026-08-01T05:54:13,Unregistered-Node-54,Earth Ground Station,Unregistered-Node>Earth Ground Station,739.08,-90.64,541,248,3600,Unauthorized Injection,1.0,1.0,1.0,1.0,0.833,0.958,0.994,0.167,0.0,0.004,14,Malicious (TTL Decayed)
397,2026-08-01T05:54:52,Unregistered-Node-39,Earth Ground Station,Unregistered-Node>Earth Ground Station,714.66,-111.98,509,270,3600,Unauthorized Injection,1.0,1.0,1.0,1.0,0.533,0.883,0.982,0.467,0.0,0.004,14,Malicious (TTL Decayed)
398,2026-08-01T05:55:21,Unregistered-Node-72,Earth Ground Station,Unregistered-Node>Earth Ground Station,733.21,-96.42,518,275,3600,Unauthorized Injection,1.0,1.0,1.0,1.0,0.893,0.973,0.978,0.107,0.0,0.004,14,Malicious (TTL Decayed)
399,2026-08-01T05:56:05,Unregistered-Node-48,Earth Ground Station,Unregistered-Node>Earth Ground Station,708.89,-75.64,527,273,3600,Unauthorized Injection,1.0,1.0,1.0,1.0,0.491,0.873,0.981,0.509,0.0,0.004,14,Malicious (TTL Decayed)
400,2026-08-01T05:57:11,Unregistered-Node-6,Earth Ground Station,Unregistered-Node>Earth Ground Station,734.23,-112.75,499,260,3600,Unauthorized Injection,1.0,1.0,1.0,1.0,0.495,0.874,0.977,0.505,0.0,0.004,14,Malicious (TTL Decayed)
401,2026-08-01T05:57:43,Unregistered-Node-27,Earth Ground Station,Unregistered-Node>Earth Ground Station,733.16,-112.55,529,244,3600,Unauthorized Injection,1.0,1.0,1.0,1.0,0.504,0.876,0.981,0.496,0.0,0.004,14,Malicious (TTL Decayed)
402,2026-08-01T05:58:24,Unregistered-Node-95,Earth Ground Station,Unregistered-Node>Earth Ground Station,711.5,-76.82,482,243,3600,Unauthorized Injection,1.0,1.0,1.0,1.0,0.509,0.877,0.982,0.491,0.0,0.004,14,Malicious (TTL Decayed)
403,2026-08-01T05:59:32,Unregistered-Node-31,Earth Ground Station,Unregistered-Node>Earth Ground Station,719.09,-97.47,522,243,3600,Unauthorized Injection,1.0,1.0,1.0,1.0,0.964,0.991,0.981,0.036,0.0,0.004,14,Malicious (TTL Decayed)
404,2026-08-01T06:00:41,Unregistered-Node-47,Earth Ground Station,Unregistered-Node>Earth Ground Station,710.63,-95.61,527,248,3600,Unauthorized Injection,1.0,1.0,1.0,1.0,0.943,0.986,0.998,0.057,0.0,0.004,14,Malicious (TTL Decayed)
405,2026-08-01T06:01:32,Unregistered-Node-41,Earth Ground Station,Unregistered-Node>Earth Ground Station,718.53,-114.68,534,266,3600,Unauthorized Injection,1.0,1.0,1.0,1.0,0.474,0.868,0.968,0.526,0.0,0.004,14,Malicious (TTL Decayed)
406,2026-08-01T06:02:15,Unregistered-Node-3,Earth Ground Station,Unregistered-Node>Earth Ground Station,711.92,-83.64,549,265,3600,Unauthorized Injection,1.0,1.0,1.0,1.0,0.681,0.92,0.982,0.319,0.0,0.004,14,Malicious (TTL Decayed)
407,2026-08-01T06:03:34,Unregistered-Node-30,Earth Ground Station,Unregistered-Node>Earth Ground Station,723.63,-89.29,491,243,3600,Unauthorized Injection,1.0,1.0,1.0,1.0,0.852,0.963,0.985,0.148,0.0,0.004,14,Malicious (TTL Decayed)
408,2026-08-01T06:04:47,Unregistered-Node-98,Earth Ground Station,Unregistered-Node>Earth Ground Station,709.02,-110.28,557,249,3600,Unauthorized Injection,1.0,1.0,1.0,1.0,0.477,0.869,0.98,0.523,0.0,0.004,14,Malicious (TTL Decayed)
409,2026-08-01T06:05:53,Unregistered-Node-22,Earth Ground Station,Unregistered-Node>Earth Ground Station,726.12,-77.9,478,268,3600,Unauthorized Injection,1.0,1.0,1.0,1.0,0.546,0.886,0.965,0.454,0.0,0.004,14,Malicious (TTL Decayed)
410,2026-08-01T06:06:47,Unregistered-Node-8,Earth Ground Station,Unregistered-Node>Earth Ground Station,719.5,-96.14,516,261,3600,Unauthorized Injection,1.0,1.0,1.0,1.0,0.987,0.997,0.98,0.013,0.0,0.004,14,Malicious (TTL Decayed)
411,2026-08-01T00:01:23,Rover-2,Earth Ground Station,Mars Surface Rover>Mars Orbiter>Lunar Relay Satellite 2>Lunar Relay Satellite 1>Earth Ground Station,734.98,-99.23,529,266,3600,Normal,1.0,1.0,1.0,1.0,0.894,0.973,0.996,0.106,1.0,0.991,3566,Legitimate
412,2026-08-01T00:02:19,Rover-2,Earth Ground Station,Mars Surface Rover>Mars Orbiter>Lunar Relay Satellite 2>Lunar Relay Satellite 1>Earth Ground Station,704.34,-96.24,467,241,3600,Normal,1.0,1.0,1.0,1.0,0.859,0.965,0.991,0.141,1.0,0.987,3552,Legitimate
413,2026-08-01T00:03:02,Rover-2,Earth Ground Station,Mars Surface Rover>Mars Orbiter>Lunar Relay Satellite 2>Lunar Relay Satellite 1>Earth Ground Station,720.25,-93.8,524,262,3600,Normal,1.0,1.0,1.0,1.0,0.99,0.998,0.992,0.01,1.0,0.997,3589,Legitimate
414,2026-08-01T00:04:11,Rover-2,Earth Ground Station,Mars Surface Rover>Mars Orbiter>Lunar Relay Satellite 2>Lunar Relay Satellite 1>Earth Ground Station,737.83,-96.51,462,257,3600,Normal,1.0,0.488,0.981,0.734,0.789,0.814,0.966,0.211,1.0,0.932,3357,Legitimate
415,2026-08-01T00:05:07,Rover-2,Earth Ground Station,Mars Surface Rover>Mars Orbiter>Lunar Relay Satellite 2>Lunar Relay Satellite 1>Earth Ground Station,698.91,-95.28,488,275,3600,Normal,1.0,0.385,0.739,0.562,0.781,0.726,0.93,0.219,1.0,0.893,3215,Legitimate
416,2026-08-01T00:05:38,Rover-2,Earth Ground Station,Mars Surface Rover>Mars Orbiter>Lunar Relay Satellite 2>Lunar Relay Satellite 1>Earth Ground Station,720.1,-96.88,504,274,3600,Normal,0.257,0.974,0.829,0.901,0.935,0.749,0.903,0.065,1.0,0.892,3210,Legitimate
417,2026-08-01T00:06:19,Rover-2,Earth Ground Station,Mars Surface Rover>Mars Orbiter>Lunar Relay Satellite 2>Lunar Relay Satellite 1>Earth Ground Station,703.02,-91.16,476,243,3600,Normal,0.68,0.564,0.208,0.386,0.821,0.568,0.852,0.179,1.0,0.814,2931,Legitimate
418,2026-08-01T00:07:22,Rover-2,Earth Ground Station,Mars Surface Rover>Mars Orbiter>Lunar Relay Satellite 2>Lunar Relay Satellite 1>Earth Ground Station,709.3,-93.62,542,238,3600,Normal,0.576,0.764,0.66,0.712,0.896,0.724,0.833,0.104,1.0,0.861,3098,Legitimate
419,2026-08-01T00:08:17,Rover-2,Earth Ground Station,Mars Surface Rover>Mars Orbiter>Lunar Relay Satellite 2>Lunar Relay Satellite 1>Earth Ground Station,718.23,-92.56,532,247,3600,Normal,0.861,0.925,0.547,0.736,0.976,0.827,0.832,0.024,1.0,0.894,3218,Legitimate
420,2026-08-01T00:09:39,Rover-2,Earth Ground Station,Mars Surface Rover>Mars Orbiter>Lunar Relay Satellite 2>Lunar Relay Satellite 1>Earth Ground Station,735.03,-96.46,548,266,3600,Normal,0.274,0.487,0.737,0.612,0.904,0.601,0.798,0.096,1.0,0.807,2905,Legitimate
421,2026-08-01T00:10:14,Rover-2,Earth Ground Station,Mars Surface Rover>Mars Orbiter>Lunar Relay Satellite 2>Lunar Relay Satellite 1>Earth Ground Station,715.91,-93.83,509,261,3600,Normal,0.501,0.919,0.743,0.831,0.989,0.788,0.796,0.011,1.0,0.869,3130,Legitimate
422,2026-08-01T00:11:28,Rover-2,Earth Ground Station,Mars Surface Rover>Mars Orbiter>Lunar Relay Satellite 2>Lunar Relay Satellite 1>Earth Ground Station,705.8,-95.0,505,267,3600,Normal,0.5,0.624,0.988,0.806,0.945,0.764,0.791,0.055,1.0,0.86,3095,Legitimate
423,2026-08-01T00:12:34,Rover-2,Earth Ground Station,Mars Surface Rover>Mars Orbiter>Lunar Relay Satellite 2>Lunar Relay Satellite 1>Earth Ground Station,740.62,-99.5,552,273,3600,Normal,0.702,0.398,0.346,0.372,0.758,0.551,0.755,0.242,1.0,0.774,2788,Legitimate
424,2026-08-01T00:13:18,Rover-2,Earth Ground Station,Mars Surface Rover>Mars Orbiter>Lunar Relay Satellite 2>Lunar Relay Satellite 1>Earth Ground Station,707.53,-98.5,551,254,3600,Normal,0.676,0.666,0.514,0.59,0.898,0.689,0.745,0.102,1.0,0.819,2949,Legitimate
425,2026-08-01T00:13:50,Rover-2,Earth Ground Station,Mars Surface Rover>Mars Orbiter>Lunar Relay Satellite 2>Lunar Relay Satellite 1>Earth Ground Station,738.32,-96.75,489,257,3600,Normal,0.464,0.475,0.788,0.632,0.894,0.655,0.732,0.106,1.0,0.803,2890,Legitimate
426,2026-08-01T00:15:02,Rover-2,Earth Ground Station,Mars Surface Rover>Mars Orbiter>Lunar Relay Satellite 2>Lunar Relay Satellite 1>Earth Ground Station,699.82,-99.07,493,274,3600,Normal,0.55,0.501,0.484,0.492,0.787,0.58,0.709,0.213,1.0,0.768,2766,Legitimate
427,2026-08-01T00:16:09,Rover-2,Earth Ground Station,Mars Surface Rover>Mars Orbiter>Lunar Relay Satellite 2>Lunar Relay Satellite 1>Earth Ground Station,704.63,-98.05,544,273,3600,Normal,0.675,0.627,0.639,0.633,0.849,0.698,0.707,0.151,1.0,0.809,2913,Legitimate
428,2026-08-01T00:16:58,Rover-2,Earth Ground Station,Mars Surface Rover>Mars Orbiter>Lunar Relay Satellite 2>Lunar Relay Satellite 1>Earth Ground Station,705.42,-92.53,546,251,3600,Normal,0.815,0.661,0.48,0.571,0.908,0.716,0.709,0.092,1.0,0.816,2937,Legitimate
429,2026-08-01T00:18:25,Rover-2,Earth Ground Station,Mars Surface Rover>Mars Orbiter>Lunar Relay Satellite 2>Lunar Relay Satellite 1>Earth Ground Station,721.75,-93.9,536,267,3600,Normal,0.348,0.837,0.674,0.755,0.967,0.707,0.708,0.033,1.0,0.813,2925,Legitimate
430,2026-08-01T00:19:39,Rover-2,Earth Ground Station,Mars Surface Rover>Mars Orbiter>Lunar Relay Satellite 2>Lunar Relay Satellite 1>Earth Ground Station,729.68,-95.01,560,237,3600,Normal,0.593,0.633,0.862,0.747,0.849,0.734,0.712,0.151,1.0,0.823,2963,Legitimate
431,2026-08-01T00:20:36,Rover-2,Earth Ground Station,Mars Surface Rover>Mars Orbiter>Lunar Relay Satellite 2>Lunar Relay Satellite 1>Earth Ground Station,708.43,-90.97,522,260,3600,Normal,0.979,0.719,0.369,0.544,0.928,0.749,0.718,0.072,1.0,0.83,2989,Legitimate
432,2026-08-01T00:21:44,Rover-2,Earth Ground Station,Mars Surface Rover>Mars Orbiter>Lunar Relay Satellite 2>Lunar Relay Satellite 1>Earth Ground Station,715.54,-97.6,463,246,3600,Normal,0.724,0.943,0.655,0.799,0.861,0.796,0.729,0.139,1.0,0.85,3059,Legitimate
433,2026-08-01T00:22:42,Rover-2,Earth Ground Station,Mars Surface Rover>Mars Orbiter>Lunar Relay Satellite 2>Lunar Relay Satellite 1>Earth Ground Station,719.59,-93.63,557,253,3600,Normal,0.995,0.91,0.679,0.794,0.933,0.879,0.752,0.067,1.0,0.885,3185,Legitimate
434,2026-08-01T00:23:55,Rover-2,Earth Ground Station,Mars Surface Rover>Mars Orbiter>Lunar Relay Satellite 2>Lunar Relay Satellite 1>Earth Ground Station,723.71,-93.86,539,247,3600,Normal,0.618,0.779,0.721,0.75,0.964,0.77,0.755,0.036,1.0,0.85,3059,Legitimate
435,2026-08-01T00:24:40,Rover-2,Earth Ground Station,Mars Surface Rover>Mars Orbiter>Lunar Relay Satellite 2>Lunar Relay Satellite 1>Earth Ground Station,729.21,-91.03,476,264,3600,Normal,0.64,0.633,0.408,0.52,0.88,0.64,0.737,0.12,1.0,0.799,2878,Legitimate
436,2026-08-01T00:25:50,Rover-2,Earth Ground Station,Mars Surface Rover>Mars Orbiter>Lunar Relay Satellite 2>Lunar Relay Satellite 1>Earth Ground Station,705.06,-93.95,497,239,3600,Normal,0.681,0.605,0.776,0.691,0.918,0.745,0.739,0.082,1.0,0.836,3010,Legitimate
437,2026-08-01T00:27:20,Rover-2,Earth Ground Station,Mars Surface Rover>Mars Orbiter>Lunar Relay Satellite 2>Lunar Relay Satellite 1>Earth Ground Station,711.72,-93.67,488,240,3600,Normal,0.357,0.8,0.739,0.769,0.94,0.709,0.734,0.06,1.0,0.822,2960,Legitimate
438,2026-08-01T00:28:01,Rover-2,Earth Ground Station,Mars Surface Rover>Mars Orbiter>Lunar Relay Satellite 2>Lunar Relay Satellite 1>Earth Ground Station,717.02,-95.54,513,239,3600,Normal,0.556,0.992,0.921,0.957,0.958,0.857,0.753,0.042,1.0,0.878,3161,Legitimate
439,2026-08-01T00:28:36,Rover-2,Earth Ground Station,Mars Surface Rover>Mars Orbiter>Lunar Relay Satellite 2>Lunar Relay Satellite 1>Earth Ground Station,713.69,-91.13,522,248,3600,Normal,0.474,0.868,0.438,0.653,0.95,0.682,0.742,0.05,1.0,0.816,2936,Legitimate
440,2026-08-01T00:29:30,Rover-2,Earth Ground Station,Mars Surface Rover>Mars Orbiter>Lunar Relay Satellite 2>Lunar Relay Satellite 1>Earth Ground Station,698.93,-94.18,540,265,3600,Normal,0.877,0.474,0.847,0.661,0.86,0.765,0.745,0.14,1.0,0.845,3041,Legitimate
441,2026-08-01T00:30:35,Rover-2,Earth Ground Station,Mars Surface Rover>Mars Orbiter>Lunar Relay Satellite 2>Lunar Relay Satellite 1>Earth Ground Station,737.5,-99.54,519,242,3600,Normal,0.81,0.429,0.397,0.413,0.846,0.621,0.727,0.154,1.0,0.789,2841,Legitimate
442,2026-08-01T00:31:29,Rover-2,Earth Ground Station,Mars Surface Rover>Mars Orbiter>Lunar Relay Satellite 2>Lunar Relay Satellite 1>Earth Ground Station,705.72,-92.8,488,241,3600,Normal,0.872,0.639,0.634,0.636,0.906,0.763,0.732,0.094,1.0,0.84,3023,Legitimate
443,2026-08-01T00:32:09,Rover-2,Earth Ground Station,Mars Surface Rover>Mars Orbiter>Lunar Relay Satellite 2>Lunar Relay Satellite 1>Earth Ground Station,717.18,-94.25,510,238,3600,Normal,0.561,0.985,0.854,0.919,0.962,0.84,0.748,0.038,1.0,0.871,3135,Legitimate
444,2026-08-01T00:32:55,Rover-2,Earth Ground Station,Mars Surface Rover>Mars Orbiter>Lunar Relay Satellite 2>Lunar Relay Satellite 1>Earth Ground Station,739.19,-97.1,511,260,3600,Normal,0.692,0.409,0.663,0.536,0.899,0.665,0.736,0.101,1.0,0.808,2908,Legitimate
445,2026-08-01T00:33:54,Rover-2,Earth Ground Station,Mars Surface Rover>Mars Orbiter>Lunar Relay Satellite 2>Lunar Relay Satellite 1>Earth Ground Station,703.02,-93.14,557,249,3600,Normal,0.948,0.571,0.677,0.624,0.852,0.762,0.74,0.148,1.0,0.842,3032,Legitimate
446,2026-08-01T00:35:03,Rover-2,Earth Ground Station,Mars Surface Rover>Mars Orbiter>Lunar Relay Satellite 2>Lunar Relay Satellite 1>Earth Ground Station,714.81,-98.44,505,253,3600,Normal,0.688,0.917,0.504,0.711,0.959,0.767,0.744,0.041,1.0,0.845,3043,Legitimate
447,2026-08-01T00:36:25,Rover-2,Earth Ground Station,Mars Surface Rover>Mars Orbiter>Lunar Relay Satellite 2>Lunar Relay Satellite 1>Earth Ground Station,735.53,-99.51,474,248,3600,Normal,0.455,0.484,0.418,0.451,0.82,0.544,0.714,0.18,1.0,0.757,2726,Legitimate
448,2026-08-01T00:37:55,Rover-2,Earth Ground Station,Mars Surface Rover>Mars Orbiter>Lunar Relay Satellite 2>Lunar Relay Satellite 1>Earth Ground Station,728.44,-94.8,478,251,3600,Normal,0.366,0.655,0.917,0.786,0.942,0.72,0.715,0.058,1.0,0.819,2950,Legitimate
449,2026-08-01T00:38:45,Rover-2,Earth Ground Station,Mars Surface Rover>Mars Orbiter>Lunar Relay Satellite 2>Lunar Relay Satellite 1>Earth Ground Station,710.99,-96.85,511,259,3600,Normal,0.753,0.768,0.729,0.748,0.971,0.805,0.728,0.029,1.0,0.853,3069,Legitimate
450,2026-08-01T00:39:30,Rover-2,Earth Ground Station,Mars Surface Rover>Mars Orbiter>Lunar Relay Satellite 2>Lunar Relay Satellite 1>Earth Ground Station,712.48,-92.91,541,250,3600,Normal,0.649,0.818,0.626,0.722,0.949,0.76,0.733,0.051,1.0,0.839,3021,Legitimate
451,2026-08-01T00:40:59,Rover-2,Earth Ground Station,Mars Surface Rover>Mars Orbiter>Lunar Relay Satellite 2>Lunar Relay Satellite 1>Earth Ground Station,722.76,-95.88,516,263,3600,Normal,0.39,0.811,0.877,0.844,0.986,0.766,0.738,0.014,1.0,0.843,3034,Legitimate
452,2026-08-01T00:42:04,Rover-2,Earth Ground Station,Mars Surface Rover>Mars Orbiter>Lunar Relay Satellite 2>Lunar Relay Satellite 1>Earth Ground Station,699.56,-97.16,557,244,3600,Normal,0.845,0.486,0.68,0.583,0.797,0.702,0.733,0.203,1.0,0.819,2950,Legitimate
453,2026-08-01T00:43:25,Rover-2,Earth Ground Station,Mars Surface Rover>Mars Orbiter>Lunar Relay Satellite 2>Lunar Relay Satellite 1>Earth Ground Station,710.99,-96.83,544,268,3600,Normal,0.52,0.783,0.732,0.757,0.918,0.738,0.734,0.082,1.0,0.832,2995,Legitimate
454,2026-08-01T00:44:21,Rover-2,Earth Ground Station,Mars Surface Rover>Mars Orbiter>Lunar Relay Satellite 2>Lunar Relay Satellite 1>Earth Ground Station,727.47,-91.57,491,245,3600,Normal,0.885,0.66,0.467,0.564,0.938,0.738,0.734,0.062,1.0,0.832,2995,Legitimate
455,2026-08-01T00:45:00,Rover-2,Earth Ground Station,Mars Surface Rover>Mars Orbiter>Lunar Relay Satellite 2>Lunar Relay Satellite 1>Earth Ground Station,729.3,-97.75,468,276,3600,Normal,0.527,0.618,0.604,0.611,0.82,0.642,0.72,0.18,1.0,0.794,2859,Legitimate
456,2026-08-01T00:46:00,Rover-2,Earth Ground Station,Mars Surface Rover>Mars Orbiter>Lunar Relay Satellite 2>Lunar Relay Satellite 1>Earth Ground Station,723.55,-95.33,555,271,3600,Normal,0.984,0.786,0.992,0.889,0.903,0.916,0.75,0.097,1.0,0.896,3226,Legitimate
457,2026-08-01T00:46:56,Rover-2,Earth Ground Station,Mars Surface Rover>Mars Orbiter>Lunar Relay Satellite 2>Lunar Relay Satellite 1>Earth Ground Station,721.89,-97.76,497,272,3600,Normal,0.898,0.843,0.606,0.725,0.933,0.82,0.76,0.067,1.0,0.868,3125,Legitimate
458,2026-08-01T00:48:00,Rover-2,Earth Ground Station,Mars Surface Rover>Mars Orbiter>Lunar Relay Satellite 2>Lunar Relay Satellite 1>Earth Ground Station,724.05,-98.94,471,245,3600,Normal,0.867,0.774,0.483,0.628,0.882,0.752,0.759,0.118,1.0,0.845,3043,Legitimate
459,2026-08-01T00:49:12,Rover-2,Earth Ground Station,Mars Surface Rover>Mars Orbiter>Lunar Relay Satellite 2>Lunar Relay Satellite 1>Earth Ground Station,713.74,-96.4,465,275,3600,Normal,0.676,0.843,0.821,0.832,0.834,0.794,0.764,0.166,1.0,0.861,3099,Legitimate
460,2026-08-01T00:50:25,Rover-2,Earth Ground Station,Mars Surface Rover>Mars Orbiter>Lunar Relay Satellite 2>Lunar Relay Satellite 1>Earth Ground Station,726.34,-99.43,494,268,3600,Normal,0.66,0.702,0.446,0.574,0.906,0.678,0.751,0.094,1.0,0.817,2942,Legitimate
461,2026-08-01T00:51:01,Rover-2,Earth Ground Station,Mars Surface Rover>Mars Orbiter>Lunar Relay Satellite 2>Lunar Relay Satellite 1>Earth Ground Station,698.86,-92.71,513,256,3600,Normal,0.468,0.451,0.572,0.511,0.884,0.594,0.728,0.116,1.0,0.78,2808,Legitimate
462,2026-08-01T00:52:08,Rover-2,Earth Ground Station,Mars Surface Rover>Mars Orbiter>Lunar Relay Satellite 2>Lunar Relay Satellite 1>Earth Ground Station,728.11,-92.35,499,254,3600,Normal,0.793,0.637,0.543,0.59,0.967,0.735,0.729,0.033,1.0,0.829,2985,Legitimate
463,2026-08-01T00:53:21,Rover-2,Earth Ground Station,Mars Surface Rover>Mars Orbiter>Lunar Relay Satellite 2>Lunar Relay Satellite 1>Earth Ground Station,723.83,-95.0,496,236,3600,Normal,0.663,0.775,0.941,0.858,0.929,0.827,0.744,0.071,1.0,0.865,3115,Legitimate
464,2026-08-01T00:53:57,Rover-2,Earth Ground Station,Mars Surface Rover>Mars Orbiter>Lunar Relay Satellite 2>Lunar Relay Satellite 1>Earth Ground Station,711.16,-99.0,469,269,3600,Normal,0.467,0.758,0.482,0.62,0.853,0.64,0.728,0.147,1.0,0.796,2866,Legitimate
465,2026-08-01T00:55:13,Rover-2,Earth Ground Station,Mars Surface Rover>Mars Orbiter>Lunar Relay Satellite 2>Lunar Relay Satellite 1>Earth Ground Station,704.52,-93.21,507,243,3600,Normal,0.607,0.58,0.654,0.617,0.923,0.691,0.722,0.077,1.0,0.812,2923,Legitimate
466,2026-08-01T00:56:13,Rover-2,Earth Ground Station,Mars Surface Rover>Mars Orbiter>Lunar Relay Satellite 2>Lunar Relay Satellite 1>Earth Ground Station,713.45,-91.18,534,254,3600,Normal,0.996,0.844,0.446,0.645,0.951,0.809,0.735,0.049,1.0,0.856,3082,Legitimate
467,2026-08-01T00:56:47,Rover-2,Earth Ground Station,Mars Surface Rover>Mars Orbiter>Lunar Relay Satellite 2>Lunar Relay Satellite 1>Earth Ground Station,711.37,-97.95,472,270,3600,Normal,0.432,0.775,0.596,0.686,0.9,0.676,0.727,0.1,1.0,0.808,2910,Legitimate
468,2026-08-01T00:57:58,Rover-2,Earth Ground Station,Mars Surface Rover>Mars Orbiter>Lunar Relay Satellite 2>Lunar Relay Satellite 1>Earth Ground Station,703.12,-97.85,556,265,3600,Normal,0.723,0.534,0.619,0.577,0.846,0.681,0.72,0.154,1.0,0.808,2908,Legitimate
469,2026-08-01T00:59:01,Rover-2,Earth Ground Station,Mars Surface Rover>Mars Orbiter>Lunar Relay Satellite 2>Lunar Relay Satellite 1>Earth Ground Station,705.94,-91.77,518,274,3600,Normal,0.932,0.611,0.493,0.552,0.89,0.732,0.721,0.11,1.0,0.826,2972,Legitimate
470,2026-08-01T00:59:45,Rover-2,Earth Ground Station,Mars Surface Rover>Mars Orbiter>Lunar Relay Satellite 2>Lunar Relay Satellite 1>Earth Ground Station,732.86,-96.23,479,262,3600,Normal,0.593,0.507,0.859,0.683,0.912,0.718,0.721,0.088,1.0,0.821,2955,Legitimate
471,2026-08-01T01:00:40,Rover-2,Earth Ground Station,Mars Surface Rover>Mars Orbiter>Lunar Relay Satellite 2>Lunar Relay Satellite 1>Earth Ground Station,699.66,-96.08,481,259,3600,Normal,0.853,0.473,0.883,0.678,0.858,0.767,0.728,0.142,1.0,0.84,3023,Legitimate
472,2026-08-01T01:01:34,Rover-2,Earth Ground Station,Mars Surface Rover>Mars Orbiter>Lunar Relay Satellite 2>Lunar Relay Satellite 1>Earth Ground Station,698.59,-92.29,489,264,3600,Normal,0.812,0.465,0.544,0.505,0.847,0.667,0.719,0.153,1.0,0.802,2889,Legitimate
473,2026-08-01T01:02:54,Rover-2,Earth Ground Station,Mars Surface Rover>Mars Orbiter>Lunar Relay Satellite 2>Lunar Relay Satellite 1>Earth Ground Station,701.1,-91.22,550,243,3600,Normal,0.528,0.526,0.453,0.489,0.82,0.582,0.698,0.18,1.0,0.765,2754,Legitimate
474,2026-08-01T01:03:44,Rover-2,Earth Ground Station,Mars Surface Rover>Mars Orbiter>Lunar Relay Satellite 2>Lunar Relay Satellite 1>Earth Ground Station,706.91,-91.33,529,255,3600,Normal,0.719,0.685,0.477,0.581,0.932,0.703,0.699,0.068,1.0,0.808,2909,Legitimate
475,2026-08-01T01:04:54,Rover-2,Earth Ground Station,Mars Surface Rover>Mars Orbiter>Lunar Relay Satellite 2>Lunar Relay Satellite 1>Earth Ground Station,711.94,-93.94,500,240,3600,Normal,0.739,0.85,0.803,0.827,0.952,0.836,0.72,0.048,1.0,0.86,3097,Legitimate
476,2026-08-01T01:05:46,Rover-2,Earth Ground Station,Mars Surface Rover>Mars Orbiter>Lunar Relay Satellite 2>Lunar Relay Satellite 1>Earth Ground Station,734.93,-96.11,544,264,3600,Normal,0.737,0.416,0.82,0.618,0.913,0.721,0.72,0.087,1.0,0.821,2957,Legitimate
477,2026-08-01T01:06:35,Rover-2,Earth Ground Station,Mars Surface Rover>Mars Orbiter>Lunar Relay Satellite 2>Lunar Relay Satellite 1>Earth Ground Station,738.09,-95.86,529,248,3600,Normal,0.676,0.377,0.846,0.612,0.895,0.699,0.717,0.105,1.0,0.813,2926,Legitimate
478,2026-08-01T01:07:20,Rover-2,Earth Ground Station,Mars Surface Rover>Mars Orbiter>Lunar Relay Satellite 2>Lunar Relay Satellite 1>Earth Ground Station,711.59,-91.99,531,256,3600,Normal,0.601,0.808,0.562,0.685,0.959,0.732,0.719,0.041,1.0,0.825,2970,Legitimate
479,2026-08-01T01:08:16,Rover-2,Earth Ground Station,Mars Surface Rover>Mars Orbiter>Lunar Relay Satellite 2>Lunar Relay Satellite 1>Earth Ground Station,724.17,-95.71,504,255,3600,Normal,0.865,0.724,0.861,0.793,0.992,0.86,0.74,0.008,1.0,0.875,3149,Legitimate
480,2026-08-01T01:09:20,Rover-2,Earth Ground Station,Mars Surface Rover>Mars Orbiter>Lunar Relay Satellite 2>Lunar Relay Satellite 1>Earth Ground Station,728.36,-96.38,563,258,3600,Normal,0.869,0.606,0.761,0.684,0.895,0.783,0.747,0.105,1.0,0.852,3065,Legitimate
481,2026-08-01T01:10:21,Rover-2,Earth Ground Station,Mars Surface Rover>Mars Orbiter>Lunar Relay Satellite 2>Lunar Relay Satellite 1>Earth Ground Station,710.88,-92.03,547,260,3600,Normal,0.954,0.777,0.562,0.67,0.926,0.805,0.755,0.074,1.0,0.862,3101,Legitimate
482,2026-08-01T01:11:46,Rover-2,Earth Ground Station,Mars Surface Rover>Mars Orbiter>Lunar Relay Satellite 2>Lunar Relay Satellite 1>Earth Ground Station,713.91,-90.34,474,268,3600,Normal,0.423,0.884,0.4,0.642,0.844,0.638,0.738,0.156,1.0,0.799,2876,Legitimate
483,2026-08-01T01:12:51,Rover-2,Earth Ground Station,Mars Surface Rover>Mars Orbiter>Lunar Relay Satellite 2>Lunar Relay Satellite 1>Earth Ground Station,720.23,-94.95,530,252,3600,Normal,0.848,0.86,0.986,0.923,0.981,0.919,0.765,0.019,1.0,0.902,3247,Legitimate
484,2026-08-01T01:14:14,Rover-2,Earth Ground Station,Mars Surface Rover>Mars Orbiter>Lunar Relay Satellite 2>Lunar Relay Satellite 1>Earth Ground Station,717.57,-91.84,518,268,3600,Normal,0.47,0.965,0.555,0.76,0.976,0.741,0.761,0.024,1.0,0.842,3032,Legitimate
485,2026-08-01T01:14:58,Rover-2,Earth Ground Station,Mars Surface Rover>Mars Orbiter>Lunar Relay Satellite 2>Lunar Relay Satellite 1>Earth Ground Station,711.02,-92.86,515,242,3600,Normal,0.586,0.784,0.683,0.734,0.944,0.749,0.76,0.056,1.0,0.844,3040,Legitimate
486,2026-08-01T01:15:57,Rover-2,Earth Ground Station,Mars Surface Rover>Mars Orbiter>Lunar Relay Satellite 2>Lunar Relay Satellite 1>Earth Ground Station,722.84,-97.59,511,256,3600,Normal,0.957,0.749,0.595,0.672,0.987,0.822,0.769,0.013,1.0,0.872,3138,Legitimate
487,2026-08-01T01:17:03,Rover-2,Earth Ground Station,Mars Surface Rover>Mars Orbiter>Lunar Relay Satellite 2>Lunar Relay Satellite 1>Earth Ground Station,703.33,-97.61,545,250,3600,Normal,0.826,0.556,0.604,0.58,0.877,0.716,0.761,0.123,1.0,0.834,3001,Legitimate
488,2026-08-01T01:18:25,Rover-2,Earth Ground Station,Mars Surface Rover>Mars Orbiter>Lunar Relay Satellite 2>Lunar Relay Satellite 1>Earth Ground Station,731.09,-97.47,505,244,3600,Normal,0.468,0.528,0.632,0.58,0.932,0.64,0.743,0.068,1.0,0.801,2885,Legitimate
489,2026-08-01T01:19:22,Rover-2,Earth Ground Station,Mars Surface Rover>Mars Orbiter>Lunar Relay Satellite 2>Lunar Relay Satellite 1>Earth Ground Station,702.82,-98.14,537,247,3600,Normal,0.889,0.55,0.563,0.557,0.891,0.723,0.74,0.109,1.0,0.829,2984,Legitimate
490,2026-08-01T01:19:54,Rover-2,Earth Ground Station,Mars Surface Rover>Mars Orbiter>Lunar Relay Satellite 2>Lunar Relay Satellite 1>Earth Ground Station,717.83,-93.56,544,253,3600,Normal,0.365,0.946,0.728,0.837,0.964,0.751,0.741,0.036,1.0,0.839,3020,Legitimate
491,2026-08-01T01:20:31,Rover-2,Earth Ground Station,Mars Surface Rover>Mars Orbiter>Lunar Relay Satellite 2>Lunar Relay Satellite 1>Earth Ground Station,731.91,-92.5,543,259,3600,Normal,0.455,0.521,0.597,0.559,0.918,0.622,0.724,0.082,1.0,0.789,2839,Legitimate
492,2026-08-01T01:21:23,Rover-2,Earth Ground Station,Mars Surface Rover>Mars Orbiter>Lunar Relay Satellite 2>Lunar Relay Satellite 1>Earth Ground Station,735.6,-96.05,504,260,3600,Normal,0.771,0.436,0.829,0.632,0.932,0.742,0.726,0.068,1.0,0.831,2990,Legitimate
493,2026-08-01T01:22:43,Rover-2,Earth Ground Station,Mars Surface Rover>Mars Orbiter>Lunar Relay Satellite 2>Lunar Relay Satellite 1>Earth Ground Station,707.33,-92.22,466,249,3600,Normal,0.517,0.647,0.566,0.606,0.858,0.647,0.714,0.142,1.0,0.794,2858,Legitimate
494,2026-08-01T01:23:30,Rover-2,Earth Ground Station,Mars Surface Rover>Mars Orbiter>Lunar Relay Satellite 2>Lunar Relay Satellite 1>Earth Ground Station,724.18,-91.85,561,247,3600,Normal,0.638,0.74,0.535,0.637,0.888,0.7,0.712,0.112,1.0,0.811,2921,Legitimate
495,2026-08-01T01:24:36,Rover-2,Earth Ground Station,Mars Surface Rover>Mars Orbiter>Lunar Relay Satellite 2>Lunar Relay Satellite 1>Earth Ground Station,709.95,-98.4,561,263,3600,Normal,0.84,0.734,0.523,0.629,0.848,0.736,0.716,0.152,1.0,0.825,2971,Legitimate
496,2026-08-01T01:25:12,Rover-2,Earth Ground Station,Mars Surface Rover>Mars Orbiter>Lunar Relay Satellite 2>Lunar Relay Satellite 1>Earth Ground Station,704.26,-97.38,502,237,3600,Normal,0.442,0.563,0.651,0.607,0.888,0.636,0.704,0.112,1.0,0.786,2831,Legitimate
497,2026-08-01T01:25:59,Rover-2,Earth Ground Station,Mars Surface Rover>Mars Orbiter>Lunar Relay Satellite 2>Lunar Relay Satellite 1>Earth Ground Station,735.86,-91.46,549,245,3600,Normal,0.655,0.428,0.502,0.465,0.87,0.614,0.69,0.13,1.0,0.774,2785,Legitimate
498,2026-08-01T01:27:14,Rover-2,Earth Ground Station,Mars Surface Rover>Mars Orbiter>Lunar Relay Satellite 2>Lunar Relay Satellite 1>Earth Ground Station,712.31,-92.6,547,251,3600,Normal,0.603,0.819,0.64,0.729,0.94,0.75,0.699,0.06,1.0,0.824,2967,Legitimate
499,2026-08-01T01:27:53,Rover-2,Earth Ground Station,Mars Surface Rover>Mars Orbiter>Lunar Relay Satellite 2>Lunar Relay Satellite 1>Earth Ground Station,723.34,-92.8,503,254,3600,Normal,0.508,0.735,0.673,0.704,0.991,0.727,0.704,0.009,1.0,0.818,2945,Legitimate
500,2026-08-01T01:29:03,Rover-2,Earth Ground Station,Mars Surface Rover>Mars Orbiter>Lunar Relay Satellite 2>Lunar Relay Satellite 1>Earth Ground Station,732.73,-97.55,502,266,3600,Normal,0.694,0.488,0.591,0.54,0.92,0.673,0.699,0.08,1.0,0.798,2871,Legitimate
501,2026-08-01T01:30:17,Rover-2,Earth Ground Station,Mars Surface Rover>Mars Orbiter>Lunar Relay Satellite 2>Lunar Relay Satellite 1>Earth Ground Station,738.85,-93.76,558,248,3600,Normal,0.617,0.385,0.807,0.596,0.849,0.664,0.694,0.151,1.0,0.793,2854,Legitimate
502,2026-08-01T01:30:47,Rover-2,Earth Ground Station,Mars Surface Rover>Mars Orbiter>Lunar Relay Satellite 2>Lunar Relay Satellite 1>Earth Ground Station,735.94,-98.3,470,275,3600,Normal,0.369,0.455,0.519,0.487,0.79,0.533,0.67,0.21,1.0,0.737,2654,Legitimate
503,2026-08-01T01:31:57,Rover-2,Earth Ground Station,Mars Surface Rover>Mars Orbiter>Lunar Relay Satellite 2>Lunar Relay Satellite 1>Earth Ground Station,727.09,-93.65,467,257,3600,Normal,0.683,0.684,0.795,0.74,0.912,0.769,0.685,0.088,1.0,0.826,2973,Legitimate
504,2026-08-01T01:32:40,Rover-2,Earth Ground Station,Mars Surface Rover>Mars Orbiter>Lunar Relay Satellite 2>Lunar Relay Satellite 1>Earth Ground Station,740.22,-98.09,511,248,3600,Normal,0.6,0.397,0.538,0.467,0.856,0.598,0.672,0.144,1.0,0.761,2741,Legitimate
505,2026-08-01T01:33:28,Rover-2,Earth Ground Station,Mars Surface Rover>Mars Orbiter>Lunar Relay Satellite 2>Lunar Relay Satellite 1>Earth Ground Station,712.99,-95.74,518,255,3600,Normal,0.718,0.787,0.859,0.823,0.983,0.837,0.696,0.017,1.0,0.853,3069,Legitimate
506,2026-08-01T01:34:19,Rover-2,Earth Ground Station,Mars Surface Rover>Mars Orbiter>Lunar Relay Satellite 2>Lunar Relay Satellite 1>Earth Ground Station,737.03,-97.49,465,261,3600,Normal,0.786,0.461,0.609,0.535,0.835,0.673,0.693,0.165,1.0,0.796,2864,Legitimate
507,2026-08-01T01:35:42,Rover-2,Earth Ground Station,Mars Surface Rover>Mars Orbiter>Lunar Relay Satellite 2>Lunar Relay Satellite 1>Earth Ground Station,718.25,-91.43,548,253,3600,Normal,0.432,0.981,0.515,0.748,0.946,0.719,0.697,0.054,1.0,0.813,2926,Legitimate
508,2026-08-01T01:36:12,Rover-2,Earth Ground Station,Mars Surface Rover>Mars Orbiter>Lunar Relay Satellite 2>Lunar Relay Satellite 1>Earth Ground Station,741.25,-94.31,562,272,3600,Normal,0.394,0.398,0.91,0.654,0.78,0.62,0.685,0.22,1.0,0.774,2786,Legitimate
509,2026-08-01T01:37:38,Rover-2,Earth Ground Station,Mars Surface Rover>Mars Orbiter>Lunar Relay Satellite 2>Lunar Relay Satellite 1>Earth Ground Station,726.48,-91.76,556,246,3600,Normal,0.41,0.743,0.565,0.654,0.91,0.657,0.681,0.09,1.0,0.786,2829,Legitimate
510,2026-08-01T01:38:49,Rover-2,Earth Ground Station,Mars Surface Rover>Mars Orbiter>Lunar Relay Satellite 2>Lunar Relay Satellite 1>Earth Ground Station,713.97,-91.03,528,262,3600,Normal,0.671,0.812,0.502,0.657,0.949,0.734,0.689,0.051,1.0,0.815,2935,Legitimate
511,2026-08-01T01:39:22,Rover-2,Earth Ground Station,Mars Surface Rover>Mars Orbiter>Lunar Relay Satellite 2>Lunar Relay Satellite 1>Earth Ground Station,715.52,-93.15,532,245,3600,Normal,0.459,0.872,0.775,0.823,0.97,0.769,0.701,0.03,1.0,0.831,2993,Legitimate
512,2026-08-01T01:40:33,Rover-2,Earth Ground Station,Mars Surface Rover>Mars Orbiter>Lunar Relay Satellite 2>Lunar Relay Satellite 1>Earth Ground Station,702.34,-91.15,482,238,3600,Normal,0.67,0.502,0.523,0.513,0.827,0.631,0.69,0.173,1.0,0.78,2807,Legitimate
513,2026-08-01T01:41:40,Rover-2,Earth Ground Station,Mars Surface Rover>Mars Orbiter>Lunar Relay Satellite 2>Lunar Relay Satellite 1>Earth Ground Station,708.17,-96.71,461,264,3600,Normal,0.761,0.653,0.645,0.649,0.837,0.724,0.695,0.163,1.0,0.814,2930,Legitimate
514,2026-08-01T01:43:02,Rover-2,Earth Ground Station,Mars Surface Rover>Mars Orbiter>Lunar Relay Satellite 2>Lunar Relay Satellite 1>Earth Ground Station,703.61,-98.42,531,255,3600,Normal,0.476,0.552,0.469,0.511,0.909,0.602,0.681,0.091,1.0,0.766,2758,Legitimate
515,2026-08-01T01:43:46,Rover-2,Earth Ground Station,Mars Surface Rover>Mars Orbiter>Lunar Relay Satellite 2>Lunar Relay Satellite 1>Earth Ground Station,714.95,-97.19,471,248,3600,Normal,0.632,0.875,0.591,0.733,0.914,0.753,0.692,0.086,1.0,0.823,2962,Legitimate
516,2026-08-01T01:45:12,Rover-2,Earth Ground Station,Mars Surface Rover>Mars Orbiter>Lunar Relay Satellite 2>Lunar Relay Satellite 1>Earth Ground Station,711.33,-93.89,544,271,3600,Normal,0.424,0.75,0.882,0.816,0.91,0.741,0.699,0.09,1.0,0.821,2956,Legitimate
517,2026-08-01T01:46:23,Rover-2,Earth Ground Station,Mars Surface Rover>Mars Orbiter>Lunar Relay Satellite 2>Lunar Relay Satellite 1>Earth Ground Station,741.3,-91.61,515,235,3600,Normal,0.692,0.403,0.558,0.481,0.781,0.609,0.686,0.219,1.0,0.77,2774,Legitimate
518,2026-08-01T01:47:34,Rover-2,Earth Ground Station,Mars Surface Rover>Mars Orbiter>Lunar Relay Satellite 2>Lunar Relay Satellite 1>Earth Ground Station,705.49,-93.59,482,266,3600,Normal,0.703,0.59,0.841,0.716,0.907,0.76,0.697,0.093,1.0,0.827,2977,Legitimate
519,2026-08-01T01:49:02,Rover-2,Earth Ground Station,Mars Surface Rover>Mars Orbiter>Lunar Relay Satellite 2>Lunar Relay Satellite 1>Earth Ground Station,716.19,-96.77,548,239,3600,Normal,0.418,0.891,0.622,0.757,0.919,0.712,0.699,0.081,1.0,0.811,2920,Legitimate
520,2026-08-01T01:49:38,Rover-2,Earth Ground Station,Mars Surface Rover>Mars Orbiter>Lunar Relay Satellite 2>Lunar Relay Satellite 1>Earth Ground Station,704.45,-91.42,535,249,3600,Normal,0.489,0.556,0.542,0.549,0.894,0.62,0.687,0.106,1.0,0.775,2789,Legitimate
521,2026-08-01T01:50:35,Rover-2,Earth Ground Station,Mars Surface Rover>Mars Orbiter>Lunar Relay Satellite 2>Lunar Relay Satellite 1>Earth Ground Station,711.99,-91.58,489,238,3600,Normal,0.919,0.766,0.573,0.669,0.907,0.791,0.703,0.093,1.0,0.839,3022,Legitimate
522,2026-08-01T01:51:40,Rover-2,Earth Ground Station,Mars Surface Rover>Mars Orbiter>Lunar Relay Satellite 2>Lunar Relay Satellite 1>Earth Ground Station,724.36,-97.1,489,274,3600,Normal,0.86,0.808,0.577,0.693,0.916,0.79,0.716,0.084,1.0,0.843,3037,Legitimate
523,2026-08-01T01:52:11,Rover-2,Earth Ground Station,Mars Surface Rover>Mars Orbiter>Lunar Relay Satellite 2>Lunar Relay Satellite 1>Earth Ground Station,735.03,-96.5,491,256,3600,Normal,0.424,0.529,0.663,0.596,0.928,0.636,0.704,0.072,1.0,0.786,2831,Legitimate
524,2026-08-01T01:53:13,Rover-2,Earth Ground Station,Mars Surface Rover>Mars Orbiter>Lunar Relay Satellite 2>Lunar Relay Satellite 1>Earth Ground Station,706.55,-93.97,526,267,3600,Normal,0.92,0.567,0.9,0.733,0.948,0.834,0.724,0.052,1.0,0.861,3099,Legitimate
525,2026-08-01T01:54:33,Rover-2,Earth Ground Station,Mars Surface Rover>Mars Orbiter>Lunar Relay Satellite 2>Lunar Relay Satellite 1>Earth Ground Station,739.64,-94.95,472,255,3600,Normal,0.548,0.447,0.924,0.686,0.843,0.691,0.719,0.157,1.0,0.811,2919,Legitimate
526,2026-08-01T01:55:41,Rover-2,Earth Ground Station,Mars Surface Rover>Mars Orbiter>Lunar Relay Satellite 2>Lunar Relay Satellite 1>Earth Ground Station,701.47,-98.69,462,250,3600,Normal,0.784,0.456,0.438,0.447,0.787,0.616,0.703,0.213,1.0,0.779,2804,Legitimate
527,2026-08-01T01:56:31,Rover-2,Earth Ground Station,Mars Surface Rover>Mars Orbiter>Lunar Relay Satellite 2>Lunar Relay Satellite 1>Earth Ground Station,704.1,-98.43,519,250,3600,Normal,0.752,0.525,0.475,0.5,0.926,0.669,0.698,0.074,1.0,0.796,2865,Legitimate
528,2026-08-01T01:57:44,Rover-2,Earth Ground Station,Mars Surface Rover>Mars Orbiter>Lunar Relay Satellite 2>Lunar Relay Satellite 1>Earth Ground Station,705.86,-94.72,561,238,3600,Normal,0.686,0.577,0.992,0.785,0.823,0.769,0.709,0.177,1.0,0.834,3003,Legitimate
529,2026-08-01T01:58:51,Rover-2,Earth Ground Station,Mars Surface Rover>Mars Orbiter>Lunar Relay Satellite 2>Lunar Relay Satellite 1>Earth Ground Station,701.32,-92.74,464,237,3600,Normal,0.828,0.485,0.679,0.582,0.779,0.693,0.706,0.221,1.0,0.807,2905,Legitimate
530,2026-08-01T02:00:11,Rover-2,Earth Ground Station,Mars Surface Rover>Mars Orbiter>Lunar Relay Satellite 2>Lunar Relay Satellite 1>Earth Ground Station,715.59,-92.97,533,266,3600,Normal,0.572,0.879,0.719,0.799,0.969,0.785,0.718,0.031,1.0,0.842,3033,Legitimate
531,2026-08-01T02:01:08,Rover-2,Earth Ground Station,Mars Surface Rover>Mars Orbiter>Lunar Relay Satellite 2>Lunar Relay Satellite 1>Earth Ground Station,728.72,-91.03,515,260,3600,Normal,0.892,0.67,0.5,0.585,0.951,0.753,0.723,0.049,1.0,0.833,3000,Legitimate
532,2026-08-01T02:01:55,Rover-2,Earth Ground Station,Mars Surface Rover>Mars Orbiter>Lunar Relay Satellite 2>Lunar Relay Satellite 1>Earth Ground Station,702.01,-91.0,555,275,3600,Normal,0.672,0.511,0.502,0.507,0.743,0.607,0.706,0.257,1.0,0.777,2797,Legitimate
533,2026-08-01T02:02:34,Rover-2,Earth Ground Station,Mars Surface Rover>Mars Orbiter>Lunar Relay Satellite 2>Lunar Relay Satellite 1>Earth Ground Station,721.57,-93.96,525,269,3600,Normal,0.542,0.895,0.884,0.889,0.971,0.823,0.724,0.029,1.0,0.857,3086,Legitimate
534,2026-08-01T02:03:47,Rover-2,Earth Ground Station,Mars Surface Rover>Mars Orbiter>Lunar Relay Satellite 2>Lunar Relay Satellite 1>Earth Ground Station,726.18,-93.2,505,274,3600,Normal,0.683,0.749,0.766,0.757,0.935,0.783,0.732,0.065,1.0,0.847,3047,Legitimate
535,2026-08-01T02:04:32,Rover-2,Earth Ground Station,Mars Surface Rover>Mars Orbiter>Lunar Relay Satellite 2>Lunar Relay Satellite 1>Earth Ground Station,700.9,-91.07,505,254,3600,Normal,0.658,0.497,0.502,0.499,0.875,0.633,0.718,0.125,1.0,0.79,2845,Legitimate
536,2026-08-01T02:05:40,Rover-2,Earth Ground Station,Mars Surface Rover>Mars Orbiter>Lunar Relay Satellite 2>Lunar Relay Satellite 1>Earth Ground Station,700.78,-96.58,528,242,3600,Normal,0.782,0.504,0.68,0.592,0.88,0.711,0.717,0.12,1.0,0.817,2941,Legitimate
537,2026-08-01T02:06:10,Rover-2,Earth Ground Station,Mars Surface Rover>Mars Orbiter>Lunar Relay Satellite 2>Lunar Relay Satellite 1>Earth Ground Station,728.98,-96.91,477,274,3600,Normal,0.425,0.669,0.633,0.651,0.884,0.653,0.707,0.116,1.0,0.793,2856,Legitimate
538,2026-08-01T02:07:13,Rover-2,Earth Ground Station,Mars Surface Rover>Mars Orbiter>Lunar Relay Satellite 2>Lunar Relay Satellite 1>Earth Ground Station,720.74,-98.06,487,250,3600,Normal,0.892,0.929,0.503,0.716,0.956,0.82,0.724,0.044,1.0,0.856,3082,Legitimate
539,2026-08-01T02:08:30,Rover-2,Earth Ground Station,Mars Surface Rover>Mars Orbiter>Lunar Relay Satellite 2>Lunar Relay Satellite 1>Earth Ground Station,732.14,-92.8,551,267,3600,Normal,0.59,0.596,0.713,0.655,0.891,0.697,0.72,0.109,1.0,0.813,2928,Legitimate
540,2026-08-01T02:09:01,Rover-2,Earth Ground Station,Mars Surface Rover>Mars Orbiter>Lunar Relay Satellite 2>Lunar Relay Satellite 1>Earth Ground Station,712.87,-94.33,514,246,3600,Normal,0.454,0.785,0.978,0.882,0.973,0.798,0.732,0.027,1.0,0.852,3065,Legitimate
541,2026-08-01T02:10:07,Rover-2,Earth Ground Station,Mars Surface Rover>Mars Orbiter>Lunar Relay Satellite 2>Lunar Relay Satellite 1>Earth Ground Station,725.51,-94.96,513,237,3600,Normal,0.819,0.782,0.906,0.844,0.946,0.863,0.751,0.054,1.0,0.879,3165,Legitimate
542,2026-08-01T02:11:31,Rover-2,Earth Ground Station,Mars Surface Rover>Mars Orbiter>Lunar Relay Satellite 2>Lunar Relay Satellite 1>Earth Ground Station,722.89,-93.74,486,239,3600,Normal,0.496,0.859,0.859,0.859,0.944,0.789,0.757,0.056,1.0,0.857,3085,Legitimate
543,2026-08-01T02:12:37,Rover-2,Earth Ground Station,Mars Surface Rover>Mars Orbiter>Lunar Relay Satellite 2>Lunar Relay Satellite 1>Earth Ground Station,727.52,-91.35,536,235,3600,Normal,0.848,0.708,0.539,0.623,0.863,0.739,0.754,0.137,1.0,0.839,3021,Legitimate
544,2026-08-01T02:14:01,Rover-2,Earth Ground Station,Mars Surface Rover>Mars Orbiter>Lunar Relay Satellite 2>Lunar Relay Satellite 1>Earth Ground Station,735.68,-92.57,509,251,3600,Normal,0.503,0.521,0.691,0.606,0.928,0.661,0.74,0.072,1.0,0.808,2908,Legitimate
545,2026-08-01T02:14:40,Rover-2,Earth Ground Station,Mars Surface Rover>Mars Orbiter>Lunar Relay Satellite 2>Lunar Relay Satellite 1>Earth Ground Station,706.13,-99.37,464,268,3600,Normal,0.544,0.6,0.377,0.489,0.798,0.58,0.716,0.202,1.0,0.771,2775,Legitimate
546,2026-08-01T02:15:55,Rover-2,Earth Ground Station,Mars Surface Rover>Mars Orbiter>Lunar Relay Satellite 2>Lunar Relay Satellite 1>Earth Ground Station,730.4,-94.23,493,252,3600,Normal,0.661,0.651,0.953,0.802,0.957,0.805,0.73,0.043,1.0,0.853,3071,Legitimate
547,2026-08-01T02:17:11,Rover-2,Earth Ground Station,Mars Surface Rover>Mars Orbiter>Lunar Relay Satellite 2>Lunar Relay Satellite 1>Earth Ground Station,712.22,-98.1,519,240,3600,Normal,0.653,0.746,0.481,0.614,0.944,0.706,0.726,0.056,1.0,0.818,2946,Legitimate
548,2026-08-01T02:18:24,Rover-2,Earth Ground Station,Mars Surface Rover>Mars Orbiter>Lunar Relay Satellite 2>Lunar Relay Satellite 1>Earth Ground Station,737.36,-91.95,543,275,3600,Normal,0.723,0.492,0.599,0.546,0.817,0.658,0.716,0.183,1.0,0.798,2874,Legitimate
549,2026-08-01T02:19:19,Rover-2,Earth Ground Station,Mars Surface Rover>Mars Orbiter>Lunar Relay Satellite 2>Lunar Relay Satellite 1>Earth Ground Station,701.38,-94.67,489,270,3600,Normal,0.835,0.491,0.974,0.732,0.896,0.799,0.728,0.104,1.0,0.851,3062,Legitimate
550,2026-08-01T02:20:09,Rover-2,Earth Ground Station,Mars Surface Rover>Mars Orbiter>Lunar Relay Satellite 2>Lunar Relay Satellite 1>Earth Ground Station,702.13,-94.59,498,247,3600,Normal,0.716,0.52,0.996,0.758,0.912,0.786,0.737,0.088,1.0,0.849,3057,Legitimate
551,2026-08-01T02:21:29,Rover-2,Earth Ground Station,Mars Surface Rover>Mars Orbiter>Lunar Relay Satellite 2>Lunar Relay Satellite 1>Earth Ground Station,711.53,-96.17,508,259,3600,Normal,0.587,0.762,0.718,0.74,0.963,0.757,0.74,0.037,1.0,0.84,3026,Legitimate
552,2026-08-01T02:22:30,Rover-2,Earth Ground Station,Mars Surface Rover>Mars Orbiter>Lunar Relay Satellite 2>Lunar Relay Satellite 1>Earth Ground Station,741.5,-97.62,535,257,3600,Normal,0.988,0.408,0.543,0.475,0.864,0.701,0.734,0.136,1.0,0.819,2950,Legitimate
553,2026-08-01T02:23:50,Rover-2,Earth Ground Station,Mars Surface Rover>Mars Orbiter>Lunar Relay Satellite 2>Lunar Relay Satellite 1>Earth Ground Station,708.99,-90.31,502,245,3600,Normal,0.591,0.702,0.427,0.564,0.877,0.649,0.721,0.123,1.0,0.797,2869,Legitimate
554,2026-08-01T02:24:42,Rover-2,Earth Ground Station,Mars Surface Rover>Mars Orbiter>Lunar Relay Satellite 2>Lunar Relay Satellite 1>Earth Ground Station,725.87,-96.84,461,249,3600,Normal,0.742,0.74,0.63,0.685,0.852,0.741,0.724,0.148,1.0,0.83,2987,Legitimate
555,2026-08-01T02:26:00,Rover-2,Earth Ground Station,Mars Surface Rover>Mars Orbiter>Lunar Relay Satellite 2>Lunar Relay Satellite 1>Earth Ground Station,726.8,-98.32,535,239,3600,Normal,0.634,0.7,0.465,0.583,0.914,0.678,0.717,0.086,1.0,0.806,2900,Legitimate
556,2026-08-01T02:27:03,Rover-2,Earth Ground Station,Mars Surface Rover>Mars Orbiter>Lunar Relay Satellite 2>Lunar Relay Satellite 1>Earth Ground Station,740.87,-94.24,559,275,3600,Normal,0.999,0.41,0.95,0.68,0.778,0.784,0.727,0.222,1.0,0.845,3043,Legitimate
557,2026-08-01T02:27:42,Rover-2,Earth Ground Station,Mars Surface Rover>Mars Orbiter>Lunar Relay Satellite 2>Lunar Relay Satellite 1>Earth Ground Station,729.14,-91.13,555,272,3600,Normal,0.489,0.652,0.522,0.587,0.845,0.627,0.712,0.155,1.0,0.786,2830,Legitimate
558,2026-08-01T02:28:45,Rover-2,Earth Ground Station,Mars Surface Rover>Mars Orbiter>Lunar Relay Satellite 2>Lunar Relay Satellite 1>Earth Ground Station,716.24,-98.76,507,266,3600,Normal,0.983,0.927,0.428,0.677,0.957,0.824,0.729,0.043,1.0,0.859,3093,Legitimate
559,2026-08-01T02:29:52,Rover-2,Earth Ground Station,Mars Surface Rover>Mars Orbiter>Lunar Relay Satellite 2>Lunar Relay Satellite 1>Earth Ground Station,702.53,-91.52,544,238,3600,Normal,0.887,0.549,0.564,0.556,0.817,0.704,0.725,0.183,1.0,0.817,2942,Legitimate
560,2026-08-01T02:30:58,Rover-2,Earth Ground Station,Mars Surface Rover>Mars Orbiter>Lunar Relay Satellite 2>Lunar Relay Satellite 1>Earth Ground Station,701.09,-96.54,474,247,3600,Normal,0.902,0.531,0.681,0.606,0.857,0.743,0.728,0.143,1.0,0.832,2994,Legitimate
561,2026-08-01T02:32:22,Rover-2,Earth Ground Station,Mars Surface Rover>Mars Orbiter>Lunar Relay Satellite 2>Lunar Relay Satellite 1>Earth Ground Station,712.01,-97.86,532,265,3600,Normal,0.514,0.825,0.536,0.681,0.952,0.707,0.725,0.048,1.0,0.818,2946,Legitimate
562,2026-08-01T02:33:12,Rover-2,Earth Ground Station,Mars Surface Rover>Mars Orbiter>Lunar Relay Satellite 2>Lunar Relay Satellite 1>Earth Ground Station,717.96,-92.47,557,241,3600,Normal,0.65,0.961,0.651,0.806,0.898,0.79,0.735,0.102,1.0,0.85,3059,Legitimate
563,2026-08-01T02:34:31,Rover-2,Earth Ground Station,Mars Surface Rover>Mars Orbiter>Lunar Relay Satellite 2>Lunar Relay Satellite 1>Earth Ground Station,723.66,-91.73,477,254,3600,Normal,0.607,0.778,0.559,0.669,0.938,0.721,0.732,0.062,1.0,0.826,2972,Legitimate
564,2026-08-01T02:35:27,Rover-2,Earth Ground Station,Mars Surface Rover>Mars Orbiter>Lunar Relay Satellite 2>Lunar Relay Satellite 1>Earth Ground Station,703.62,-93.65,539,254,3600,Normal,0.793,0.58,0.826,0.703,0.914,0.778,0.739,0.086,1.0,0.847,3050,Legitimate
565,2026-08-01T02:36:26,Rover-2,Earth Ground Station,Mars Surface Rover>Mars Orbiter>Lunar Relay Satellite 2>Lunar Relay Satellite 1>Earth Ground Station,709.85,-91.39,476,263,3600,Normal,0.884,0.74,0.539,0.639,0.883,0.761,0.743,0.117,1.0,0.843,3034,Legitimate
566,2026-08-01T02:37:48,Rover-2,Earth Ground Station,Mars Surface Rover>Mars Orbiter>Lunar Relay Satellite 2>Lunar Relay Satellite 1>Earth Ground Station,728.84,-95.98,482,270,3600,Normal,0.547,0.641,0.741,0.691,0.932,0.715,0.739,0.068,1.0,0.826,2973,Legitimate
567,2026-08-01T02:38:27,Rover-2,Earth Ground Station,Mars Surface Rover>Mars Orbiter>Lunar Relay Satellite 2>Lunar Relay Satellite 1>Earth Ground Station,702.34,-92.61,497,256,3600,Normal,0.459,0.549,0.696,0.622,0.922,0.656,0.726,0.078,1.0,0.801,2884,Legitimate
568,2026-08-01T02:39:40,Rover-2,Earth Ground Station,Mars Surface Rover>Mars Orbiter>Lunar Relay Satellite 2>Lunar Relay Satellite 1>Earth Ground Station,711.31,-98.04,478,274,3600,Normal,0.717,0.798,0.501,0.649,0.869,0.721,0.725,0.131,1.0,0.823,2963,Legitimate
569,2026-08-01T02:41:04,Rover-2,Earth Ground Station,Mars Surface Rover>Mars Orbiter>Lunar Relay Satellite 2>Lunar Relay Satellite 1>Earth Ground Station,717.94,-97.36,486,254,3600,Normal,0.508,0.968,0.587,0.778,0.967,0.758,0.73,0.033,1.0,0.837,3015,Legitimate
570,2026-08-01T02:42:25,Rover-2,Earth Ground Station,Mars Surface Rover>Mars Orbiter>Lunar Relay Satellite 2>Lunar Relay Satellite 1>Earth Ground Station,732.69,-91.4,467,267,3600,Normal,0.554,0.539,0.542,0.54,0.819,0.613,0.713,0.181,1.0,0.781,2813,Legitimate
571,2026-08-01T02:43:09,Rover-2,Earth Ground Station,Mars Surface Rover>Mars Orbiter>Lunar Relay Satellite 2>Lunar Relay Satellite 1>Earth Ground Station,704.05,-98.07,498,261,3600,Normal,0.535,0.581,0.515,0.548,0.922,0.638,0.702,0.078,1.0,0.786,2831,Legitimate
572,2026-08-01T02:44:20,Rover-2,Earth Ground Station,Mars Surface Rover>Mars Orbiter>Lunar Relay Satellite 2>Lunar Relay Satellite 1>Earth Ground Station,702.03,-95.82,554,238,3600,Normal,0.777,0.542,0.812,0.677,0.821,0.738,0.707,0.179,1.0,0.823,2962,Legitimate
573,2026-08-01T02:44:54,Rover-2,Earth Ground Station,Mars Surface Rover>Mars Orbiter>Lunar Relay Satellite 2>Lunar Relay Satellite 1>Earth Ground Station,706.94,-96.39,543,239,3600,Normal,0.395,0.673,0.724,0.698,0.906,0.674,0.702,0.094,1.0,0.799,2876,Legitimate
574,2026-08-01T02:46:18,Rover-2,Earth Ground Station,Mars Surface Rover>Mars Orbiter>Lunar Relay Satellite 2>Lunar Relay Satellite 1>Earth Ground Station,734.23,-93.4,465,254,3600,Normal,0.514,0.498,0.779,0.638,0.871,0.665,0.697,0.129,1.0,0.794,2859,Legitimate
575,2026-08-01T02:46:58,Rover-2,Earth Ground Station,Mars Surface Rover>Mars Orbiter>Lunar Relay Satellite 2>Lunar Relay Satellite 1>Earth Ground Station,738.32,-94.36,534,255,3600,Normal,0.474,0.438,0.938,0.688,0.917,0.692,0.696,0.083,1.0,0.803,2891,Legitimate
576,2026-08-01T02:47:52,Rover-2,Earth Ground Station,Mars Surface Rover>Mars Orbiter>Lunar Relay Satellite 2>Lunar Relay Satellite 1>Earth Ground Station,727.91,-91.89,482,243,3600,Normal,0.758,0.655,0.586,0.62,0.932,0.733,0.701,0.068,1.0,0.819,2949,Legitimate
577,2026-08-01T02:48:39,Rover-2,Earth Ground Station,Mars Surface Rover>Mars Orbiter>Lunar Relay Satellite 2>Lunar Relay Satellite 1>Earth Ground Station,717.67,-91.66,523,260,3600,Normal,0.615,0.998,0.571,0.785,0.978,0.791,0.715,0.022,1.0,0.843,3037,Legitimate
578,2026-08-01T02:49:50,Rover-2,Earth Ground Station,Mars Surface Rover>Mars Orbiter>Lunar Relay Satellite 2>Lunar Relay Satellite 1>Earth Ground Station,711.15,-94.16,517,238,3600,Normal,0.77,0.764,0.952,0.858,0.945,0.858,0.736,0.055,1.0,0.873,3142,Legitimate
579,2026-08-01T02:50:37,Rover-2,Earth Ground Station,Mars Surface Rover>Mars Orbiter>Lunar Relay Satellite 2>Lunar Relay Satellite 1>Earth Ground Station,714.95,-94.23,526,268,3600,Normal,0.617,0.885,0.968,0.926,0.969,0.86,0.755,0.031,1.0,0.88,3167,Legitimate
580,2026-08-01T02:51:22,Rover-2,Earth Ground Station,Mars Surface Rover>Mars Orbiter>Lunar Relay Satellite 2>Lunar Relay Satellite 1>Earth Ground Station,725.65,-97.87,542,276,3600,Normal,0.59,0.74,0.507,0.623,0.889,0.681,0.744,0.111,1.0,0.816,2937,Legitimate
581,2026-08-01T02:52:42,Rover-2,Earth Ground Station,Mars Surface Rover>Mars Orbiter>Lunar Relay Satellite 2>Lunar Relay Satellite 1>Earth Ground Station,729.22,-94.81,540,249,3600,Normal,0.563,0.645,0.946,0.796,0.952,0.777,0.749,0.048,1.0,0.85,3061,Legitimate
582,2026-08-01T02:53:48,Rover-2,Earth Ground Station,Mars Surface Rover>Mars Orbiter>Lunar Relay Satellite 2>Lunar Relay Satellite 1>Earth Ground Station,720.1,-93.94,479,248,3600,Normal,0.882,0.936,0.877,0.907,0.945,0.91,0.773,0.055,1.0,0.902,3246,Legitimate
583,2026-08-01T02:54:32,Rover-2,Earth Ground Station,Mars Surface Rover>Mars Orbiter>Lunar Relay Satellite 2>Lunar Relay Satellite 1>Earth Ground Station,699.67,-97.95,489,268,3600,Normal,0.57,0.451,0.513,0.482,0.859,0.598,0.747,0.141,1.0,0.788,2837,Legitimate
584,2026-08-01T02:55:32,Rover-2,Earth Ground Station,Mars Surface Rover>Mars Orbiter>Lunar Relay Satellite 2>Lunar Relay Satellite 1>Earth Ground Station,721.27,-97.54,563,275,3600,Normal,0.929,0.89,0.572,0.731,0.82,0.803,0.755,0.18,1.0,0.861,3099,Legitimate
585,2026-08-01T02:56:08,Rover-2,Earth Ground Station,Mars Surface Rover>Mars Orbiter>Lunar Relay Satellite 2>Lunar Relay Satellite 1>Earth Ground Station,709.11,-92.54,515,267,3600,Normal,0.444,0.688,0.636,0.662,0.952,0.68,0.744,0.048,1.0,0.816,2936,Legitimate
586,2026-08-01T02:57:25,Rover-2,Earth Ground Station,Mars Surface Rover>Mars Orbiter>Lunar Relay Satellite 2>Lunar Relay Satellite 1>Earth Ground Station,700.82,-99.72,483,270,3600,Normal,0.63,0.482,0.377,0.43,0.8,0.572,0.718,0.2,1.0,0.769,2767,Legitimate
587,2026-08-01T02:58:46,Rover-2,Earth Ground Station,Mars Surface Rover>Mars Orbiter>Lunar Relay Satellite 2>Lunar Relay Satellite 1>Earth Ground Station,715.18,-99.13,562,242,3600,Normal,0.562,0.873,0.441,0.657,0.81,0.672,0.711,0.19,1.0,0.801,2885,Legitimate
588,2026-08-01T02:59:31,Rover-2,Earth Ground Station,Mars Surface Rover>Mars Orbiter>Lunar Relay Satellite 2>Lunar Relay Satellite 1>Earth Ground Station,724.0,-97.91,532,272,3600,Normal,0.567,0.786,0.571,0.678,0.932,0.714,0.711,0.068,1.0,0.816,2937,Legitimate
589,2026-08-01T03:00:02,Rover-2,Earth Ground Station,Mars Surface Rover>Mars Orbiter>Lunar Relay Satellite 2>Lunar Relay Satellite 1>Earth Ground Station,728.79,-93.59,518,241,3600,Normal,0.374,0.646,0.77,0.708,0.964,0.689,0.708,0.036,1.0,0.806,2903,Legitimate
590,2026-08-01T03:01:32,Rover-2,Earth Ground Station,Mars Surface Rover>Mars Orbiter>Lunar Relay Satellite 2>Lunar Relay Satellite 1>Earth Ground Station,706.53,-99.64,551,255,3600,Normal,0.429,0.614,0.409,0.512,0.851,0.576,0.688,0.149,1.0,0.759,2734,Legitimate
591,2026-08-01T03:02:21,Rover-2,Earth Ground Station,Mars Surface Rover>Mars Orbiter>Lunar Relay Satellite 2>Lunar Relay Satellite 1>Earth Ground Station,705.98,-90.61,466,260,3600,Normal,0.654,0.606,0.436,0.521,0.796,0.623,0.678,0.204,1.0,0.773,2781,Legitimate
592,2026-08-01T03:02:52,Rover-2,Earth Ground Station,Mars Surface Rover>Mars Orbiter>Lunar Relay Satellite 2>Lunar Relay Satellite 1>Earth Ground Station,721.14,-90.26,554,243,3600,Normal,0.385,0.867,0.424,0.646,0.858,0.634,0.672,0.142,1.0,0.774,2788,Legitimate
593,2026-08-01T03:03:30,Rover-2,Earth Ground Station,Mars Surface Rover>Mars Orbiter>Lunar Relay Satellite 2>Lunar Relay Satellite 1>Earth Ground Station,713.12,-91.94,542,271,3600,Normal,0.497,0.83,0.591,0.71,0.918,0.709,0.677,0.082,1.0,0.802,2889,Legitimate
594,2026-08-01T03:04:03,Rover-2,Earth Ground Station,Mars Surface Rover>Mars Orbiter>Lunar Relay Satellite 2>Lunar Relay Satellite 1>Earth Ground Station,699.35,-95.82,554,267,3600,Normal,0.442,0.474,0.855,0.664,0.822,0.648,0.673,0.178,1.0,0.78,2807,Legitimate
595,2026-08-01T03:05:27,Rover-2,Earth Ground Station,Mars Surface Rover>Mars Orbiter>Lunar Relay Satellite 2>Lunar Relay Satellite 1>Earth Ground Station,721.14,-93.72,468,264,3600,Normal,0.501,0.829,0.796,0.812,0.914,0.76,0.686,0.086,1.0,0.823,2963,Legitimate
596,2026-08-01T03:06:39,Rover-2,Earth Ground Station,Mars Surface Rover>Mars Orbiter>Lunar Relay Satellite 2>Lunar Relay Satellite 1>Earth Ground Station,715.49,-91.21,491,241,3600,Normal,0.727,0.941,0.511,0.726,0.928,0.777,0.7,0.072,1.0,0.834,3001,Legitimate
597,2026-08-01T03:07:19,Rover-2,Earth Ground Station,Mars Surface Rover>Mars Orbiter>Lunar Relay Satellite 2>Lunar Relay Satellite 1>Earth Ground Station,730.04,-94.4,526,255,3600,Normal,0.547,0.566,0.926,0.746,0.975,0.754,0.708,0.025,1.0,0.829,2983,Legitimate
598,2026-08-01T03:08:09,Rover-2,Earth Ground Station,Mars Surface Rover>Mars Orbiter>Lunar Relay Satellite 2>Lunar Relay Satellite 1>Earth Ground Station,705.93,-99.45,531,273,3600,Normal,0.747,0.629,0.425,0.527,0.834,0.659,0.7,0.166,1.0,0.793,2855,Legitimate
599,2026-08-01T03:09:29,Rover-2,Earth Ground Station,Mars Surface Rover>Mars Orbiter>Lunar Relay Satellite 2>Lunar Relay Satellite 1>Earth Ground Station,713.81,-96.57,544,251,3600,Normal,0.558,0.896,0.742,0.819,0.954,0.788,0.713,0.046,1.0,0.842,3030,Legitimate
600,2026-08-01T03:10:45,Rover-2,Earth Ground Station,Mars Surface Rover>Mars Orbiter>Lunar Relay Satellite 2>Lunar Relay Satellite 1>Earth Ground Station,728.14,-91.46,535,274,3600,Normal,0.639,0.605,0.537,0.571,0.885,0.666,0.706,0.115,1.0,0.798,2871,Legitimate
601,2026-08-01T03:12:15,Rover-2,Earth Ground Station,Mars Surface Rover>Mars Orbiter>Lunar Relay Satellite 2>Lunar Relay Satellite 1>Earth Ground Station,723.15,-98.33,539,258,3600,Normal,0.437,0.768,0.545,0.656,0.954,0.676,0.702,0.046,1.0,0.8,2879,Legitimate
602,2026-08-01T03:12:56,Rover-2,Earth Ground Station,Mars Surface Rover>Mars Orbiter>Lunar Relay Satellite 2>Lunar Relay Satellite 1>Earth Ground Station,724.42,-99.0,559,244,3600,Normal,0.574,0.733,0.493,0.613,0.85,0.663,0.696,0.15,1.0,0.793,2855,Legitimate
603,2026-08-01T03:14:02,Rover-2,Earth Ground Station,Mars Surface Rover>Mars Orbiter>Lunar Relay Satellite 2>Lunar Relay Satellite 1>Earth Ground Station,702.9,-94.96,494,238,3600,Normal,0.86,0.523,0.998,0.761,0.891,0.818,0.714,0.109,1.0,0.852,3068,Legitimate
604,2026-08-01T03:14:54,Rover-2,Earth Ground Station,Mars Surface Rover>Mars Orbiter>Lunar Relay Satellite 2>Lunar Relay Satellite 1>Earth Ground Station,740.84,-91.84,551,239,3600,Normal,0.795,0.337,0.568,0.453,0.798,0.625,0.701,0.202,1.0,0.781,2813,Legitimate
605,2026-08-01T03:16:09,Rover-2,Earth Ground Station,Mars Surface Rover>Mars Orbiter>Lunar Relay Satellite 2>Lunar Relay Satellite 1>Earth Ground Station,727.35,-97.18,495,235,3600,Normal,0.663,0.642,0.676,0.659,0.885,0.717,0.703,0.115,1.0,0.814,2931,Legitimate
606,2026-08-01T03:16:52,Rover-2,Earth Ground Station,Mars Surface Rover>Mars Orbiter>Lunar Relay Satellite 2>Lunar Relay Satellite 1>Earth Ground Station,709.18,-90.89,487,239,3600,Normal,0.619,0.705,0.491,0.598,0.869,0.671,0.698,0.131,1.0,0.797,2868,Legitimate
607,2026-08-01T03:17:22,Rover-2,Earth Ground Station,Mars Surface Rover>Mars Orbiter>Lunar Relay Satellite 2>Lunar Relay Satellite 1>Earth Ground Station,700.48,-94.41,503,242,3600,Normal,0.439,0.481,0.926,0.704,0.896,0.685,0.696,0.104,1.0,0.801,2883,Legitimate
608,2026-08-01T03:18:18,Rover-2,Earth Ground Station,Mars Surface Rover>Mars Orbiter>Lunar Relay Satellite 2>Lunar Relay Satellite 1>Earth Ground Station,719.7,-93.85,516,239,3600,Normal,0.906,0.846,0.828,0.837,0.959,0.885,0.725,0.041,1.0,0.878,3161,Legitimate
609,2026-08-01T03:19:18,Rover-2,Earth Ground Station,Mars Surface Rover>Mars Orbiter>Lunar Relay Satellite 2>Lunar Relay Satellite 1>Earth Ground Station,732.47,-95.74,538,244,3600,Normal,0.985,0.478,0.848,0.663,0.922,0.808,0.737,0.078,1.0,0.857,3083,Legitimate
610,2026-08-01T03:20:16,Rover-2,Earth Ground Station,Mars Surface Rover>Mars Orbiter>Lunar Relay Satellite 2>Lunar Relay Satellite 1>Earth Ground Station,701.58,-98.28,490,248,3600,Normal,0.965,0.508,0.542,0.525,0.885,0.725,0.735,0.115,1.0,0.828,2981,Legitimate
611,2026-08-01T03:21:46,Rover-2,Earth Ground Station,Mars Surface Rover>Mars Orbiter>Lunar Relay Satellite 2>Lunar Relay Satellite 1>Earth Ground Station,702.92,-93.5,551,242,3600,Normal,0.43,0.539,0.772,0.656,0.859,0.65,0.723,0.141,1.0,0.798,2873,Legitimate
612,2026-08-01T03:22:20,Rover-2,Earth Ground Station,Mars Surface Rover>Mars Orbiter>Lunar Relay Satellite 2>Lunar Relay Satellite 1>Earth Ground Station,722.03,-98.78,470,259,3600,Normal,0.504,0.783,0.491,0.637,0.913,0.673,0.715,0.087,1.0,0.803,2891,Legitimate
613,2026-08-01T03:23:29,Rover-2,Earth Ground Station,Mars Surface Rover>Mars Orbiter>Lunar Relay Satellite 2>Lunar Relay Satellite 1>Earth Ground Station,736.99,-96.94,504,262,3600,Normal,0.765,0.406,0.704,0.555,0.919,0.698,0.713,0.081,1.0,0.811,2920,Legitimate
614,2026-08-01T03:24:37,Rover-2,Earth Ground Station,Mars Surface Rover>Mars Orbiter>Lunar Relay Satellite 2>Lunar Relay Satellite 1>Earth Ground Station,736.84,-91.74,471,243,3600,Normal,0.78,0.423,0.547,0.485,0.815,0.641,0.702,0.185,1.0,0.787,2835,Legitimate
615,2026-08-01T03:25:19,Rover-2,Earth Ground Station,Mars Surface Rover>Mars Orbiter>Lunar Relay Satellite 2>Lunar Relay Satellite 1>Earth Ground Station,716.08,-95.51,555,257,3600,Normal,0.634,0.941,0.92,0.931,0.943,0.86,0.726,0.057,1.0,0.87,3132,Legitimate
616,2026-08-01T03:26:31,Rover-2,Earth Ground Station,Mars Surface Rover>Mars Orbiter>Lunar Relay Satellite 2>Lunar Relay Satellite 1>Earth Ground Station,710.56,-92.51,465,258,3600,Normal,0.701,0.74,0.621,0.681,0.874,0.734,0.727,0.126,1.0,0.828,2982,Legitimate
617,2026-08-01T03:27:54,Rover-2,Earth Ground Station,Mars Surface Rover>Mars Orbiter>Lunar Relay Satellite 2>Lunar Relay Satellite 1>Earth Ground Station,719.61,-90.77,461,239,3600,Normal,0.517,0.905,0.461,0.683,0.758,0.66,0.717,0.242,1.0,0.799,2878,Legitimate
618,2026-08-01T03:29:16,Rover-2,Earth Ground Station,Mars Surface Rover>Mars Orbiter>Lunar Relay Satellite 2>Lunar Relay Satellite 1>Earth Ground Station,727.0,-95.95,481,236,3600,Normal,0.545,0.665,0.848,0.756,0.892,0.738,0.72,0.108,1.0,0.827,2978,Legitimate
619,2026-08-01T03:29:56,Rover-2,Earth Ground Station,Mars Surface Rover>Mars Orbiter>Lunar Relay Satellite 2>Lunar Relay Satellite 1>Earth Ground Station,725.97,-99.53,509,240,3600,Normal,0.596,0.706,0.442,0.574,0.903,0.662,0.711,0.097,1.0,0.798,2873,Legitimate
620,2026-08-01T03:31:16,Rover-2,Earth Ground Station,Mars Surface Rover>Mars Orbiter>Lunar Relay Satellite 2>Lunar Relay Satellite 1>Earth Ground Station,715.57,-94.9,528,239,3600,Normal,0.565,0.897,0.979,0.938,0.946,0.847,0.732,0.054,1.0,0.868,3124,Legitimate
621,2026-08-01T03:32:20,Rover-2,Earth Ground Station,Mars Surface Rover>Mars Orbiter>Lunar Relay Satellite 2>Lunar Relay Satellite 1>Earth Ground Station,715.14,-93.77,499,243,3600,Normal,0.866,0.892,0.789,0.84,0.957,0.876,0.753,0.043,1.0,0.884,3183,Legitimate
622,2026-08-01T03:32:52,Rover-2,Earth Ground Station,Mars Surface Rover>Mars Orbiter>Lunar Relay Satellite 2>Lunar Relay Satellite 1>Earth Ground Station,709.77,-94.67,483,246,3600,Normal,0.483,0.694,0.941,0.818,0.936,0.764,0.755,0.064,1.0,0.848,3052,Legitimate
623,2026-08-01T03:33:25,Rover-2,Earth Ground Station,Mars Surface Rover>Mars Orbiter>Lunar Relay Satellite 2>Lunar Relay Satellite 1>Earth Ground Station,704.93,-96.87,470,262,3600,Normal,0.513,0.551,0.711,0.631,0.886,0.665,0.741,0.114,1.0,0.809,2914,Legitimate
624,2026-08-01T03:34:46,Rover-2,Earth Ground Station,Mars Surface Rover>Mars Orbiter>Lunar Relay Satellite 2>Lunar Relay Satellite 1>Earth Ground Station,721.79,-99.47,521,258,3600,Normal,0.548,0.846,0.446,0.646,0.946,0.696,0.735,0.054,1.0,0.818,2945,Legitimate
625,2026-08-01T03:36:09,Rover-2,Earth Ground Station,Mars Surface Rover>Mars Orbiter>Lunar Relay Satellite 2>Lunar Relay Satellite 1>Earth Ground Station,715.12,-95.21,559,263,3600,Normal,0.517,0.883,0.983,0.933,0.903,0.822,0.748,0.097,1.0,0.865,3113,Legitimate
626,2026-08-01T03:37:38,Rover-2,Earth Ground Station,Mars Surface Rover>Mars Orbiter>Lunar Relay Satellite 2>Lunar Relay Satellite 1>Earth Ground Station,718.91,-98.63,509,238,3600,Normal,0.454,0.929,0.539,0.734,0.935,0.714,0.743,0.065,1.0,0.827,2977,Legitimate
627,2026-08-01T03:39:05,Rover-2,Earth Ground Station,Mars Surface Rover>Mars Orbiter>Lunar Relay Satellite 2>Lunar Relay Satellite 1>Earth Ground Station,735.29,-90.58,519,256,3600,Normal,0.495,0.418,0.437,0.428,0.895,0.561,0.715,0.105,1.0,0.764,2749,Legitimate
628,2026-08-01T03:40:11,Rover-2,Earth Ground Station,Mars Surface Rover>Mars Orbiter>Lunar Relay Satellite 2>Lunar Relay Satellite 1>Earth Ground Station,727.67,-96.14,473,266,3600,Normal,0.87,0.623,0.855,0.739,0.932,0.82,0.731,0.068,1.0,0.859,3091,Legitimate
629,2026-08-01T03:40:52,Rover-2,Earth Ground Station,Mars Surface Rover>Mars Orbiter>Lunar Relay Satellite 2>Lunar Relay Satellite 1>Earth Ground Station,739.4,-91.84,482,243,3600,Normal,0.61,0.367,0.548,0.457,0.818,0.586,0.709,0.182,1.0,0.77,2774,Legitimate
630,2026-08-01T03:41:24,Rover-2,Earth Ground Station,Mars Surface Rover>Mars Orbiter>Lunar Relay Satellite 2>Lunar Relay Satellite 1>Earth Ground Station,716.69,-99.64,505,276,3600,Normal,0.488,0.928,0.468,0.698,0.86,0.686,0.706,0.14,1.0,0.805,2896,Legitimate
631,2026-08-01T03:42:34,Rover-2,Earth Ground Station,Mars Surface Rover>Mars Orbiter>Lunar Relay Satellite 2>Lunar Relay Satellite 1>Earth Ground Station,704.79,-95.9,493,265,3600,Normal,0.78,0.547,0.899,0.723,0.929,0.789,0.718,0.071,1.0,0.844,3038,Legitimate
632,2026-08-01T03:43:55,Rover-2,Earth Ground Station,Mars Surface Rover>Mars Orbiter>Lunar Relay Satellite 2>Lunar Relay Satellite 1>Earth Ground Station,701.29,-93.94,501,248,3600,Normal,0.587,0.479,0.794,0.637,0.91,0.693,0.714,0.09,1.0,0.81,2915,Legitimate
633,2026-08-01T03:44:42,Rover-2,Earth Ground Station,Mars Surface Rover>Mars Orbiter>Lunar Relay Satellite 2>Lunar Relay Satellite 1>Earth Ground Station,720.85,-98.96,462,264,3600,Normal,0.721,0.856,0.536,0.696,0.833,0.737,0.718,0.167,1.0,0.826,2974,Legitimate
634,2026-08-01T03:45:49,Rover-2,Earth Ground Station,Mars Surface Rover>Mars Orbiter>Lunar Relay Satellite 2>Lunar Relay Satellite 1>Earth Ground Station,720.97,-94.24,503,241,3600,Normal,0.844,0.865,0.834,0.849,0.975,0.879,0.742,0.025,1.0,0.882,3174,Legitimate
635,2026-08-01T03:46:56,Rover-2,Earth Ground Station,Mars Surface Rover>Mars Orbiter>Lunar Relay Satellite 2>Lunar Relay Satellite 1>Earth Ground Station,723.57,-99.42,471,239,3600,Normal,0.847,0.769,0.493,0.631,0.847,0.739,0.741,0.153,1.0,0.835,3005,Legitimate
636,2026-08-01T03:48:15,Rover-2,Earth Ground Station,Mars Surface Rover>Mars Orbiter>Lunar Relay Satellite 2>Lunar Relay Satellite 1>Earth Ground Station,702.76,-92.97,515,249,3600,Normal,0.634,0.501,0.667,0.584,0.919,0.68,0.732,0.081,1.0,0.811,2921,Legitimate
637,2026-08-01T03:49:11,Rover-2,Earth Ground Station,Mars Surface Rover>Mars Orbiter>Lunar Relay Satellite 2>Lunar Relay Satellite 1>Earth Ground Station,709.81,-96.47,519,254,3600,Normal,0.881,0.687,0.812,0.75,0.973,0.838,0.748,0.027,1.0,0.87,3132,Legitimate
638,2026-08-01T03:49:52,Rover-2,Earth Ground Station,Mars Surface Rover>Mars Orbiter>Lunar Relay Satellite 2>Lunar Relay Satellite 1>Earth Ground Station,710.3,-91.62,523,263,3600,Normal,0.608,0.707,0.538,0.622,0.957,0.703,0.741,0.043,1.0,0.822,2961,Legitimate
639,2026-08-01T03:50:24,Rover-2,Earth Ground Station,Mars Surface Rover>Mars Orbiter>Lunar Relay Satellite 2>Lunar Relay Satellite 1>Earth Ground Station,715.5,-98.6,531,237,3600,Normal,0.486,0.906,0.544,0.725,0.902,0.71,0.737,0.098,1.0,0.823,2965,Legitimate
640,2026-08-01T03:51:24,Rover-2,Earth Ground Station,Mars Surface Rover>Mars Orbiter>Lunar Relay Satellite 2>Lunar Relay Satellite 1>Earth Ground Station,738.18,-98.77,462,269,3600,Normal,0.989,0.388,0.542,0.465,0.73,0.662,0.725,0.27,1.0,0.803,2890,Legitimate
641,2026-08-01T03:52:13,Rover-2,Earth Ground Station,Mars Surface Rover>Mars Orbiter>Lunar Relay Satellite 2>Lunar Relay Satellite 1>Earth Ground Station,711.83,-98.26,548,263,3600,Normal,0.754,0.758,0.587,0.672,0.922,0.755,0.73,0.078,1.0,0.836,3011,Legitimate
642,2026-08-01T03:53:38,Rover-2,Earth Ground Station,Mars Surface Rover>Mars Orbiter>Lunar Relay Satellite 2>Lunar Relay Satellite 1>Earth Ground Station,708.25,-93.1,536,267,3600,Normal,0.519,0.64,0.68,0.66,0.944,0.696,0.725,0.056,1.0,0.815,2933,Legitimate
643,2026-08-01T03:54:28,Rover-2,Earth Ground Station,Mars Surface Rover>Mars Orbiter>Lunar Relay Satellite 2>Lunar Relay Satellite 1>Earth Ground Station,710.04,-94.21,526,243,3600,Normal,0.751,0.704,0.813,0.759,0.951,0.805,0.737,0.049,1.0,0.856,3080,Legitimate
644,2026-08-01T03:55:11,Rover-2,Earth Ground Station,Mars Surface Rover>Mars Orbiter>Lunar Relay Satellite 2>Lunar Relay Satellite 1>Earth Ground Station,737.86,-94.12,510,256,3600,Normal,0.618,0.41,0.791,0.601,0.927,0.687,0.729,0.073,1.0,0.813,2926,Legitimate
645,2026-08-01T03:56:04,Rover-2,Earth Ground Station,Mars Surface Rover>Mars Orbiter>Lunar Relay Satellite 2>Lunar Relay Satellite 1>Earth Ground Station,733.87,-95.15,477,248,3600,Normal,0.799,0.508,0.96,0.734,0.898,0.791,0.739,0.102,1.0,0.852,3065,Legitimate
646,2026-08-01T03:57:06,Rover-2,Earth Ground Station,Mars Surface Rover>Mars Orbiter>Lunar Relay Satellite 2>Lunar Relay Satellite 1>Earth Ground Station,715.83,-97.66,514,258,3600,Normal,0.966,0.876,0.664,0.77,0.984,0.872,0.759,0.016,1.0,0.885,3185,Legitimate
647,2026-08-01T03:57:47,Rover-2,Earth Ground Station,Mars Surface Rover>Mars Orbiter>Lunar Relay Satellite 2>Lunar Relay Satellite 1>Earth Ground Station,706.73,-98.16,546,245,3600,Normal,0.586,0.588,0.615,0.602,0.894,0.671,0.745,0.106,1.0,0.813,2926,Legitimate
648,2026-08-01T03:58:46,Rover-2,Earth Ground Station,Mars Surface Rover>Mars Orbiter>Lunar Relay Satellite 2>Lunar Relay Satellite 1>Earth Ground Station,700.58,-93.67,481,250,3600,Normal,0.958,0.459,0.7,0.58,0.874,0.748,0.746,0.126,1.0,0.839,3022,Legitimate
649,2026-08-01T03:59:45,Rover-2,Earth Ground Station,Mars Surface Rover>Mars Orbiter>Lunar Relay Satellite 2>Lunar Relay Satellite 1>Earth Ground Station,720.22,-96.29,473,236,3600,Normal,0.953,0.921,0.862,0.891,0.879,0.904,0.77,0.121,1.0,0.899,3235,Legitimate
650,2026-08-01T04:00:38,Rover-2,Earth Ground Station,Mars Surface Rover>Mars Orbiter>Lunar Relay Satellite 2>Lunar Relay Satellite 1>Earth Ground Station,719.52,-94.49,559,254,3600,Normal,0.816,0.954,0.83,0.892,0.919,0.88,0.786,0.081,1.0,0.896,3226,Legitimate
651,2026-08-01T04:01:43,Rover-2,Earth Ground Station,Mars Surface Rover>Mars Orbiter>Lunar Relay Satellite 2>Lunar Relay Satellite 1>Earth Ground Station,713.51,-91.8,552,266,3600,Normal,0.866,0.813,0.489,0.651,0.921,0.772,0.784,0.079,1.0,0.86,3097,Legitimate
652,2026-08-01T04:02:57,Rover-2,Earth Ground Station,Mars Surface Rover>Mars Orbiter>Lunar Relay Satellite 2>Lunar Relay Satellite 1>Earth Ground Station,702.3,-90.51,465,270,3600,Normal,0.656,0.504,0.395,0.449,0.741,0.574,0.753,0.259,1.0,0.782,2815,Legitimate
653,2026-08-01T04:04:16,Rover-2,Earth Ground Station,Mars Surface Rover>Mars Orbiter>Lunar Relay Satellite 2>Lunar Relay Satellite 1>Earth Ground Station,740.08,-98.39,527,263,3600,Normal,0.577,0.382,0.556,0.469,0.871,0.597,0.729,0.129,1.0,0.781,2813,Legitimate
654,2026-08-01T04:05:03,Rover-2,Earth Ground Station,Mars Surface Rover>Mars Orbiter>Lunar Relay Satellite 2>Lunar Relay Satellite 1>Earth Ground Station,726.55,-95.13,549,275,3600,Normal,0.684,0.709,0.966,0.838,0.873,0.808,0.741,0.127,1.0,0.858,3088,Legitimate
655,2026-08-01T04:06:16,Rover-2,Earth Ground Station,Mars Surface Rover>Mars Orbiter>Lunar Relay Satellite 2>Lunar Relay Satellite 1>Earth Ground Station,698.78,-98.91,527,260,3600,Normal,0.694,0.433,0.516,0.474,0.834,0.619,0.723,0.166,1.0,0.787,2834,Legitimate
656,2026-08-01T04:06:46,Rover-2,Earth Ground Station,Mars Surface Rover>Mars Orbiter>Lunar Relay Satellite 2>Lunar Relay Satellite 1>Earth Ground Station,708.07,-96.03,557,264,3600,Normal,0.423,0.669,0.893,0.781,0.892,0.719,0.722,0.108,1.0,0.821,2957,Legitimate
657,2026-08-01T04:08:01,Rover-2,Earth Ground Station,Mars Surface Rover>Mars Orbiter>Lunar Relay Satellite 2>Lunar Relay Satellite 1>Earth Ground Station,726.17,-94.28,499,249,3600,Normal,0.655,0.692,0.79,0.741,0.978,0.778,0.731,0.022,1.0,0.844,3040,Legitimate
658,2026-08-01T04:08:47,Rover-2,Earth Ground Station,Mars Surface Rover>Mars Orbiter>Lunar Relay Satellite 2>Lunar Relay Satellite 1>Earth Ground Station,707.83,-93.12,514,261,3600,Normal,0.655,0.644,0.633,0.639,0.966,0.725,0.73,0.034,1.0,0.826,2974,Legitimate
659,2026-08-01T04:09:54,Rover-2,Earth Ground Station,Mars Surface Rover>Mars Orbiter>Lunar Relay Satellite 2>Lunar Relay Satellite 1>Earth Ground Station,702.82,-95.11,528,270,3600,Normal,0.833,0.527,0.928,0.727,0.909,0.799,0.74,0.091,1.0,0.855,3076,Legitimate
660,2026-08-01T04:10:47,Rover-2,Earth Ground Station,Mars Surface Rover>Mars Orbiter>Lunar Relay Satellite 2>Lunar Relay Satellite 1>Earth Ground Station,722.65,-95.89,489,263,3600,Normal,0.803,0.791,0.927,0.859,0.973,0.873,0.76,0.027,1.0,0.885,3188,Legitimate
661,2026-08-01T04:11:47,Rover-2,Earth Ground Station,Mars Surface Rover>Mars Orbiter>Lunar Relay Satellite 2>Lunar Relay Satellite 1>Earth Ground Station,701.16,-99.64,526,270,3600,Normal,0.983,0.488,0.447,0.468,0.821,0.685,0.749,0.179,1.0,0.819,2949,Legitimate
662,2026-08-01T04:12:33,Rover-2,Earth Ground Station,Mars Surface Rover>Mars Orbiter>Lunar Relay Satellite 2>Lunar Relay Satellite 1>Earth Ground Station,726.74,-99.3,527,243,3600,Normal,0.664,0.671,0.495,0.583,0.891,0.68,0.739,0.109,1.0,0.814,2930,Legitimate
663,2026-08-01T04:13:36,Rover-2,Earth Ground Station,Mars Surface Rover>Mars Orbiter>Lunar Relay Satellite 2>Lunar Relay Satellite 1>Earth Ground Station,731.47,-98.8,543,268,3600,Normal,0.922,0.55,0.547,0.548,0.882,0.725,0.737,0.118,1.0,0.829,2983,Legitimate
664,2026-08-01T04:14:44,Rover-2,Earth Ground Station,Mars Surface Rover>Mars Orbiter>Lunar Relay Satellite 2>Lunar Relay Satellite 1>Earth Ground Station,715.86,-93.29,475,236,3600,Normal,0.791,0.929,0.651,0.79,0.888,0.815,0.748,0.112,1.0,0.862,3105,Legitimate
665,2026-08-01T04:15:45,Rover-2,Earth Ground Station,Mars Surface Rover>Mars Orbiter>Lunar Relay Satellite 2>Lunar Relay Satellite 1>Earth Ground Station,741.49,-92.71,503,251,3600,Normal,0.975,0.332,0.577,0.455,0.863,0.687,0.739,0.137,1.0,0.816,2939,Legitimate
666,2026-08-01T04:16:17,Rover-2,Earth Ground Station,Mars Surface Rover>Mars Orbiter>Lunar Relay Satellite 2>Lunar Relay Satellite 1>Earth Ground Station,723.59,-99.7,544,249,3600,Normal,0.423,0.773,0.467,0.62,0.894,0.639,0.724,0.106,1.0,0.794,2860,Legitimate
667,2026-08-01T04:17:32,Rover-2,Earth Ground Station,Mars Surface Rover>Mars Orbiter>Lunar Relay Satellite 2>Lunar Relay Satellite 1>Earth Ground Station,708.01,-95.33,541,272,3600,Normal,0.637,0.652,0.929,0.79,0.904,0.781,0.733,0.096,1.0,0.846,3046,Legitimate
668,2026-08-01T04:18:44,Rover-2,Earth Ground Station,Mars Surface Rover>Mars Orbiter>Lunar Relay Satellite 2>Lunar Relay Satellite 1>Earth Ground Station,713.89,-93.1,478,262,3600,Normal,0.69,0.85,0.596,0.723,0.932,0.767,0.738,0.068,1.0,0.843,3035,Legitimate
669,2026-08-01T04:19:49,Rover-2,Earth Ground Station,Mars Surface Rover>Mars Orbiter>Lunar Relay Satellite 2>Lunar Relay Satellite 1>Earth Ground Station,706.23,-91.18,473,246,3600,Normal,0.843,0.617,0.422,0.519,0.852,0.684,0.73,0.148,1.0,0.812,2924,Legitimate
670,2026-08-01T04:21:10,Rover-2,Earth Ground Station,Mars Surface Rover>Mars Orbiter>Lunar Relay Satellite 2>Lunar Relay Satellite 1>Earth Ground Station,722.55,-98.92,557,272,3600,Normal,0.524,0.788,0.538,0.663,0.86,0.677,0.722,0.14,1.0,0.807,2905,Legitimate
671,2026-08-01T04:22:11,Rover-2,Earth Ground Station,Mars Surface Rover>Mars Orbiter>Lunar Relay Satellite 2>Lunar Relay Satellite 1>Earth Ground Station,744.89,-92.12,537,248,3600,Spoofing,0.966,0.303,0.519,0.411,0.752,0.635,0.709,0.248,1.0,0.788,2836,Legitimate
672,2026-08-01T04:22:47,Rover-2,Earth Ground Station,Mars Surface Rover>Mars Orbiter>Lunar Relay Satellite 2>Lunar Relay Satellite 1>Earth Ground Station,731.61,-96.37,472,237,3600,Spoofing,0.483,0.568,0.877,0.722,0.854,0.695,0.707,0.146,1.0,0.808,2909,Legitimate
673,2026-08-01T04:23:46,Rover-2,Earth Ground Station,Mars Surface Rover>Mars Orbiter>Lunar Relay Satellite 2>Lunar Relay Satellite 1>Earth Ground Station,709.78,-91.55,512,271,3600,Spoofing,0.973,0.712,0.471,0.592,0.915,0.768,0.716,0.085,1.0,0.836,3010,Legitimate
674,2026-08-01T04:24:09,Rover-2,Earth Ground Station,Mars Surface Rover>Mars Orbiter>Lunar Relay Satellite 2>Lunar Relay Satellite 1>Earth Ground Station,762.09,-101.72,562,249,3600,Spoofing,0.306,0.168,0.334,0.251,0.358,0.291,0.652,0.642,1.0,0.637,2293,Suspicious
675,2026-08-01T04:24:58,Rover-2,Earth Ground Station,Mars Surface Rover>Mars Orbiter>Lunar Relay Satellite 2>Lunar Relay Satellite 1>Earth Ground Station,705.54,-103.32,479,238,3600,Spoofing,0.731,0.61,0.262,0.436,0.651,0.563,0.639,0.349,1.0,0.737,2652,Legitimate
676,2026-08-01T04:25:38,Rover-2,Earth Ground Station,Mars Surface Rover>Mars Orbiter>Lunar Relay Satellite 2>Lunar Relay Satellite 1>Earth Ground Station,691.37,-99.52,488,266,3600,Spoofing,0.561,0.37,0.544,0.457,0.678,0.538,0.624,0.322,1.0,0.722,2599,Legitimate
677,2026-08-01T04:26:29,Rover-2,Earth Ground Station,Mars Surface Rover>Mars Orbiter>Lunar Relay Satellite 2>Lunar Relay Satellite 1>Earth Ground Station,713.9,-93.79,474,253,3600,Spoofing,0.81,0.857,0.723,0.79,0.942,0.833,0.655,0.058,1.0,0.837,3015,Legitimate
678,2026-08-01T04:27:19,Rover-2,Earth Ground Station,Mars Surface Rover>Mars Orbiter>Lunar Relay Satellite 2>Lunar Relay Satellite 1>Earth Ground Station,678.02,-91.96,481,250,3600,Spoofing,0.796,0.245,0.523,0.384,0.502,0.517,0.634,0.498,1.0,0.718,2584,Legitimate
679,2026-08-01T04:28:32,Rover-2,Earth Ground Station,Mars Surface Rover>Mars Orbiter>Lunar Relay Satellite 2>Lunar Relay Satellite 1>Earth Ground Station,696.35,-101.45,461,265,3600,Spoofing,0.58,0.507,0.396,0.452,0.533,0.504,0.615,0.467,1.0,0.706,2541,Legitimate
680,2026-08-01T04:29:11,Rover-2,Earth Ground Station,Mars Surface Rover>Mars Orbiter>Lunar Relay Satellite 2>Lunar Relay Satellite 1>Earth Ground Station,747.98,-91.55,521,242,3600,Spoofing,0.547,0.347,0.491,0.419,0.681,0.517,0.6,0.319,1.0,0.705,2538,Legitimate
681,2026-08-01T04:29:49,Rover-2,Earth Ground Station,Mars Surface Rover>Mars Orbiter>Lunar Relay Satellite 2>Lunar Relay Satellite 1>Earth Ground Station,736.14,-88.74,514,253,3600,Spoofing,0.522,0.539,0.323,0.431,0.824,0.552,0.593,0.176,1.0,0.716,2576,Legitimate
682,2026-08-01T04:31:06,Rover-2,Earth Ground Station,Mars Surface Rover>Mars Orbiter>Lunar Relay Satellite 2>Lunar Relay Satellite 1>Earth Ground Station,746.96,-86.78,477,272,3600,Spoofing,0.508,0.393,0.258,0.325,0.513,0.418,0.567,0.487,1.0,0.654,2354,Legitimate
683,2026-08-01T04:31:40,Rover-2,Earth Ground Station,Mars Surface Rover>Mars Orbiter>Lunar Relay Satellite 2>Lunar Relay Satellite 1>Earth Ground Station,691.4,-92.72,535,259,3600,Spoofing,0.468,0.438,0.67,0.554,0.702,0.569,0.567,0.298,1.0,0.712,2564,Legitimate
684,2026-08-01T04:32:41,Rover-2,Earth Ground Station,Mars Surface Rover>Mars Orbiter>Lunar Relay Satellite 2>Lunar Relay Satellite 1>Earth Ground Station,730.64,-96.61,526,267,3600,Spoofing,0.858,0.677,0.841,0.759,0.947,0.831,0.607,0.053,1.0,0.82,2954,Legitimate
685,2026-08-01T04:33:04,Rover-2,Earth Ground Station,Mars Surface Rover>Mars Orbiter>Lunar Relay Satellite 2>Lunar Relay Satellite 1>Earth Ground Station,712.81,-92.95,462,263,3600,Spoofing,0.333,0.861,0.699,0.78,0.836,0.682,0.618,0.164,1.0,0.772,2780,Legitimate
686,2026-08-01T04:33:59,Rover-2,Earth Ground Station,Mars Surface Rover>Mars Orbiter>Lunar Relay Satellite 2>Lunar Relay Satellite 1>Earth Ground Station,677.6,-93.65,481,263,3600,Spoofing,0.989,0.303,0.786,0.544,0.478,0.639,0.621,0.522,1.0,0.758,2728,Legitimate
687,2026-08-01T04:34:25,Rover-2,Earth Ground Station,Mars Surface Rover>Mars Orbiter>Lunar Relay Satellite 2>Lunar Relay Satellite 1>Earth Ground Station,748.57,-88.24,522,241,3600,Spoofing,0.39,0.408,0.358,0.383,0.553,0.427,0.592,0.447,1.0,0.667,2402,Legitimate
688,2026-08-01T04:35:31,Rover-2,Earth Ground Station,Mars Surface Rover>Mars Orbiter>Lunar Relay Satellite 2>Lunar Relay Satellite 1>Earth Ground Station,729.42,-99.75,541,255,3600,Spoofing,0.691,0.726,0.528,0.627,0.884,0.707,0.609,0.116,1.0,0.778,2801,Legitimate
689,2026-08-01T04:36:44,Rover-2,Earth Ground Station,Mars Surface Rover>Mars Orbiter>Lunar Relay Satellite 2>Lunar Relay Satellite 1>Earth Ground Station,680.2,-94.94,532,247,3600,Spoofing,0.563,0.349,0.948,0.648,0.537,0.599,0.608,0.463,1.0,0.739,2659,Legitimate
690,2026-08-01T04:37:17,Rover-2,Earth Ground Station,Mars Surface Rover>Mars Orbiter>Lunar Relay Satellite 2>Lunar Relay Satellite 1>Earth Ground Station,684.49,-88.34,484,236,3600,Spoofing,0.487,0.416,0.38,0.398,0.427,0.427,0.581,0.573,1.0,0.663,2386,Legitimate
691,2026-08-01T04:38:13,Rover-2,Earth Ground Station,Mars Surface Rover>Mars Orbiter>Lunar Relay Satellite 2>Lunar Relay Satellite 1>Earth Ground Station,739.32,-88.18,470,256,3600,Spoofing,0.971,0.551,0.392,0.472,0.681,0.649,0.591,0.319,1.0,0.751,2702,Legitimate
692,2026-08-01T04:38:49,Rover-2,Earth Ground Station,Mars Surface Rover>Mars Orbiter>Lunar Relay Satellite 2>Lunar Relay Satellite 1>Earth Ground Station,681.13,-100.36,560,246,3600,Spoofing,0.548,0.397,0.48,0.439,0.43,0.464,0.572,0.57,1.0,0.674,2426,Legitimate
693,2026-08-01T04:40:04,Rover-2,Earth Ground Station,Mars Surface Rover>Mars Orbiter>Lunar Relay Satellite 2>Lunar Relay Satellite 1>Earth Ground Station,740.61,-88.07,542,248,3600,Spoofing,0.514,0.548,0.405,0.476,0.7,0.542,0.567,0.3,1.0,0.702,2527,Legitimate
694,2026-08-01T04:41:12,Rover-2,Earth Ground Station,Mars Surface Rover>Mars Orbiter>Lunar Relay Satellite 2>Lunar Relay Satellite 1>Earth Ground Station,705.2,-101.75,474,262,3600,Spoofing,0.658,0.746,0.418,0.582,0.725,0.637,0.578,0.275,1.0,0.742,2670,Legitimate
695,2026-08-01T04:42:11,Rover-2,Earth Ground Station,Mars Surface Rover>Mars Orbiter>Lunar Relay Satellite 2>Lunar Relay Satellite 1>Earth Ground Station,686.64,-93.29,498,249,3600,Spoofing,0.888,0.477,0.808,0.643,0.664,0.709,0.597,0.336,1.0,0.774,2788,Legitimate
696,2026-08-01T04:43:00,Rover-2,Earth Ground Station,Mars Surface Rover>Mars Orbiter>Lunar Relay Satellite 2>Lunar Relay Satellite 1>Earth Ground Station,732.86,-100.08,547,268,3600,Spoofing,0.819,0.654,0.535,0.594,0.812,0.705,0.614,0.188,1.0,0.779,2804,Legitimate
697,2026-08-01T04:43:27,Rover-2,Earth Ground Station,Mars Surface Rover>Mars Orbiter>Lunar Relay Satellite 2>Lunar Relay Satellite 1>Earth Ground Station,685.76,-102.03,561,270,3600,Spoofing,0.413,0.481,0.427,0.454,0.401,0.431,0.586,0.599,1.0,0.666,2399,Legitimate
698,2026-08-01T04:44:17,Rover-2,Earth Ground Station,Mars Surface Rover>Mars Orbiter>Lunar Relay Satellite 2>Lunar Relay Satellite 1>Earth Ground Station,707.78,-86.94,479,251,3600,Spoofing,0.863,0.833,0.379,0.606,0.745,0.705,0.604,0.255,1.0,0.775,2792,Legitimate
699,2026-08-01T04:45:20,Rover-2,Earth Ground Station,Mars Surface Rover>Mars Orbiter>Lunar Relay Satellite 2>Lunar Relay Satellite 1>Earth Ground Station,718.97,-101.63,552,255,3600,Spoofing,0.773,0.922,0.466,0.694,0.772,0.733,0.623,0.228,1.0,0.792,2851,Legitimate
700,2026-08-01T04:46:08,Rover-2,Earth Ground Station,Mars Surface Rover>Mars Orbiter>Lunar Relay Satellite 2>Lunar Relay Satellite 1>Earth Ground Station,735.37,-99.57,492,264,3600,Spoofing,0.814,0.622,0.604,0.613,0.872,0.728,0.639,0.128,1.0,0.796,2865,Legitimate
701,2026-08-01T04:47:04,Rover-2,Earth Ground Station,Mars Surface Rover>Mars Orbiter>Lunar Relay Satellite 2>Lunar Relay Satellite 1>Earth Ground Station,713.74,-96.4,465,271,3600,Replay,0.958,0.951,0.873,0.912,0.875,0.1,0.558,0.125,1.0,0.513,1848,Suspicious
702,2026-08-01T04:47:51,Rover-2,Earth Ground Station,Mars Surface Rover>Mars Orbiter>Lunar Relay Satellite 2>Lunar Relay Satellite 1>Earth Ground Station,719.7,-93.85,516,263,3600,Replay,0.796,0.913,0.853,0.883,0.997,0.1,0.489,0.003,1.0,0.48,1729,Suspicious
703,2026-08-01T04:48:20,Rover-2,Earth Ground Station,Mars Surface Rover>Mars Orbiter>Lunar Relay Satellite 2>Lunar Relay Satellite 1>Earth Ground Station,731.91,-92.5,543,237,3600,Replay,0.46,0.688,0.725,0.707,0.869,0.1,0.431,0.131,1.0,0.451,1625,Suspicious
704,2026-08-01T04:49:12,Rover-2,Earth Ground Station,Mars Surface Rover>Mars Orbiter>Lunar Relay Satellite 2>Lunar Relay Satellite 1>Earth Ground Station,726.74,-99.3,527,238,3600,Replay,0.973,0.773,0.631,0.702,0.867,0.1,0.381,0.133,1.0,0.425,1531,Suspicious
705,2026-08-01T04:49:52,Rover-2,Earth Ground Station,Mars Surface Rover>Mars Orbiter>Lunar Relay Satellite 2>Lunar Relay Satellite 1>Earth Ground Station,740.84,-91.84,551,244,3600,Replay,0.666,0.551,0.678,0.614,0.822,0.1,0.339,0.178,1.0,0.403,1449,Suspicious
706,2026-08-01T04:50:37,Rover-2,Earth Ground Station,Mars Surface Rover>Mars Orbiter>Lunar Relay Satellite 2>Lunar Relay Satellite 1>Earth Ground Station,723.55,-95.33,555,258,3600,Replay,0.793,0.853,0.982,0.917,0.937,0.1,0.303,0.063,1.0,0.382,1377,Malicious (TTL Decayed)
707,2026-08-01T04:51:51,Rover-2,Earth Ground Station,Mars Surface Rover>Mars Orbiter>Lunar Relay Satellite 2>Lunar Relay Satellite 1>Earth Ground Station,735.03,-96.46,548,266,3600,Replay,0.502,0.653,0.863,0.758,0.904,0.1,0.273,0.096,1.0,0.365,1314,Malicious (TTL Decayed)
708,2026-08-01T04:52:17,Rover-2,Earth Ground Station,Mars Surface Rover>Mars Orbiter>Lunar Relay Satellite 2>Lunar Relay Satellite 1>Earth Ground Station,728.84,-95.98,482,269,3600,Replay,0.424,0.761,0.916,0.839,0.934,0.1,0.247,0.066,1.0,0.35,1259,Malicious (TTL Decayed)
709,2026-08-01T04:53:33,Rover-2,Earth Ground Station,Mars Surface Rover>Mars Orbiter>Lunar Relay Satellite 2>Lunar Relay Satellite 1>Earth Ground Station,730.04,-94.4,526,274,3600,Replay,0.474,0.748,0.909,0.828,0.913,0.1,0.225,0.087,1.0,0.336,1210,Malicious (TTL Decayed)
710,2026-08-01T04:54:45,Rover-2,Earth Ground Station,Mars Surface Rover>Mars Orbiter>Lunar Relay Satellite 2>Lunar Relay Satellite 1>Earth Ground Station,740.08,-98.39,527,258,3600,Replay,0.544,0.596,0.702,0.649,0.872,0.1,0.206,0.128,1.0,0.324,1167,Malicious (TTL Decayed)
711,2026-08-01T04:55:50,Rover-2,Earth Ground Station,Mars Surface Rover>Mars Orbiter>Lunar Relay Satellite 2>Lunar Relay Satellite 1>Earth Ground Station,706.55,-93.97,526,266,3600,Replay,0.688,0.751,0.863,0.807,0.95,0.1,0.19,0.05,1.0,0.314,1130,Malicious (TTL Decayed)
712,2026-08-01T04:56:10,Rover-2,Earth Ground Station,Mars Surface Rover>Mars Orbiter>Lunar Relay Satellite 2>Lunar Relay Satellite 1>Earth Ground Station,724.42,-99.0,559,247,3600,Replay,0.368,0.876,0.649,0.762,0.859,0.1,0.177,0.141,1.0,0.305,1099,Malicious (TTL Decayed)
713,2026-08-01T04:57:14,Rover-2,Earth Ground Station,Mars Surface Rover>Mars Orbiter>Lunar Relay Satellite 2>Lunar Relay Satellite 1>Earth Ground Station,715.57,-94.9,528,269,3600,Replay,0.71,0.927,0.97,0.949,0.96,0.1,0.165,0.04,1.0,0.297,1071,Malicious (TTL Decayed)
714,2026-08-01T04:57:40,Rover-2,Earth Ground Station,Mars Surface Rover>Mars Orbiter>Lunar Relay Satellite 2>Lunar Relay Satellite 1>Earth Ground Station,711.99,-91.58,489,270,3600,Replay,0.462,0.858,0.671,0.764,0.916,0.1,0.155,0.084,1.0,0.291,1046,Malicious (TTL Decayed)
715,2026-08-01T04:58:29,Rover-2,Earth Ground Station,Mars Surface Rover>Mars Orbiter>Lunar Relay Satellite 2>Lunar Relay Satellite 1>Earth Ground Station,723.71,-93.86,539,266,3600,Replay,0.93,0.881,0.873,0.877,0.956,0.1,0.147,0.044,1.0,0.285,1026,Malicious (TTL Decayed)
716,2026-08-01T04:59:48,Rover-2,Earth Ground Station,Mars Surface Rover>Mars Orbiter>Lunar Relay Satellite 2>Lunar Relay Satellite 1>Earth Ground Station,733.87,-95.15,477,272,3600,Replay,0.448,0.683,0.992,0.838,0.881,0.1,0.14,0.119,1.0,0.28,1009,Malicious (TTL Decayed)
717,2026-08-01T05:00:50,Rover-2,Earth Ground Station,Mars Surface Rover>Mars Orbiter>Lunar Relay Satellite 2>Lunar Relay Satellite 1>Earth Ground Station,729.21,-91.03,476,235,3600,Replay,0.756,0.769,0.635,0.702,0.824,0.1,0.134,0.176,1.0,0.276,994,Malicious (TTL Decayed)
718,2026-08-01T05:01:45,Rover-2,Earth Ground Station,Mars Surface Rover>Mars Orbiter>Lunar Relay Satellite 2>Lunar Relay Satellite 1>Earth Ground Station,738.85,-93.76,558,256,3600,Replay,0.915,0.617,0.878,0.747,0.864,0.1,0.129,0.136,1.0,0.272,981,Malicious (TTL Decayed)
719,2026-08-01T05:02:49,Rover-2,Earth Ground Station,Mars Surface Rover>Mars Orbiter>Lunar Relay Satellite 2>Lunar Relay Satellite 1>Earth Ground Station,738.32,-94.36,534,251,3600,Replay,0.694,0.635,0.939,0.787,0.912,0.1,0.125,0.088,1.0,0.27,970,Malicious (TTL Decayed)
720,2026-08-01T05:03:41,Rover-2,Earth Ground Station,Mars Surface Rover>Mars Orbiter>Lunar Relay Satellite 2>Lunar Relay Satellite 1>Earth Ground Station,720.74,-98.06,487,263,3600,Replay,0.988,0.978,0.702,0.84,0.959,0.1,0.121,0.041,1.0,0.267,960,Malicious (TTL Decayed)
721,2026-08-01T05:04:18,Rover-2,Earth Ground Station,Mars Surface Rover>Mars Orbiter>Lunar Relay Satellite 2>Lunar Relay Satellite 1>Earth Ground Station,710.88,-92.03,547,268,3600,Replay,0.653,0.811,0.713,0.762,0.913,0.1,0.118,0.087,1.0,0.265,952,Malicious (TTL Decayed)
722,2026-08-01T05:05:04,Rover-2,Earth Ground Station,Mars Surface Rover>Mars Orbiter>Lunar Relay Satellite 2>Lunar Relay Satellite 1>Earth Ground Station,704.05,-98.07,498,270,3600,Replay,0.871,0.698,0.699,0.699,0.912,0.1,0.115,0.088,1.0,0.262,944,Malicious (TTL Decayed)
723,2026-08-01T05:06:09,Rover-2,Earth Ground Station,Mars Surface Rover>Mars Orbiter>Lunar Relay Satellite 2>Lunar Relay Satellite 1>Earth Ground Station,702.53,-91.52,544,244,3600,Replay,0.647,0.683,0.671,0.677,0.845,0.1,0.113,0.155,1.0,0.261,939,Malicious (TTL Decayed)
724,2026-08-01T05:07:12,Rover-2,Earth Ground Station,Mars Surface Rover>Mars Orbiter>Lunar Relay Satellite 2>Lunar Relay Satellite 1>Earth Ground Station,735.94,-98.3,470,262,3600,Replay,0.691,0.658,0.684,0.671,0.852,0.1,0.111,0.148,1.0,0.259,934,Malicious (TTL Decayed)
725,2026-08-01T05:08:04,Rover-2,Earth Ground Station,Mars Surface Rover>Mars Orbiter>Lunar Relay Satellite 2>Lunar Relay Satellite 1>Earth Ground Station,708.07,-96.03,557,266,3600,Replay,0.989,0.785,0.879,0.832,0.889,0.1,0.109,0.111,1.0,0.258,928,Malicious (TTL Decayed)
726,2026-08-01T05:09:01,Rover-2,Earth Ground Station,Mars Surface Rover>Mars Orbiter>Lunar Relay Satellite 2>Lunar Relay Satellite 1>Earth Ground Station,729.14,-91.13,555,266,3600,Replay,0.848,0.757,0.642,0.699,0.876,0.1,0.108,0.124,1.0,0.257,926,Malicious (TTL Decayed)
727,2026-08-01T05:10:17,Rover-2,Earth Ground Station,Mars Surface Rover>Mars Orbiter>Lunar Relay Satellite 2>Lunar Relay Satellite 1>Earth Ground Station,711.02,-92.86,515,236,3600,Replay,0.472,0.826,0.807,0.816,0.899,0.1,0.107,0.101,1.0,0.256,923,Malicious (TTL Decayed)
728,2026-08-01T05:10:40,Rover-2,Earth Ground Station,Mars Surface Rover>Mars Orbiter>Lunar Relay Satellite 2>Lunar Relay Satellite 1>Earth Ground Station,729.14,-91.13,555,242,3600,Replay,0.404,0.767,0.655,0.711,0.88,0.1,0.106,0.12,1.0,0.256,920,Malicious (TTL Decayed)
729,2026-08-01T05:11:43,Rover-2,Earth Ground Station,Mars Surface Rover>Mars Orbiter>Lunar Relay Satellite 2>Lunar Relay Satellite 1>Earth Ground Station,704.63,-98.05,544,247,3600,Replay,0.721,0.676,0.655,0.665,0.89,0.1,0.105,0.11,1.0,0.255,918,Malicious (TTL Decayed)
730,2026-08-01T05:12:25,Rover-2,Earth Ground Station,Mars Surface Rover>Mars Orbiter>Lunar Relay Satellite 2>Lunar Relay Satellite 1>Earth Ground Station,739.64,-94.95,472,265,3600,Replay,0.744,0.592,0.946,0.769,0.827,0.1,0.104,0.173,1.0,0.254,915,Malicious (TTL Decayed)
731,2026-08-01T05:13:32,Rover-2,Earth Ground Station,Mars Surface Rover>Mars Orbiter>Lunar Relay Satellite 2>Unknown-Relay-X>Lunar Relay Satellite 1>Earth Ground Station,726.36,-93.94,513,268,3600,Relay Tampering,0.634,0.835,0.923,0.879,0.97,0.841,0.215,0.03,0.45,0.495,1783,Suspicious
732,2026-08-01T05:14:36,Rover-2,Earth Ground Station,Mars Surface Rover>Mars Orbiter>Lunar Relay Satellite 2>Unknown-Relay-X>Lunar Relay Satellite 1>Earth Ground Station,727.11,-99.05,500,274,3600,Relay Tampering,0.706,0.813,0.572,0.692,0.881,0.743,0.294,0.119,0.45,0.49,1764,Suspicious
733,2026-08-01T05:15:31,Rover-2,Earth Ground Station,Mars Surface Rover>Mars Orbiter>Lunar Relay Satellite 2>Lunar Relay Satellite 1>Unknown-Relay-X>Earth Ground Station,700.72,-97.31,481,271,3600,Relay Tampering,0.918,0.605,0.73,0.668,0.841,0.773,0.366,0.159,0.65,0.6,2162,Suspicious
734,2026-08-01T05:16:44,Rover-2,Earth Ground Station,Mars Surface Rover>Mars Orbiter>Unknown-Relay-X>Lunar Relay Satellite 2>Lunar Relay Satellite 1>Earth Ground Station,708.14,-96.27,533,250,3600,Relay Tampering,0.531,0.735,0.848,0.791,0.955,0.767,0.426,0.045,0.25,0.421,1517,Suspicious
735,2026-08-01T05:17:53,Rover-2,Earth Ground Station,Mars Surface Rover>Unknown-Relay-X>Mars Orbiter>Lunar Relay Satellite 2>Lunar Relay Satellite 1>Earth Ground Station,729.72,-92.09,506,275,3600,Relay Tampering,0.61,0.737,0.68,0.708,0.885,0.728,0.471,0.115,0.05,0.222,799,Malicious (TTL Decayed)
736,2026-08-01T05:18:24,Rover-2,Earth Ground Station,Mars Surface Rover>Mars Orbiter>Lunar Relay Satellite 2>Unknown-Relay-X>Lunar Relay Satellite 1>Earth Ground Station,739.98,-97.23,473,237,3600,Relay Tampering,0.488,0.56,0.745,0.652,0.774,0.642,0.497,0.226,0.45,0.518,1866,Suspicious
737,2026-08-01T05:19:19,Rover-2,Earth Ground Station,Mars Surface Rover>Mars Orbiter>Lunar Relay Satellite 2>Lunar Relay Satellite 1>Unknown-Relay-X>Earth Ground Station,709.82,-91.78,547,235,3600,Relay Tampering,0.949,0.737,0.649,0.693,0.838,0.793,0.541,0.162,0.65,0.66,2377,Legitimate
738,2026-08-01T05:20:24,Rover-2,Earth Ground Station,Mars Surface Rover>Mars Orbiter>Lunar Relay Satellite 2>Unknown-Relay-X>Lunar Relay Satellite 1>Earth Ground Station,738.9,-90.63,555,259,3600,Relay Tampering,0.702,0.563,0.545,0.554,0.811,0.655,0.558,0.189,0.45,0.538,1938,Suspicious
739,2026-08-01T05:21:15,Rover-2,Earth Ground Station,Mars Surface Rover>Mars Orbiter>Unknown-Relay-X>Lunar Relay Satellite 2>Lunar Relay Satellite 1>Earth Ground Station,732.52,-95.48,468,264,3600,Relay Tampering,0.913,0.687,0.931,0.809,0.881,0.853,0.603,0.119,0.25,0.475,1709,Suspicious
740,2026-08-01T05:21:46,Rover-2,Earth Ground Station,Mars Surface Rover>Mars Orbiter>Lunar Relay Satellite 2>Lunar Relay Satellite 1>Unknown-Relay-X>Earth Ground Station,720.89,-97.72,477,257,3600,Relay Tampering,0.485,0.997,0.689,0.843,0.952,0.781,0.629,0.048,0.65,0.682,2457,Legitimate
741,2026-08-01T05:22:11,Rover-2,Earth Ground Station,Mars Surface Rover>Mars Orbiter>Lunar Relay Satellite 2>Unknown-Relay-X>Lunar Relay Satellite 1>Earth Ground Station,713.49,-98.64,528,249,3600,Relay Tampering,0.401,0.768,0.616,0.692,0.948,0.683,0.637,0.052,0.45,0.566,2039,Suspicious
742,2026-08-01T05:22:44,Rover-2,Earth Ground Station,Mars Surface Rover>Unknown-Relay-X>Mars Orbiter>Lunar Relay Satellite 2>Lunar Relay Satellite 1>Earth Ground Station,739.45,-96.12,509,258,3600,Relay Tampering,0.54,0.542,0.897,0.72,0.888,0.717,0.649,0.112,0.05,0.24,864,Malicious (TTL Decayed)
743,2026-08-01T05:23:11,Rover-2,Earth Ground Station,Mars Surface Rover>Mars Orbiter>Unknown-Relay-X>Lunar Relay Satellite 2>Lunar Relay Satellite 1>Earth Ground Station,727.3,-94.48,553,260,3600,Relay Tampering,0.45,0.835,0.89,0.862,0.933,0.777,0.669,0.067,0.25,0.473,1702,Suspicious
744,2026-08-01T05:23:33,Rover-2,Earth Ground Station,Mars Surface Rover>Mars Orbiter>Lunar Relay Satellite 2>Lunar Relay Satellite 1>Unknown-Relay-X>Earth Ground Station,727.89,-93.3,554,274,3600,Relay Tampering,0.399,0.807,0.724,0.766,0.877,0.702,0.674,0.123,0.65,0.673,2421,Legitimate
745,2026-08-01T05:24:09,Rover-2,Earth Ground Station,Mars Surface Rover>Mars Orbiter>Lunar Relay Satellite 2>Unknown-Relay-X>Lunar Relay Satellite 1>Earth Ground Station,721.74,-92.94,554,269,3600,Relay Tampering,0.639,0.977,0.694,0.836,0.916,0.807,0.693,0.084,0.45,0.611,2201,Suspicious
746,2026-08-01T05:25:01,Rover-2,Earth Ground Station,Mars Surface Rover>Mars Orbiter>Unknown-Relay-X>Lunar Relay Satellite 2>Lunar Relay Satellite 1>Earth Ground Station,733.08,-94.48,465,272,3600,Relay Tampering,0.952,0.676,0.888,0.782,0.841,0.839,0.715,0.159,0.25,0.494,1777,Suspicious
747,2026-08-01T05:25:41,Rover-2,Earth Ground Station,Mars Surface Rover>Unknown-Relay-X>Mars Orbiter>Lunar Relay Satellite 2>Lunar Relay Satellite 1>Earth Ground Station,720.6,-99.26,477,274,3600,Relay Tampering,0.731,0.908,0.51,0.709,0.871,0.755,0.721,0.129,0.05,0.251,905,Malicious (TTL Decayed)
748,2026-08-01T05:26:41,Rover-2,Earth Ground Station,Mars Surface Rover>Mars Orbiter>Lunar Relay Satellite 2>Lunar Relay Satellite 1>Unknown-Relay-X>Earth Ground Station,701.23,-96.62,540,270,3600,Relay Tampering,0.752,0.379,0.769,0.574,0.87,0.693,0.717,0.13,0.65,0.682,2457,Legitimate
749,2026-08-01T05:27:54,Rover-2,Earth Ground Station,Mars Surface Rover>Mars Orbiter>Lunar Relay Satellite 2>Lunar Relay Satellite 1>Unknown-Relay-X>Earth Ground Station,702.89,-95.36,532,275,3600,Relay Tampering,0.509,0.416,0.981,0.699,0.857,0.691,0.713,0.143,0.65,0.681,2451,Legitimate
750,2026-08-01T05:28:55,Rover-2,Earth Ground Station,Mars Surface Rover>Mars Orbiter>Lunar Relay Satellite 2>Unknown-Relay-X>Lunar Relay Satellite 1>Earth Ground Station,733.68,-90.94,531,236,3600,Relay Tampering,0.742,0.653,0.445,0.549,0.857,0.674,0.707,0.143,0.45,0.582,2095,Suspicious
751,2026-08-01T05:29:17,Rover-2,Earth Ground Station,Mars Surface Rover>Mars Orbiter>Unknown-Relay-X>Lunar Relay Satellite 2>Lunar Relay Satellite 1>Earth Ground Station,702.18,-90.77,542,258,3600,Relay Tampering,0.414,0.419,0.443,0.431,0.845,0.53,0.681,0.155,0.25,0.425,1530,Suspicious
752,2026-08-01T05:30:35,Rover-2,Earth Ground Station,Mars Surface Rover>Unknown-Relay-X>Mars Orbiter>Lunar Relay Satellite 2>Lunar Relay Satellite 1>Earth Ground Station,709.57,-93.94,525,253,3600,Relay Tampering,0.45,0.581,0.842,0.712,0.969,0.711,0.685,0.031,0.05,0.243,875,Malicious (TTL Decayed)
753,2026-08-01T05:31:19,Rover-2,Earth Ground Station,Mars Surface Rover>Unknown-Relay-X>Mars Orbiter>Lunar Relay Satellite 2>Lunar Relay Satellite 1>Earth Ground Station,727.49,-95.33,526,260,3600,Relay Tampering,0.813,0.831,0.912,0.872,0.968,0.881,0.715,0.032,0.05,0.264,949,Malicious (TTL Decayed)
754,2026-08-01T05:32:23,Rover-2,Earth Ground Station,Mars Surface Rover>Mars Orbiter>Lunar Relay Satellite 2>Unknown-Relay-X>Lunar Relay Satellite 1>Earth Ground Station,735.04,-93.65,512,247,3600,Relay Tampering,0.698,0.612,0.787,0.699,0.922,0.755,0.721,0.078,0.45,0.606,2180,Suspicious
755,2026-08-01T05:33:21,Rover-2,Earth Ground Station,Mars Surface Rover>Unknown-Relay-X>Mars Orbiter>Lunar Relay Satellite 2>Lunar Relay Satellite 1>Earth Ground Station,702.14,-97.52,505,251,3600,Relay Tampering,0.837,0.439,0.584,0.511,0.915,0.694,0.717,0.085,0.05,0.245,881,Malicious (TTL Decayed)
756,2026-08-01T05:34:11,Rover-2,Earth Ground Station,Mars Surface Rover>Mars Orbiter>Lunar Relay Satellite 2>Unknown-Relay-X>Lunar Relay Satellite 1>Earth Ground Station,705.15,-92.34,537,268,3600,Relay Tampering,0.939,0.512,0.602,0.557,0.918,0.743,0.72,0.082,0.45,0.602,2168,Suspicious
757,2026-08-01T05:35:11,Rover-2,Earth Ground Station,Mars Surface Rover>Mars Orbiter>Lunar Relay Satellite 2>Unknown-Relay-X>Lunar Relay Satellite 1>Earth Ground Station,704.62,-96.68,554,268,3600,Relay Tampering,0.8,0.514,0.698,0.606,0.877,0.722,0.721,0.123,0.45,0.597,2150,Suspicious
758,2026-08-01T05:36:31,Rover-2,Earth Ground Station,Mars Surface Rover>Mars Orbiter>Lunar Relay Satellite 2>Lunar Relay Satellite 1>Unknown-Relay-X>Earth Ground Station,698.88,-98.56,475,237,3600,Relay Tampering,0.44,0.424,0.484,0.454,0.772,0.53,0.692,0.228,0.65,0.626,2255,Suspicious
759,2026-08-01T05:37:25,Rover-2,Earth Ground Station,Mars Surface Rover>Mars Orbiter>Lunar Relay Satellite 2>Unknown-Relay-X>Lunar Relay Satellite 1>Earth Ground Station,722.05,-91.06,482,265,3600,Relay Tampering,0.973,0.946,0.478,0.712,0.914,0.828,0.713,0.086,0.45,0.621,2237,Suspicious
760,2026-08-01T05:37:58,Rover-2,Earth Ground Station,Mars Surface Rover>Mars Orbiter>Unknown-Relay-X>Lunar Relay Satellite 2>Lunar Relay Satellite 1>Earth Ground Station,716.23,-96.39,513,242,3600,Relay Tampering,0.557,0.854,0.746,0.8,0.974,0.783,0.723,0.026,0.25,0.484,1744,Suspicious
761,2026-08-01T05:38:01,Rover-2,Earth Ground Station,Mars Surface Rover>Mars Orbiter>Lunar Relay Satellite 2>Lunar Relay Satellite 1>Earth Ground Station,706.79,-91.97,689,2843,3600,Bundle Flooding,0.233,0.602,0.583,0.593,0.078,0.374,0.671,0.922,1.0,0.677,2439,Legitimate
762,2026-08-01T05:38:05,Rover-2,Earth Ground Station,Mars Surface Rover>Mars Orbiter>Lunar Relay Satellite 2>Lunar Relay Satellite 1>Earth Ground Station,726.25,-90.94,545,1839,3600,Bundle Flooding,0.273,0.784,0.487,0.635,0.395,0.485,0.643,0.605,1.0,0.709,2553,Legitimate
763,2026-08-01T05:38:08,Rover-2,Earth Ground Station,Mars Surface Rover>Mars Orbiter>Lunar Relay Satellite 2>Lunar Relay Satellite 1>Earth Ground Station,713.83,-96.63,386,1643,3600,Bundle Flooding,0.281,0.789,0.679,0.734,0.249,0.499,0.621,0.751,1.0,0.706,2542,Legitimate
764,2026-08-01T05:38:12,Rover-2,Earth Ground Station,Mars Surface Rover>Mars Orbiter>Lunar Relay Satellite 2>Lunar Relay Satellite 1>Earth Ground Station,717.87,-96.11,456,2404,3600,Bundle Flooding,0.318,0.923,0.755,0.839,0.354,0.588,0.616,0.646,1.0,0.737,2655,Legitimate
765,2026-08-01T05:38:15,Rover-2,Earth Ground Station,Mars Surface Rover>Mars Orbiter>Lunar Relay Satellite 2>Lunar Relay Satellite 1>Earth Ground Station,739.81,-91.85,569,2629,3600,Bundle Flooding,0.327,0.466,0.578,0.522,0.253,0.406,0.585,0.747,1.0,0.656,2362,Legitimate
766,2026-08-01T05:38:18,Rover-2,Earth Ground Station,Mars Surface Rover>Mars Orbiter>Lunar Relay Satellite 2>Lunar Relay Satellite 1>Earth Ground Station,734.69,-91.53,454,2246,3600,Bundle Flooding,0.352,0.582,0.552,0.567,0.296,0.445,0.564,0.704,1.0,0.663,2388,Legitimate
767,2026-08-01T05:38:21,Rover-2,Earth Ground Station,Mars Surface Rover>Mars Orbiter>Lunar Relay Satellite 2>Lunar Relay Satellite 1>Earth Ground Station,719.44,-91.28,645,1967,3600,Bundle Flooding,0.372,0.964,0.538,0.751,0.243,0.529,0.559,0.757,1.0,0.694,2498,Legitimate
768,2026-08-01T05:38:23,Rover-2,Earth Ground Station,Mars Surface Rover>Mars Orbiter>Lunar Relay Satellite 2>Lunar Relay Satellite 1>Earth Ground Station,709.77,-98.67,514,1564,3600,Bundle Flooding,0.385,0.673,0.468,0.57,0.492,0.504,0.55,0.508,1.0,0.681,2451,Legitimate
769,2026-08-01T05:38:24,Rover-2,Earth Ground Station,Mars Surface Rover>Mars Orbiter>Lunar Relay Satellite 2>Lunar Relay Satellite 1>Earth Ground Station,733.51,-95.75,413,1592,3600,Bundle Flooding,0.397,0.586,0.826,0.706,0.295,0.526,0.547,0.705,1.0,0.688,2478,Legitimate
770,2026-08-01T05:38:28,Rover-2,Earth Ground Station,Mars Surface Rover>Mars Orbiter>Lunar Relay Satellite 2>Lunar Relay Satellite 1>Earth Ground Station,726.65,-91.66,658,2441,3600,Bundle Flooding,0.444,0.758,0.57,0.664,0.203,0.494,0.539,0.797,1.0,0.673,2422,Legitimate
771,2026-08-01T05:38:30,Rover-2,Earth Ground Station,Mars Surface Rover>Mars Orbiter>Lunar Relay Satellite 2>Lunar Relay Satellite 1>Earth Ground Station,718.48,-95.1,654,2553,3600,Bundle Flooding,0.443,0.956,0.913,0.935,0.202,0.629,0.552,0.798,1.0,0.729,2624,Legitimate
772,2026-08-01T05:38:32,Rover-2,Earth Ground Station,Mars Surface Rover>Mars Orbiter>Lunar Relay Satellite 2>Lunar Relay Satellite 1>Earth Ground Station,731.11,-91.58,664,2405,3600,Bundle Flooding,0.458,0.644,0.564,0.604,0.179,0.461,0.539,0.821,1.0,0.66,2375,Legitimate
773,2026-08-01T05:38:34,Rover-2,Earth Ground Station,Mars Surface Rover>Mars Orbiter>Lunar Relay Satellite 2>Lunar Relay Satellite 1>Earth Ground Station,730.19,-94.84,332,2285,3600,Bundle Flooding,0.475,0.679,0.945,0.812,0.117,0.554,0.541,0.883,1.0,0.697,2508,Legitimate
774,2026-08-01T05:38:37,Rover-2,Earth Ground Station,Mars Surface Rover>Mars Orbiter>Lunar Relay Satellite 2>Lunar Relay Satellite 1>Earth Ground Station,708.51,-96.6,683,2132,3600,Bundle Flooding,0.5,0.61,0.687,0.648,0.191,0.497,0.534,0.809,1.0,0.672,2419,Legitimate
775,2026-08-01T05:38:38,Rover-2,Earth Ground Station,Mars Surface Rover>Mars Orbiter>Lunar Relay Satellite 2>Lunar Relay Satellite 1>Earth Ground Station,700.12,-96.41,419,2509,3600,Bundle Flooding,0.496,0.444,0.704,0.574,0.228,0.468,0.524,0.772,1.0,0.657,2364,Legitimate
776,2026-08-01T05:38:41,Rover-2,Earth Ground Station,Mars Surface Rover>Mars Orbiter>Lunar Relay Satellite 2>Lunar Relay Satellite 1>Earth Ground Station,723.4,-95.67,675,2438,3600,Bundle Flooding,0.53,0.881,0.812,0.847,0.207,0.608,0.537,0.793,1.0,0.716,2576,Legitimate
777,2026-08-01T05:38:42,Rover-2,Earth Ground Station,Mars Surface Rover>Mars Orbiter>Lunar Relay Satellite 2>Lunar Relay Satellite 1>Earth Ground Station,720.72,-93.83,662,2078,3600,Bundle Flooding,0.524,0.975,0.85,0.912,0.227,0.644,0.553,0.773,1.0,0.735,2646,Legitimate
778,2026-08-01T05:38:46,Rover-2,Earth Ground Station,Mars Surface Rover>Mars Orbiter>Lunar Relay Satellite 2>Lunar Relay Satellite 1>Earth Ground Station,732.64,-98.68,401,2211,3600,Bundle Flooding,0.568,0.611,0.46,0.535,0.183,0.455,0.538,0.817,1.0,0.657,2365,Legitimate
779,2026-08-01T05:38:49,Rover-2,Earth Ground Station,Mars Surface Rover>Mars Orbiter>Lunar Relay Satellite 2>Lunar Relay Satellite 1>Earth Ground Station,707.54,-92.03,401,1717,3600,Bundle Flooding,0.565,0.602,0.58,0.591,0.229,0.494,0.532,0.771,1.0,0.67,2412,Legitimate
780,2026-08-01T05:38:52,Rover-2,Earth Ground Station,Mars Surface Rover>Mars Orbiter>Lunar Relay Satellite 2>Lunar Relay Satellite 1>Earth Ground Station,729.52,-94.82,648,1783,3600,Bundle Flooding,0.578,0.695,0.981,0.838,0.25,0.626,0.546,0.75,1.0,0.726,2612,Legitimate
781,2026-08-01T05:38:53,Rover-2,Earth Ground Station,Mars Surface Rover>Mars Orbiter>Lunar Relay Satellite 2>Lunar Relay Satellite 1>Earth Ground Station,708.93,-91.46,672,2323,3600,Bundle Flooding,0.568,0.633,0.53,0.581,0.177,0.477,0.535,0.823,1.0,0.664,2392,Legitimate
782,2026-08-01T05:38:55,Rover-2,Earth Ground Station,Mars Surface Rover>Mars Orbiter>Lunar Relay Satellite 2>Lunar Relay Satellite 1>Earth Ground Station,700.82,-92.7,538,2456,3600,Bundle Flooding,0.591,0.464,0.685,0.575,0.309,0.512,0.532,0.691,1.0,0.677,2437,Legitimate
783,2026-08-01T05:38:56,Rover-2,Earth Ground Station,Mars Surface Rover>Mars Orbiter>Lunar Relay Satellite 2>Lunar Relay Satellite 1>Earth Ground Station,736.35,-97.17,555,1868,3600,Bundle Flooding,0.592,0.509,0.596,0.553,0.409,0.527,0.531,0.591,1.0,0.682,2457,Legitimate
784,2026-08-01T05:39:00,Rover-2,Earth Ground Station,Mars Surface Rover>Mars Orbiter>Lunar Relay Satellite 2>Lunar Relay Satellite 1>Earth Ground Station,735.87,-91.87,643,2756,3600,Bundle Flooding,0.639,0.532,0.591,0.562,0.157,0.48,0.523,0.843,1.0,0.661,2379,Legitimate
785,2026-08-01T05:39:02,Rover-2,Earth Ground Station,Mars Surface Rover>Mars Orbiter>Lunar Relay Satellite 2>Lunar Relay Satellite 1>Earth Ground Station,725.32,-95.1,551,2952,3600,Bundle Flooding,0.625,0.829,0.88,0.855,0.262,0.649,0.542,0.738,1.0,0.733,2638,Legitimate
786,2026-08-01T05:39:03,Rover-2,Earth Ground Station,Mars Surface Rover>Mars Orbiter>Lunar Relay Satellite 2>Lunar Relay Satellite 1>Earth Ground Station,708.33,-93.91,513,2856,3600,Bundle Flooding,0.624,0.616,0.888,0.752,0.321,0.612,0.553,0.679,1.0,0.723,2603,Legitimate
787,2026-08-01T05:39:07,Rover-2,Earth Ground Station,Mars Surface Rover>Mars Orbiter>Lunar Relay Satellite 2>Lunar Relay Satellite 1>Earth Ground Station,734.11,-96.0,666,2457,3600,Bundle Flooding,0.671,0.562,0.733,0.647,0.184,0.537,0.551,0.816,1.0,0.694,2498,Legitimate
788,2026-08-01T05:39:08,Rover-2,Earth Ground Station,Mars Surface Rover>Mars Orbiter>Lunar Relay Satellite 2>Lunar Relay Satellite 1>Earth Ground Station,702.43,-96.51,691,1537,3600,Bundle Flooding,0.644,0.487,0.671,0.579,0.185,0.497,0.542,0.815,1.0,0.675,2430,Legitimate
789,2026-08-01T05:39:12,Rover-2,Earth Ground Station,Mars Surface Rover>Mars Orbiter>Lunar Relay Satellite 2>Lunar Relay Satellite 1>Earth Ground Station,720.95,-93.77,635,1888,3600,Bundle Flooding,0.695,0.948,0.835,0.892,0.286,0.691,0.565,0.714,1.0,0.756,2723,Legitimate
790,2026-08-01T05:39:16,Rover-2,Earth Ground Station,Mars Surface Rover>Mars Orbiter>Lunar Relay Satellite 2>Lunar Relay Satellite 1>Earth Ground Station,713.54,-97.89,481,2420,3600,Bundle Flooding,0.706,0.788,0.51,0.649,0.35,0.588,0.568,0.65,1.0,0.72,2591,Legitimate
791,2026-08-01T05:39:52,Unregistered-Node-70,Earth Ground Station,Unregistered-Node>Earth Ground Station,719.01,-90.66,548,247,3600,Unauthorized Injection,1.0,1.0,1.0,1.0,0.9,0.975,0.996,0.1,0.0,0.004,14,Malicious (TTL Decayed)
792,2026-08-01T05:40:24,Unregistered-Node-67,Earth Ground Station,Unregistered-Node>Earth Ground Station,698.64,-71.59,461,256,3600,Unauthorized Injection,1.0,1.0,1.0,1.0,0.259,0.815,0.972,0.741,0.0,0.004,13,Malicious (TTL Decayed)
793,2026-08-01T05:41:25,Unregistered-Node-55,Earth Ground Station,Unregistered-Node>Earth Ground Station,707.27,-102.2,502,239,3600,Unauthorized Injection,1.0,1.0,1.0,1.0,0.74,0.935,0.975,0.26,0.0,0.004,14,Malicious (TTL Decayed)
794,2026-08-01T05:42:01,Unregistered-Node-88,Earth Ground Station,Unregistered-Node>Earth Ground Station,709.69,-90.13,518,260,3600,Unauthorized Injection,1.0,1.0,1.0,1.0,0.892,0.973,0.996,0.108,0.0,0.004,14,Malicious (TTL Decayed)
795,2026-08-01T05:42:34,Unregistered-Node-72,Earth Ground Station,Unregistered-Node>Earth Ground Station,716.25,-94.23,510,250,3600,Unauthorized Injection,1.0,1.0,1.0,1.0,0.996,0.999,1.0,0.004,0.0,0.004,14,Malicious (TTL Decayed)
796,2026-08-01T05:43:13,Unregistered-Node-85,Earth Ground Station,Unregistered-Node>Earth Ground Station,723.35,-76.91,501,241,3600,Unauthorized Injection,1.0,1.0,1.0,1.0,0.544,0.886,0.97,0.456,0.0,0.004,14,Malicious (TTL Decayed)
797,2026-08-01T05:43:47,Unregistered-Node-52,Earth Ground Station,Unregistered-Node>Earth Ground Station,717.69,-108.59,477,244,3600,Unauthorized Injection,1.0,1.0,1.0,1.0,0.604,0.901,0.985,0.396,0.0,0.004,14,Malicious (TTL Decayed)
798,2026-08-01T05:44:58,Unregistered-Node-82,Earth Ground Station,Unregistered-Node>Earth Ground Station,722.18,-71.5,533,242,3600,Unauthorized Injection,1.0,1.0,1.0,1.0,0.427,0.857,0.978,0.573,0.0,0.004,14,Malicious (TTL Decayed)
799,2026-08-01T05:45:23,Unregistered-Node-34,Earth Ground Station,Unregistered-Node>Earth Ground Station,733.96,-81.78,522,239,3600,Unauthorized Injection,1.0,1.0,1.0,1.0,0.617,0.904,0.984,0.383,0.0,0.004,14,Malicious (TTL Decayed)
800,2026-08-01T05:45:48,Unregistered-Node-84,Earth Ground Station,Unregistered-Node>Earth Ground Station,724.71,-96.0,556,251,3600,Unauthorized Injection,1.0,1.0,1.0,1.0,0.941,0.985,0.998,0.059,0.0,0.004,14,Malicious (TTL Decayed)
801,2026-08-01T05:46:53,Unregistered-Node-64,Earth Ground Station,Unregistered-Node>Earth Ground Station,740.02,-92.1,540,242,3600,Unauthorized Injection,1.0,1.0,1.0,1.0,0.845,0.961,0.993,0.155,0.0,0.004,14,Malicious (TTL Decayed)
802,2026-08-01T05:47:25,Unregistered-Node-77,Earth Ground Station,Unregistered-Node>Earth Ground Station,735.14,-95.5,513,243,3600,Unauthorized Injection,1.0,1.0,1.0,1.0,0.908,0.977,0.997,0.092,0.0,0.004,14,Malicious (TTL Decayed)
803,2026-08-01T05:48:29,Unregistered-Node-1,Earth Ground Station,Unregistered-Node>Earth Ground Station,708.41,-117.59,464,245,3600,Unauthorized Injection,1.0,1.0,1.0,1.0,0.368,0.842,0.966,0.632,0.0,0.004,13,Malicious (TTL Decayed)
804,2026-08-01T05:48:54,Unregistered-Node-76,Earth Ground Station,Unregistered-Node>Earth Ground Station,741.46,-80.76,496,251,3600,Unauthorized Injection,1.0,1.0,1.0,1.0,0.534,0.884,0.983,0.466,0.0,0.004,14,Malicious (TTL Decayed)
805,2026-08-01T05:49:14,Unregistered-Node-72,Earth Ground Station,Unregistered-Node>Earth Ground Station,730.24,-114.71,470,247,3600,Unauthorized Injection,1.0,1.0,1.0,1.0,0.428,0.857,0.978,0.572,0.0,0.004,14,Malicious (TTL Decayed)
806,2026-08-01T05:49:56,Unregistered-Node-59,Earth Ground Station,Unregistered-Node>Earth Ground Station,713.41,-115.41,483,274,3600,Unauthorized Injection,1.0,1.0,1.0,1.0,0.427,0.857,0.978,0.573,0.0,0.004,14,Malicious (TTL Decayed)
807,2026-08-01T05:50:52,Unregistered-Node-65,Earth Ground Station,Unregistered-Node>Earth Ground Station,698.6,-85.23,512,258,3600,Unauthorized Injection,1.0,1.0,1.0,1.0,0.632,0.908,0.986,0.368,0.0,0.004,14,Malicious (TTL Decayed)
808,2026-08-01T05:52:12,Unregistered-Node-74,Earth Ground Station,Unregistered-Node>Earth Ground Station,703.45,-83.13,487,257,3600,Unauthorized Injection,1.0,1.0,1.0,1.0,0.639,0.91,0.976,0.361,0.0,0.004,14,Malicious (TTL Decayed)
809,2026-08-01T05:53:00,Unregistered-Node-59,Earth Ground Station,Unregistered-Node>Earth Ground Station,740.13,-103.63,539,266,3600,Unauthorized Injection,1.0,1.0,1.0,1.0,0.62,0.905,0.967,0.38,0.0,0.004,14,Malicious (TTL Decayed)
810,2026-08-01T05:54:17,Unregistered-Node-82,Earth Ground Station,Unregistered-Node>Earth Ground Station,723.75,-108.71,472,238,3600,Unauthorized Injection,1.0,1.0,1.0,1.0,0.556,0.889,0.965,0.444,0.0,0.004,14,Malicious (TTL Decayed)
811,2026-08-01T05:54:51,Unregistered-Node-67,Earth Ground Station,Unregistered-Node>Earth Ground Station,727.64,-96.69,493,274,3600,Unauthorized Injection,1.0,1.0,1.0,1.0,0.915,0.979,0.973,0.085,0.0,0.004,14,Malicious (TTL Decayed)
812,2026-08-01T05:55:55,Unregistered-Node-44,Earth Ground Station,Unregistered-Node>Earth Ground Station,734.35,-74.86,470,263,3600,Unauthorized Injection,1.0,1.0,1.0,1.0,0.416,0.854,0.978,0.584,0.0,0.004,14,Malicious (TTL Decayed)
813,2026-08-01T05:57:14,Unregistered-Node-24,Earth Ground Station,Unregistered-Node>Earth Ground Station,706.11,-116.24,483,259,3600,Unauthorized Injection,1.0,1.0,1.0,1.0,0.403,0.851,0.978,0.597,0.0,0.004,14,Malicious (TTL Decayed)
814,2026-08-01T05:58:17,Unregistered-Node-31,Earth Ground Station,Unregistered-Node>Earth Ground Station,738.59,-112.71,536,245,3600,Unauthorized Injection,1.0,1.0,1.0,1.0,0.454,0.864,0.98,0.546,0.0,0.004,14,Malicious (TTL Decayed)
815,2026-08-01T05:58:50,Unregistered-Node-14,Earth Ground Station,Unregistered-Node>Earth Ground Station,708.3,-76.94,546,250,3600,Unauthorized Injection,1.0,1.0,1.0,1.0,0.504,0.876,0.981,0.496,0.0,0.004,14,Malicious (TTL Decayed)
816,2026-08-01T05:59:15,Unregistered-Node-70,Earth Ground Station,Unregistered-Node>Earth Ground Station,727.6,-116.75,523,266,3600,Unauthorized Injection,1.0,1.0,1.0,1.0,0.431,0.858,0.975,0.569,0.0,0.004,14,Malicious (TTL Decayed)
817,2026-08-01T06:00:29,Unregistered-Node-74,Earth Ground Station,Unregistered-Node>Earth Ground Station,719.24,-112.52,511,275,3600,Unauthorized Injection,1.0,1.0,1.0,1.0,0.51,0.878,0.962,0.49,0.0,0.004,14,Malicious (TTL Decayed)
818,2026-08-01T06:01:20,Unregistered-Node-97,Earth Ground Station,Unregistered-Node>Earth Ground Station,706.3,-98.64,513,251,3600,Unauthorized Injection,1.0,1.0,1.0,1.0,0.93,0.982,0.975,0.07,0.0,0.004,14,Malicious (TTL Decayed)
819,2026-08-01T06:01:43,Unregistered-Node-45,Earth Ground Station,Unregistered-Node>Earth Ground Station,721.11,-89.95,557,236,3600,Unauthorized Injection,1.0,1.0,1.0,1.0,0.794,0.948,0.98,0.206,0.0,0.004,14,Malicious (TTL Decayed)
820,2026-08-01T06:02:46,Unregistered-Node-41,Earth Ground Station,Unregistered-Node>Earth Ground Station,731.92,-103.99,473,256,3600,Unauthorized Injection,1.0,1.0,1.0,1.0,0.642,0.91,0.959,0.358,0.0,0.004,14,Malicious (TTL Decayed)
821,2026-08-01T00:00:30,Rover-3,Earth Ground Station,Mars Surface Rover>Mars Orbiter>Lunar Relay Satellite 2>Lunar Relay Satellite 1>Earth Ground Station,727.52,-93.85,471,250,3600,Normal,1.0,1.0,1.0,1.0,0.921,0.98,0.997,0.079,1.0,0.993,3575,Legitimate
822,2026-08-01T00:01:55,Rover-3,Earth Ground Station,Mars Surface Rover>Mars Orbiter>Lunar Relay Satellite 2>Lunar Relay Satellite 1>Earth Ground Station,709.62,-95.46,485,254,3600,Normal,1.0,1.0,1.0,1.0,0.942,0.986,0.995,0.058,1.0,0.994,3579,Legitimate
823,2026-08-01T00:03:04,Rover-3,Earth Ground Station,Mars Surface Rover>Mars Orbiter>Lunar Relay Satellite 2>Lunar Relay Satellite 1>Earth Ground Station,713.22,-92.0,504,252,3600,Normal,1.0,1.0,1.0,1.0,0.965,0.991,0.995,0.035,1.0,0.996,3585,Legitimate
824,2026-08-01T00:04:22,Rover-3,Earth Ground Station,Mars Surface Rover>Mars Orbiter>Lunar Relay Satellite 2>Lunar Relay Satellite 1>Earth Ground Station,714.48,-98.37,489,242,3600,Normal,1.0,0.861,0.197,0.529,0.931,0.747,0.958,0.069,1.0,0.909,3271,Legitimate
825,2026-08-01T00:05:00,Rover-3,Earth Ground Station,Mars Surface Rover>Mars Orbiter>Lunar Relay Satellite 2>Lunar Relay Satellite 1>Earth Ground Station,740.7,-96.77,544,265,3600,Normal,0.05,0.164,0.673,0.419,0.86,0.437,0.879,0.14,1.0,0.778,2801,Legitimate
826,2026-08-01T00:06:21,Rover-3,Earth Ground Station,Mars Surface Rover>Mars Orbiter>Lunar Relay Satellite 2>Lunar Relay Satellite 1>Earth Ground Station,708.59,-94.36,499,241,3600,Normal,0.687,0.581,0.811,0.696,0.948,0.757,0.861,0.052,1.0,0.881,3170,Legitimate
827,2026-08-01T00:07:38,Rover-3,Earth Ground Station,Mars Surface Rover>Mars Orbiter>Lunar Relay Satellite 2>Lunar Relay Satellite 1>Earth Ground Station,704.86,-97.9,478,255,3600,Normal,0.818,0.54,0.51,0.525,0.899,0.692,0.836,0.101,1.0,0.851,3063,Legitimate
828,2026-08-01T00:09:05,Rover-3,Earth Ground Station,Mars Surface Rover>Mars Orbiter>Lunar Relay Satellite 2>Lunar Relay Satellite 1>Earth Ground Station,735.09,-95.16,534,267,3600,Normal,0.607,0.463,0.917,0.69,0.926,0.728,0.82,0.074,1.0,0.858,3087,Legitimate
829,2026-08-01T00:09:54,Rover-3,Earth Ground Station,Mars Surface Rover>Mars Orbiter>Lunar Relay Satellite 2>Lunar Relay Satellite 1>Earth Ground Station,709.24,-98.41,465,239,3600,Normal,0.453,0.67,0.481,0.576,0.845,0.612,0.788,0.155,1.0,0.807,2906,Legitimate
830,2026-08-01T00:10:34,Rover-3,Earth Ground Station,Mars Surface Rover>Mars Orbiter>Lunar Relay Satellite 2>Lunar Relay Satellite 1>Earth Ground Station,700.99,-97.98,509,261,3600,Normal,0.4,0.495,0.596,0.546,0.894,0.596,0.76,0.106,1.0,0.792,2851,Legitimate
831,2026-08-01T00:11:32,Rover-3,Earth Ground Station,Mars Surface Rover>Mars Orbiter>Lunar Relay Satellite 2>Lunar Relay Satellite 1>Earth Ground Station,730.57,-92.72,497,258,3600,Normal,0.78,0.572,0.454,0.513,0.946,0.688,0.749,0.054,1.0,0.82,2952,Legitimate
832,2026-08-01T00:12:53,Rover-3,Earth Ground Station,Mars Surface Rover>Mars Orbiter>Lunar Relay Satellite 2>Lunar Relay Satellite 1>Earth Ground Station,709.53,-90.44,473,271,3600,Normal,0.657,0.725,0.303,0.514,0.82,0.626,0.731,0.18,1.0,0.792,2853,Legitimate
833,2026-08-01T00:14:01,Rover-3,Earth Ground Station,Mars Surface Rover>Mars Orbiter>Lunar Relay Satellite 2>Lunar Relay Satellite 1>Earth Ground Station,706.99,-95.72,527,242,3600,Normal,0.987,0.667,0.919,0.793,0.934,0.877,0.752,0.066,1.0,0.884,3183,Legitimate
834,2026-08-01T00:15:20,Rover-3,Earth Ground Station,Mars Surface Rover>Mars Orbiter>Lunar Relay Satellite 2>Lunar Relay Satellite 1>Earth Ground Station,710.7,-93.34,513,267,3600,Normal,0.709,0.797,0.67,0.733,0.967,0.786,0.757,0.033,1.0,0.856,3081,Legitimate
835,2026-08-01T00:16:18,Rover-3,Earth Ground Station,Mars Surface Rover>Mars Orbiter>Lunar Relay Satellite 2>Lunar Relay Satellite 1>Earth Ground Station,736.83,-93.87,490,261,3600,Normal,0.725,0.413,0.765,0.589,0.915,0.704,0.749,0.085,1.0,0.826,2972,Legitimate
836,2026-08-01T00:16:57,Rover-3,Earth Ground Station,Mars Surface Rover>Mars Orbiter>Lunar Relay Satellite 2>Lunar Relay Satellite 1>Earth Ground Station,735.91,-96.34,555,252,3600,Normal,0.405,0.477,0.769,0.623,0.909,0.64,0.733,0.091,1.0,0.798,2873,Legitimate
837,2026-08-01T00:18:06,Rover-3,Earth Ground Station,Mars Surface Rover>Mars Orbiter>Lunar Relay Satellite 2>Lunar Relay Satellite 1>Earth Ground Station,723.09,-98.31,468,242,3600,Normal,0.91,0.836,0.508,0.672,0.88,0.783,0.741,0.12,1.0,0.85,3058,Legitimate
838,2026-08-01T00:18:50,Rover-3,Earth Ground Station,Mars Surface Rover>Mars Orbiter>Lunar Relay Satellite 2>Lunar Relay Satellite 1>Earth Ground Station,711.94,-96.45,533,260,3600,Normal,0.512,0.766,0.793,0.78,0.956,0.757,0.743,0.044,1.0,0.841,3029,Legitimate
839,2026-08-01T00:19:45,Rover-3,Earth Ground Station,Mars Surface Rover>Mars Orbiter>Lunar Relay Satellite 2>Lunar Relay Satellite 1>Earth Ground Station,710.12,-94.48,549,250,3600,Normal,0.748,0.718,0.818,0.768,0.933,0.804,0.752,0.067,1.0,0.86,3097,Legitimate
840,2026-08-01T00:20:52,Rover-3,Earth Ground Station,Mars Surface Rover>Mars Orbiter>Lunar Relay Satellite 2>Lunar Relay Satellite 1>Earth Ground Station,720.9,-94.53,477,270,3600,Normal,0.917,0.884,0.832,0.858,0.943,0.894,0.773,0.057,1.0,0.896,3227,Legitimate
841,2026-08-01T00:21:30,Rover-3,Earth Ground Station,Mars Surface Rover>Mars Orbiter>Lunar Relay Satellite 2>Lunar Relay Satellite 1>Earth Ground Station,729.84,-96.54,557,264,3600,Normal,0.439,0.61,0.76,0.685,0.904,0.678,0.759,0.096,1.0,0.82,2952,Legitimate
842,2026-08-01T00:22:05,Rover-3,Earth Ground Station,Mars Surface Rover>Mars Orbiter>Lunar Relay Satellite 2>Lunar Relay Satellite 1>Earth Ground Station,707.5,-94.02,470,273,3600,Normal,0.431,0.627,0.732,0.679,0.872,0.665,0.745,0.128,1.0,0.811,2919,Legitimate
843,2026-08-01T00:23:05,Rover-3,Earth Ground Station,Mars Surface Rover>Mars Orbiter>Lunar Relay Satellite 2>Lunar Relay Satellite 1>Earth Ground Station,722.09,-90.5,501,266,3600,Normal,0.953,0.845,0.325,0.585,0.917,0.76,0.747,0.083,1.0,0.844,3038,Legitimate
844,2026-08-01T00:23:40,Rover-3,Earth Ground Station,Mars Surface Rover>Mars Orbiter>Lunar Relay Satellite 2>Lunar Relay Satellite 1>Earth Ground Station,702.89,-96.12,469,273,3600,Normal,0.455,0.516,0.804,0.66,0.827,0.651,0.733,0.173,1.0,0.802,2886,Legitimate
845,2026-08-01T00:24:34,Rover-3,Earth Ground Station,Mars Surface Rover>Mars Orbiter>Lunar Relay Satellite 2>Lunar Relay Satellite 1>Earth Ground Station,711.76,-92.6,489,261,3600,Normal,0.831,0.779,0.571,0.675,0.948,0.782,0.74,0.052,1.0,0.849,3056,Legitimate
846,2026-08-01T00:25:12,Rover-3,Earth Ground Station,Mars Surface Rover>Mars Orbiter>Lunar Relay Satellite 2>Lunar Relay Satellite 1>Earth Ground Station,721.16,-91.87,464,250,3600,Normal,0.522,0.85,0.499,0.675,0.872,0.686,0.732,0.128,1.0,0.814,2929,Legitimate
847,2026-08-01T00:26:40,Rover-3,Earth Ground Station,Mars Surface Rover>Mars Orbiter>Lunar Relay Satellite 2>Lunar Relay Satellite 1>Earth Ground Station,712.45,-94.77,560,257,3600,Normal,0.436,0.8,0.967,0.883,0.899,0.775,0.739,0.101,1.0,0.846,3046,Legitimate
848,2026-08-01T00:27:27,Rover-3,Earth Ground Station,Mars Surface Rover>Mars Orbiter>Lunar Relay Satellite 2>Lunar Relay Satellite 1>Earth Ground Station,722.1,-91.53,557,257,3600,Normal,0.687,0.81,0.476,0.643,0.911,0.721,0.736,0.089,1.0,0.827,2977,Legitimate
849,2026-08-01T00:28:34,Rover-3,Earth Ground Station,Mars Surface Rover>Mars Orbiter>Lunar Relay Satellite 2>Lunar Relay Satellite 1>Earth Ground Station,724.22,-96.24,525,258,3600,Normal,0.818,0.739,0.734,0.736,0.983,0.818,0.748,0.017,1.0,0.863,3109,Legitimate
850,2026-08-01T00:29:37,Rover-3,Earth Ground Station,Mars Surface Rover>Mars Orbiter>Lunar Relay Satellite 2>Lunar Relay Satellite 1>Earth Ground Station,726.04,-95.32,553,255,3600,Normal,0.921,0.685,0.903,0.794,0.939,0.862,0.765,0.061,1.0,0.884,3181,Legitimate
851,2026-08-01T00:30:21,Rover-3,Earth Ground Station,Mars Surface Rover>Mars Orbiter>Lunar Relay Satellite 2>Lunar Relay Satellite 1>Earth Ground Station,733.16,-94.45,498,246,3600,Normal,0.622,0.498,0.912,0.705,0.93,0.741,0.762,0.07,1.0,0.842,3033,Legitimate
852,2026-08-01T00:31:10,Rover-3,Earth Ground Station,Mars Surface Rover>Mars Orbiter>Lunar Relay Satellite 2>Lunar Relay Satellite 1>Earth Ground Station,698.86,-95.22,538,241,3600,Normal,0.731,0.41,0.921,0.665,0.837,0.725,0.756,0.163,1.0,0.835,3006,Legitimate
853,2026-08-01T00:31:58,Rover-3,Earth Ground Station,Mars Surface Rover>Mars Orbiter>Lunar Relay Satellite 2>Lunar Relay Satellite 1>Earth Ground Station,718.67,-90.33,555,274,3600,Normal,0.715,0.967,0.356,0.661,0.798,0.709,0.749,0.202,1.0,0.827,2978,Legitimate
854,2026-08-01T00:32:58,Rover-3,Earth Ground Station,Mars Surface Rover>Mars Orbiter>Lunar Relay Satellite 2>Lunar Relay Satellite 1>Earth Ground Station,711.34,-97.53,542,259,3600,Normal,0.971,0.745,0.543,0.644,0.934,0.798,0.756,0.066,1.0,0.86,3094,Legitimate
855,2026-08-01T00:34:18,Rover-3,Earth Ground Station,Mars Surface Rover>Mars Orbiter>Lunar Relay Satellite 2>Lunar Relay Satellite 1>Earth Ground Station,698.71,-93.8,502,258,3600,Normal,0.53,0.424,0.804,0.614,0.869,0.657,0.741,0.131,1.0,0.807,2904,Legitimate
856,2026-08-01T00:35:13,Rover-3,Earth Ground Station,Mars Surface Rover>Mars Orbiter>Lunar Relay Satellite 2>Lunar Relay Satellite 1>Earth Ground Station,709.2,-97.04,526,269,3600,Normal,0.87,0.704,0.61,0.657,0.928,0.778,0.747,0.072,1.0,0.85,3059,Legitimate
857,2026-08-01T00:35:57,Rover-3,Earth Ground Station,Mars Surface Rover>Mars Orbiter>Lunar Relay Satellite 2>Lunar Relay Satellite 1>Earth Ground Station,709.76,-94.26,485,266,3600,Normal,0.623,0.727,0.88,0.803,0.942,0.793,0.754,0.058,1.0,0.857,3086,Legitimate
858,2026-08-01T00:37:25,Rover-3,Earth Ground Station,Mars Surface Rover>Mars Orbiter>Lunar Relay Satellite 2>Lunar Relay Satellite 1>Earth Ground Station,724.89,-96.84,488,262,3600,Normal,0.414,0.696,0.64,0.668,0.971,0.68,0.743,0.029,1.0,0.815,2935,Legitimate
859,2026-08-01T00:38:29,Rover-3,Earth Ground Station,Mars Surface Rover>Mars Orbiter>Lunar Relay Satellite 2>Lunar Relay Satellite 1>Earth Ground Station,733.34,-94.17,548,242,3600,Normal,0.884,0.48,0.854,0.667,0.904,0.781,0.748,0.096,1.0,0.851,3064,Legitimate
860,2026-08-01T00:39:17,Rover-3,Earth Ground Station,Mars Surface Rover>Mars Orbiter>Lunar Relay Satellite 2>Lunar Relay Satellite 1>Earth Ground Station,703.17,-94.58,507,264,3600,Normal,0.697,0.532,0.939,0.735,0.94,0.777,0.753,0.06,1.0,0.852,3065,Legitimate
861,2026-08-01T00:40:18,Rover-3,Earth Ground Station,Mars Surface Rover>Mars Orbiter>Lunar Relay Satellite 2>Lunar Relay Satellite 1>Earth Ground Station,706.51,-90.43,465,257,3600,Normal,0.96,0.629,0.365,0.497,0.799,0.688,0.743,0.201,1.0,0.818,2945,Legitimate
862,2026-08-01T00:40:59,Rover-3,Earth Ground Station,Mars Surface Rover>Mars Orbiter>Lunar Relay Satellite 2>Lunar Relay Satellite 1>Earth Ground Station,740.4,-92.93,473,253,3600,Normal,0.563,0.353,0.67,0.512,0.836,0.606,0.722,0.164,1.0,0.782,2816,Legitimate
863,2026-08-01T00:41:29,Rover-3,Earth Ground Station,Mars Surface Rover>Mars Orbiter>Lunar Relay Satellite 2>Lunar Relay Satellite 1>Earth Ground Station,708.46,-91.68,511,249,3600,Normal,0.409,0.685,0.513,0.599,0.95,0.639,0.71,0.05,1.0,0.79,2842,Legitimate
864,2026-08-01T00:42:18,Rover-3,Earth Ground Station,Mars Surface Rover>Mars Orbiter>Lunar Relay Satellite 2>Lunar Relay Satellite 1>Earth Ground Station,732.34,-94.98,498,264,3600,Normal,0.752,0.523,0.927,0.725,0.945,0.787,0.721,0.055,1.0,0.844,3039,Legitimate
865,2026-08-01T00:42:50,Rover-3,Earth Ground Station,Mars Surface Rover>Mars Orbiter>Lunar Relay Satellite 2>Lunar Relay Satellite 1>Earth Ground Station,712.67,-98.26,558,237,3600,Normal,0.453,0.815,0.448,0.632,0.835,0.638,0.709,0.165,1.0,0.789,2840,Legitimate
866,2026-08-01T00:44:09,Rover-3,Earth Ground Station,Mars Surface Rover>Mars Orbiter>Lunar Relay Satellite 2>Lunar Relay Satellite 1>Earth Ground Station,715.35,-95.41,479,272,3600,Normal,0.533,0.917,0.861,0.889,0.914,0.806,0.723,0.086,1.0,0.851,3064,Legitimate
867,2026-08-01T00:44:55,Rover-3,Earth Ground Station,Mars Surface Rover>Mars Orbiter>Lunar Relay Satellite 2>Lunar Relay Satellite 1>Earth Ground Station,733.71,-98.12,473,266,3600,Normal,0.699,0.493,0.475,0.484,0.886,0.638,0.711,0.114,1.0,0.79,2842,Legitimate
868,2026-08-01T00:45:40,Rover-3,Earth Ground Station,Mars Surface Rover>Mars Orbiter>Lunar Relay Satellite 2>Lunar Relay Satellite 1>Earth Ground Station,715.02,-99.51,486,276,3600,Normal,0.682,0.892,0.36,0.626,0.835,0.692,0.708,0.165,1.0,0.807,2906,Legitimate
869,2026-08-01T00:46:22,Rover-3,Earth Ground Station,Mars Surface Rover>Mars Orbiter>Lunar Relay Satellite 2>Lunar Relay Satellite 1>Earth Ground Station,718.31,-97.57,514,275,3600,Normal,0.628,0.971,0.57,0.771,0.919,0.772,0.718,0.081,1.0,0.838,3017,Legitimate
870,2026-08-01T00:47:22,Rover-3,Earth Ground Station,Mars Surface Rover>Mars Orbiter>Lunar Relay Satellite 2>Lunar Relay Satellite 1>Earth Ground Station,715.21,-99.38,556,242,3600,Normal,0.924,0.899,0.395,0.647,0.853,0.768,0.725,0.147,1.0,0.839,3021,Legitimate
871,2026-08-01T00:48:38,Rover-3,Earth Ground Station,Mars Surface Rover>Mars Orbiter>Lunar Relay Satellite 2>Lunar Relay Satellite 1>Earth Ground Station,700.22,-99.16,514,245,3600,Normal,0.572,0.464,0.43,0.447,0.857,0.581,0.703,0.143,1.0,0.767,2759,Legitimate
872,2026-08-01T00:49:48,Rover-3,Earth Ground Station,Mars Surface Rover>Mars Orbiter>Lunar Relay Satellite 2>Lunar Relay Satellite 1>Earth Ground Station,711.31,-93.67,466,262,3600,Normal,0.693,0.779,0.742,0.761,0.889,0.776,0.714,0.111,1.0,0.838,3017,Legitimate
873,2026-08-01T00:50:25,Rover-3,Earth Ground Station,Mars Surface Rover>Mars Orbiter>Lunar Relay Satellite 2>Lunar Relay Satellite 1>Earth Ground Station,708.59,-94.37,462,268,3600,Normal,0.534,0.691,0.861,0.776,0.844,0.732,0.717,0.156,1.0,0.824,2967,Legitimate
874,2026-08-01T00:51:32,Rover-3,Earth Ground Station,Mars Surface Rover>Mars Orbiter>Lunar Relay Satellite 2>Lunar Relay Satellite 1>Earth Ground Station,703.57,-97.75,461,237,3600,Normal,0.734,0.559,0.592,0.575,0.766,0.663,0.709,0.234,1.0,0.798,2871,Legitimate
875,2026-08-01T00:52:52,Rover-3,Earth Ground Station,Mars Surface Rover>Mars Orbiter>Lunar Relay Satellite 2>Lunar Relay Satellite 1>Earth Ground Station,728.24,-96.79,476,267,3600,Normal,0.487,0.612,0.716,0.664,0.925,0.685,0.705,0.075,1.0,0.804,2894,Legitimate
876,2026-08-01T00:53:37,Rover-3,Earth Ground Station,Mars Surface Rover>Mars Orbiter>Lunar Relay Satellite 2>Lunar Relay Satellite 1>Earth Ground Station,705.21,-91.12,524,273,3600,Normal,0.684,0.606,0.439,0.522,0.858,0.647,0.696,0.142,1.0,0.787,2835,Legitimate
877,2026-08-01T00:54:55,Rover-3,Earth Ground Station,Mars Surface Rover>Mars Orbiter>Lunar Relay Satellite 2>Lunar Relay Satellite 1>Earth Ground Station,725.41,-90.82,526,264,3600,Normal,0.517,0.674,0.428,0.551,0.934,0.638,0.688,0.066,1.0,0.781,2813,Legitimate
878,2026-08-01T00:56:15,Rover-3,Earth Ground Station,Mars Surface Rover>Mars Orbiter>Lunar Relay Satellite 2>Lunar Relay Satellite 1>Earth Ground Station,703.04,-94.88,493,258,3600,Normal,0.486,0.542,0.987,0.764,0.923,0.735,0.695,0.077,1.0,0.818,2944,Legitimate
879,2026-08-01T00:57:26,Rover-3,Earth Ground Station,Mars Surface Rover>Mars Orbiter>Lunar Relay Satellite 2>Lunar Relay Satellite 1>Earth Ground Station,731.09,-97.9,505,243,3600,Normal,0.636,0.513,0.56,0.537,0.924,0.658,0.689,0.076,1.0,0.789,2840,Legitimate
880,2026-08-01T00:58:40,Rover-3,Earth Ground Station,Mars Surface Rover>Mars Orbiter>Lunar Relay Satellite 2>Lunar Relay Satellite 1>Earth Ground Station,714.72,-97.13,486,237,3600,Normal,0.588,0.917,0.648,0.783,0.917,0.768,0.701,0.083,1.0,0.831,2992,Legitimate
881,2026-08-01T00:59:55,Rover-3,Earth Ground Station,Mars Surface Rover>Mars Orbiter>Lunar Relay Satellite 2>Lunar Relay Satellite 1>Earth Ground Station,717.3,-93.05,532,243,3600,Normal,0.582,0.984,0.69,0.837,0.96,0.804,0.717,0.04,1.0,0.849,3055,Legitimate
882,2026-08-01T01:00:36,Rover-3,Earth Ground Station,Mars Surface Rover>Mars Orbiter>Lunar Relay Satellite 2>Lunar Relay Satellite 1>Earth Ground Station,721.88,-93.32,508,271,3600,Normal,0.59,0.788,0.727,0.757,0.971,0.769,0.724,0.029,1.0,0.839,3021,Legitimate
883,2026-08-01T01:01:44,Rover-3,Earth Ground Station,Mars Surface Rover>Mars Orbiter>Lunar Relay Satellite 2>Lunar Relay Satellite 1>Earth Ground Station,737.91,-95.52,467,241,3600,Normal,0.715,0.381,0.895,0.638,0.799,0.698,0.72,0.201,1.0,0.814,2929,Legitimate
884,2026-08-01T01:02:32,Rover-3,Earth Ground Station,Mars Surface Rover>Mars Orbiter>Lunar Relay Satellite 2>Lunar Relay Satellite 1>Earth Ground Station,733.8,-95.4,507,267,3600,Normal,0.749,0.483,0.917,0.7,0.947,0.774,0.728,0.053,1.0,0.842,3032,Legitimate
885,2026-08-01T01:03:34,Rover-3,Earth Ground Station,Mars Surface Rover>Mars Orbiter>Lunar Relay Satellite 2>Lunar Relay Satellite 1>Earth Ground Station,714.77,-92.01,462,270,3600,Normal,0.843,0.867,0.539,0.703,0.814,0.766,0.734,0.186,1.0,0.841,3029,Legitimate
886,2026-08-01T01:04:53,Rover-3,Earth Ground Station,Mars Surface Rover>Mars Orbiter>Lunar Relay Satellite 2>Lunar Relay Satellite 1>Earth Ground Station,725.19,-93.3,467,275,3600,Normal,0.493,0.708,0.711,0.709,0.843,0.689,0.727,0.157,1.0,0.813,2926,Legitimate
887,2026-08-01T01:06:15,Rover-3,Earth Ground Station,Mars Surface Rover>Mars Orbiter>Lunar Relay Satellite 2>Lunar Relay Satellite 1>Earth Ground Station,715.14,-95.23,511,258,3600,Normal,0.462,0.903,0.939,0.921,0.99,0.823,0.742,0.01,1.0,0.863,3107,Legitimate
888,2026-08-01T01:07:24,Rover-3,Earth Ground Station,Mars Surface Rover>Mars Orbiter>Lunar Relay Satellite 2>Lunar Relay Satellite 1>Earth Ground Station,710.63,-94.14,493,239,3600,Normal,0.706,0.737,0.862,0.8,0.931,0.809,0.752,0.069,1.0,0.862,3103,Legitimate
889,2026-08-01T01:08:36,Rover-3,Earth Ground Station,Mars Surface Rover>Mars Orbiter>Lunar Relay Satellite 2>Lunar Relay Satellite 1>Earth Ground Station,701.28,-98.18,474,271,3600,Normal,0.653,0.478,0.497,0.488,0.85,0.619,0.732,0.15,1.0,0.79,2845,Legitimate
890,2026-08-01T01:09:18,Rover-3,Earth Ground Station,Mars Surface Rover>Mars Orbiter>Lunar Relay Satellite 2>Lunar Relay Satellite 1>Earth Ground Station,703.02,-92.07,464,261,3600,Normal,0.599,0.528,0.563,0.546,0.817,0.627,0.716,0.183,1.0,0.787,2835,Legitimate
891,2026-08-01T01:10:12,Rover-3,Earth Ground Station,Mars Surface Rover>Mars Orbiter>Lunar Relay Satellite 2>Lunar Relay Satellite 1>Earth Ground Station,726.82,-95.25,532,246,3600,Normal,0.881,0.632,0.92,0.776,0.961,0.849,0.736,0.039,1.0,0.87,3131,Legitimate
892,2026-08-01T01:11:05,Rover-3,Earth Ground Station,Mars Surface Rover>Mars Orbiter>Lunar Relay Satellite 2>Lunar Relay Satellite 1>Earth Ground Station,707.94,-97.07,462,273,3600,Normal,0.844,0.677,0.633,0.655,0.815,0.742,0.737,0.185,1.0,0.834,3004,Legitimate
893,2026-08-01T01:12:16,Rover-3,Earth Ground Station,Mars Surface Rover>Mars Orbiter>Lunar Relay Satellite 2>Lunar Relay Satellite 1>Earth Ground Station,719.63,-98.7,468,268,3600,Normal,0.679,0.871,0.464,0.667,0.898,0.728,0.736,0.102,1.0,0.829,2985,Legitimate
894,2026-08-01T01:12:49,Rover-3,Earth Ground Station,Mars Surface Rover>Mars Orbiter>Lunar Relay Satellite 2>Lunar Relay Satellite 1>Earth Ground Station,713.99,-97.31,551,269,3600,Normal,0.44,0.891,0.631,0.761,0.908,0.717,0.733,0.092,1.0,0.825,2968,Legitimate
895,2026-08-01T01:14:09,Rover-3,Earth Ground Station,Mars Surface Rover>Mars Orbiter>Lunar Relay Satellite 2>Lunar Relay Satellite 1>Earth Ground Station,729.0,-98.07,488,237,3600,Normal,0.516,0.569,0.545,0.557,0.898,0.632,0.718,0.102,1.0,0.79,2844,Legitimate
896,2026-08-01T01:14:43,Rover-3,Earth Ground Station,Mars Surface Rover>Mars Orbiter>Lunar Relay Satellite 2>Lunar Relay Satellite 1>Earth Ground Station,734.45,-90.99,482,256,3600,Normal,0.454,0.453,0.433,0.443,0.877,0.554,0.693,0.123,1.0,0.753,2711,Legitimate
897,2026-08-01T01:15:19,Rover-3,Earth Ground Station,Mars Surface Rover>Mars Orbiter>Lunar Relay Satellite 2>Lunar Relay Satellite 1>Earth Ground Station,729.73,-95.3,480,257,3600,Normal,0.487,0.576,0.971,0.773,0.937,0.743,0.701,0.063,1.0,0.822,2961,Legitimate
898,2026-08-01T01:16:04,Rover-3,Earth Ground Station,Mars Surface Rover>Mars Orbiter>Lunar Relay Satellite 2>Lunar Relay Satellite 1>Earth Ground Station,723.03,-99.25,517,258,3600,Normal,0.659,0.791,0.444,0.617,0.954,0.712,0.702,0.046,1.0,0.812,2924,Legitimate
899,2026-08-01T01:17:21,Rover-3,Earth Ground Station,Mars Surface Rover>Mars Orbiter>Lunar Relay Satellite 2>Lunar Relay Satellite 1>Earth Ground Station,702.96,-96.32,497,254,3600,Normal,0.56,0.521,0.82,0.671,0.931,0.708,0.703,0.069,1.0,0.811,2920,Legitimate
900,2026-08-01T01:18:33,Rover-3,Earth Ground Station,Mars Surface Rover>Mars Orbiter>Lunar Relay Satellite 2>Lunar Relay Satellite 1>Earth Ground Station,716.85,-91.24,541,258,3600,Normal,0.661,0.981,0.447,0.714,0.95,0.76,0.712,0.05,1.0,0.832,2995,Legitimate
901,2026-08-01T01:19:35,Rover-3,Earth Ground Station,Mars Surface Rover>Mars Orbiter>Lunar Relay Satellite 2>Lunar Relay Satellite 1>Earth Ground Station,712.98,-91.75,563,253,3600,Normal,0.905,0.834,0.511,0.672,0.863,0.778,0.722,0.137,1.0,0.841,3029,Legitimate
902,2026-08-01T01:20:27,Rover-3,Earth Ground Station,Mars Surface Rover>Mars Orbiter>Lunar Relay Satellite 2>Lunar Relay Satellite 1>Earth Ground Station,737.39,-95.48,562,270,3600,Normal,0.804,0.397,0.945,0.671,0.827,0.743,0.725,0.173,1.0,0.831,2990,Legitimate
903,2026-08-01T01:21:23,Rover-3,Earth Ground Station,Mars Surface Rover>Mars Orbiter>Lunar Relay Satellite 2>Lunar Relay Satellite 1>Earth Ground Station,731.41,-94.34,535,260,3600,Normal,0.908,0.539,0.852,0.695,0.953,0.813,0.738,0.047,1.0,0.859,3091,Legitimate
904,2026-08-01T01:22:29,Rover-3,Earth Ground Station,Mars Surface Rover>Mars Orbiter>Lunar Relay Satellite 2>Lunar Relay Satellite 1>Earth Ground Station,721.97,-93.81,517,266,3600,Normal,0.812,0.831,0.751,0.791,0.989,0.846,0.754,0.011,1.0,0.875,3149,Legitimate
905,2026-08-01T01:23:22,Rover-3,Earth Ground Station,Mars Surface Rover>Mars Orbiter>Lunar Relay Satellite 2>Lunar Relay Satellite 1>Earth Ground Station,739.94,-94.5,501,265,3600,Normal,0.82,0.381,0.872,0.627,0.877,0.738,0.752,0.123,1.0,0.838,3017,Legitimate
906,2026-08-01T01:24:10,Rover-3,Earth Ground Station,Mars Surface Rover>Mars Orbiter>Lunar Relay Satellite 2>Lunar Relay Satellite 1>Earth Ground Station,724.14,-95.17,562,247,3600,Normal,0.71,0.792,0.993,0.892,0.882,0.844,0.766,0.118,1.0,0.878,3161,Legitimate
907,2026-08-01T01:24:59,Rover-3,Earth Ground Station,Mars Surface Rover>Mars Orbiter>Lunar Relay Satellite 2>Lunar Relay Satellite 1>Earth Ground Station,740.93,-92.29,493,267,3600,Normal,0.737,0.384,0.564,0.474,0.841,0.631,0.745,0.159,1.0,0.799,2876,Legitimate
908,2026-08-01T01:26:29,Rover-3,Earth Ground Station,Mars Surface Rover>Mars Orbiter>Lunar Relay Satellite 2>Lunar Relay Satellite 1>Earth Ground Station,728.2,-92.87,517,258,3600,Normal,0.375,0.696,0.641,0.669,0.978,0.673,0.735,0.022,1.0,0.81,2916,Legitimate
909,2026-08-01T01:27:58,Rover-3,Earth Ground Station,Mars Surface Rover>Mars Orbiter>Lunar Relay Satellite 2>Lunar Relay Satellite 1>Earth Ground Station,723.09,-91.15,507,241,3600,Normal,0.389,0.868,0.466,0.667,0.949,0.668,0.725,0.051,1.0,0.805,2898,Legitimate
910,2026-08-01T01:28:44,Rover-3,Earth Ground Station,Mars Surface Rover>Mars Orbiter>Lunar Relay Satellite 2>Lunar Relay Satellite 1>Earth Ground Station,714.26,-95.78,484,268,3600,Normal,0.667,0.796,0.859,0.828,0.949,0.818,0.739,0.051,1.0,0.861,3098,Legitimate
911,2026-08-01T01:29:19,Rover-3,Earth Ground Station,Mars Surface Rover>Mars Orbiter>Lunar Relay Satellite 2>Lunar Relay Satellite 1>Earth Ground Station,723.05,-95.66,483,238,3600,Normal,0.479,0.867,0.884,0.875,0.92,0.787,0.746,0.08,1.0,0.853,3069,Legitimate
912,2026-08-01T01:30:09,Rover-3,Earth Ground Station,Mars Surface Rover>Mars Orbiter>Lunar Relay Satellite 2>Lunar Relay Satellite 1>Earth Ground Station,732.65,-91.89,545,263,3600,Normal,0.77,0.573,0.528,0.55,0.909,0.695,0.738,0.091,1.0,0.819,2947,Legitimate
913,2026-08-01T01:31:15,Rover-3,Earth Ground Station,Mars Surface Rover>Mars Orbiter>Lunar Relay Satellite 2>Lunar Relay Satellite 1>Earth Ground Station,733.8,-91.16,526,237,3600,Normal,0.811,0.534,0.462,0.498,0.884,0.673,0.728,0.116,1.0,0.808,2908,Legitimate
914,2026-08-01T01:32:36,Rover-3,Earth Ground Station,Mars Surface Rover>Mars Orbiter>Lunar Relay Satellite 2>Lunar Relay Satellite 1>Earth Ground Station,723.3,-91.0,466,267,3600,Normal,0.519,0.88,0.45,0.665,0.833,0.671,0.72,0.167,1.0,0.804,2895,Legitimate
915,2026-08-01T01:33:28,Rover-3,Earth Ground Station,Mars Surface Rover>Mars Orbiter>Lunar Relay Satellite 2>Lunar Relay Satellite 1>Earth Ground Station,736.41,-94.38,556,240,3600,Normal,0.775,0.479,0.887,0.683,0.87,0.753,0.725,0.13,1.0,0.834,3003,Legitimate
916,2026-08-01T01:34:47,Rover-3,Earth Ground Station,Mars Surface Rover>Mars Orbiter>Lunar Relay Satellite 2>Lunar Relay Satellite 1>Earth Ground Station,708.19,-96.45,522,235,3600,Normal,0.565,0.569,0.745,0.657,0.881,0.69,0.72,0.119,1.0,0.811,2919,Legitimate
917,2026-08-01T01:36:06,Rover-3,Earth Ground Station,Mars Surface Rover>Mars Orbiter>Lunar Relay Satellite 2>Lunar Relay Satellite 1>Earth Ground Station,725.71,-90.76,514,248,3600,Normal,0.565,0.797,0.446,0.621,0.935,0.686,0.714,0.065,1.0,0.807,2906,Legitimate
918,2026-08-01T01:37:12,Rover-3,Earth Ground Station,Mars Surface Rover>Mars Orbiter>Lunar Relay Satellite 2>Lunar Relay Satellite 1>Earth Ground Station,704.86,-95.02,483,237,3600,Normal,0.867,0.496,0.96,0.728,0.882,0.801,0.727,0.118,1.0,0.851,3063,Legitimate
919,2026-08-01T01:38:28,Rover-3,Earth Ground Station,Mars Surface Rover>Mars Orbiter>Lunar Relay Satellite 2>Lunar Relay Satellite 1>Earth Ground Station,741.49,-99.47,537,259,3600,Normal,0.64,0.391,0.391,0.391,0.82,0.56,0.702,0.18,1.0,0.759,2731,Legitimate
920,2026-08-01T01:39:03,Rover-3,Earth Ground Station,Mars Surface Rover>Mars Orbiter>Lunar Relay Satellite 2>Lunar Relay Satellite 1>Earth Ground Station,707.99,-93.0,501,240,3600,Normal,0.417,0.58,0.713,0.646,0.931,0.66,0.696,0.069,1.0,0.792,2851,Legitimate
921,2026-08-01T01:39:38,Rover-3,Earth Ground Station,Mars Surface Rover>Mars Orbiter>Lunar Relay Satellite 2>Lunar Relay Satellite 1>Earth Ground Station,718.96,-97.33,516,246,3600,Normal,0.434,0.934,0.584,0.759,0.977,0.732,0.701,0.023,1.0,0.819,2947,Legitimate
922,2026-08-01T01:40:33,Rover-3,Earth Ground Station,Mars Surface Rover>Mars Orbiter>Lunar Relay Satellite 2>Lunar Relay Satellite 1>Earth Ground Station,720.08,-97.6,474,241,3600,Normal,0.829,0.963,0.542,0.752,0.914,0.812,0.718,0.086,1.0,0.852,3065,Legitimate
923,2026-08-01T01:41:38,Rover-3,Earth Ground Station,Mars Surface Rover>Mars Orbiter>Lunar Relay Satellite 2>Lunar Relay Satellite 1>Earth Ground Station,706.96,-94.01,519,258,3600,Normal,0.883,0.536,0.876,0.706,0.974,0.817,0.733,0.026,1.0,0.858,3089,Legitimate
924,2026-08-01T01:42:55,Rover-3,Earth Ground Station,Mars Surface Rover>Mars Orbiter>Lunar Relay Satellite 2>Lunar Relay Satellite 1>Earth Ground Station,721.05,-92.55,488,253,3600,Normal,0.618,0.998,0.655,0.827,0.972,0.811,0.745,0.028,1.0,0.86,3097,Legitimate
925,2026-08-01T01:44:08,Rover-3,Earth Ground Station,Mars Surface Rover>Mars Orbiter>Lunar Relay Satellite 2>Lunar Relay Satellite 1>Earth Ground Station,738.32,-91.1,529,252,3600,Normal,0.705,0.468,0.497,0.482,0.881,0.638,0.729,0.119,1.0,0.796,2865,Legitimate
926,2026-08-01T01:45:00,Rover-3,Earth Ground Station,Mars Surface Rover>Mars Orbiter>Lunar Relay Satellite 2>Lunar Relay Satellite 1>Earth Ground Station,706.63,-93.52,527,267,3600,Normal,0.744,0.515,0.831,0.673,0.941,0.758,0.733,0.059,1.0,0.838,3018,Legitimate
927,2026-08-01T01:45:40,Rover-3,Earth Ground Station,Mars Surface Rover>Mars Orbiter>Lunar Relay Satellite 2>Lunar Relay Satellite 1>Earth Ground Station,741.07,-96.1,562,253,3600,Normal,0.508,0.423,0.72,0.572,0.822,0.618,0.716,0.178,1.0,0.784,2823,Legitimate
928,2026-08-01T01:46:19,Rover-3,Earth Ground Station,Mars Surface Rover>Mars Orbiter>Lunar Relay Satellite 2>Lunar Relay Satellite 1>Earth Ground Station,717.43,-99.03,484,263,3600,Normal,0.507,0.822,0.398,0.61,0.939,0.666,0.708,0.061,1.0,0.798,2874,Legitimate
929,2026-08-01T01:46:58,Rover-3,Earth Ground Station,Mars Surface Rover>Mars Orbiter>Lunar Relay Satellite 2>Lunar Relay Satellite 1>Earth Ground Station,731.13,-98.35,472,237,3600,Normal,0.521,0.675,0.478,0.577,0.837,0.628,0.696,0.163,1.0,0.781,2811,Legitimate
930,2026-08-01T01:48:28,Rover-3,Earth Ground Station,Mars Surface Rover>Mars Orbiter>Lunar Relay Satellite 2>Lunar Relay Satellite 1>Earth Ground Station,725.23,-91.65,546,247,3600,Normal,0.393,0.877,0.544,0.711,0.941,0.689,0.695,0.059,1.0,0.802,2886,Legitimate
931,2026-08-01T01:49:19,Rover-3,Earth Ground Station,Mars Surface Rover>Mars Orbiter>Lunar Relay Satellite 2>Lunar Relay Satellite 1>Earth Ground Station,728.37,-91.31,506,236,3600,Normal,0.77,0.77,0.521,0.645,0.9,0.74,0.702,0.1,1.0,0.822,2958,Legitimate
932,2026-08-01T01:50:02,Rover-3,Earth Ground Station,Mars Surface Rover>Mars Orbiter>Lunar Relay Satellite 2>Lunar Relay Satellite 1>Earth Ground Station,730.37,-92.26,516,266,3600,Normal,0.614,0.711,0.638,0.675,0.953,0.729,0.706,0.047,1.0,0.819,2950,Legitimate
933,2026-08-01T01:51:07,Rover-3,Earth Ground Station,Mars Surface Rover>Mars Orbiter>Lunar Relay Satellite 2>Lunar Relay Satellite 1>Earth Ground Station,719.27,-97.18,475,264,3600,Normal,0.843,0.853,0.594,0.724,0.942,0.808,0.721,0.058,1.0,0.851,3064,Legitimate
934,2026-08-01T01:51:38,Rover-3,Earth Ground Station,Mars Surface Rover>Mars Orbiter>Lunar Relay Satellite 2>Lunar Relay Satellite 1>Earth Ground Station,714.67,-98.86,514,245,3600,Normal,0.427,0.703,0.434,0.568,0.944,0.627,0.707,0.056,1.0,0.784,2823,Legitimate
935,2026-08-01T01:52:11,Rover-3,Earth Ground Station,Mars Surface Rover>Mars Orbiter>Lunar Relay Satellite 2>Lunar Relay Satellite 1>Earth Ground Station,710.67,-97.75,524,237,3600,Normal,0.467,0.596,0.554,0.575,0.901,0.629,0.695,0.099,1.0,0.781,2811,Legitimate
936,2026-08-01T01:53:22,Rover-3,Earth Ground Station,Mars Surface Rover>Mars Orbiter>Lunar Relay Satellite 2>Lunar Relay Satellite 1>Earth Ground Station,739.23,-90.88,528,262,3600,Normal,0.695,0.461,0.483,0.472,0.858,0.624,0.685,0.142,1.0,0.775,2792,Legitimate
937,2026-08-01T01:54:50,Rover-3,Earth Ground Station,Mars Surface Rover>Mars Orbiter>Lunar Relay Satellite 2>Lunar Relay Satellite 1>Earth Ground Station,726.92,-98.46,462,271,3600,Normal,0.421,0.816,0.498,0.657,0.805,0.635,0.677,0.195,1.0,0.777,2795,Legitimate
938,2026-08-01T01:56:01,Rover-3,Earth Ground Station,Mars Surface Rover>Mars Orbiter>Lunar Relay Satellite 2>Lunar Relay Satellite 1>Earth Ground Station,715.1,-99.56,512,264,3600,Normal,0.695,0.72,0.418,0.569,0.932,0.691,0.679,0.068,1.0,0.797,2869,Legitimate
939,2026-08-01T01:57:28,Rover-3,Earth Ground Station,Mars Surface Rover>Mars Orbiter>Lunar Relay Satellite 2>Lunar Relay Satellite 1>Earth Ground Station,712.03,-98.48,515,243,3600,Normal,0.44,0.624,0.528,0.576,0.938,0.632,0.672,0.062,1.0,0.774,2785,Legitimate
940,2026-08-01T01:58:30,Rover-3,Earth Ground Station,Mars Surface Rover>Mars Orbiter>Lunar Relay Satellite 2>Lunar Relay Satellite 1>Earth Ground Station,740.17,-95.58,533,237,3600,Normal,0.91,0.453,0.882,0.668,0.826,0.768,0.687,0.174,1.0,0.826,2974,Legitimate
941,2026-08-01T01:59:59,Rover-3,Earth Ground Station,Mars Surface Rover>Mars Orbiter>Lunar Relay Satellite 2>Lunar Relay Satellite 1>Earth Ground Station,721.27,-93.42,501,241,3600,Normal,0.428,0.898,0.763,0.831,0.968,0.764,0.698,0.032,1.0,0.829,2983,Legitimate
942,2026-08-01T02:00:51,Rover-3,Earth Ground Station,Mars Surface Rover>Mars Orbiter>Lunar Relay Satellite 2>Lunar Relay Satellite 1>Earth Ground Station,727.96,-93.63,491,276,3600,Normal,0.808,0.813,0.798,0.806,0.888,0.827,0.718,0.112,1.0,0.857,3083,Legitimate
943,2026-08-01T02:01:53,Rover-3,Earth Ground Station,Mars Surface Rover>Mars Orbiter>Lunar Relay Satellite 2>Lunar Relay Satellite 1>Earth Ground Station,710.32,-90.84,487,251,3600,Normal,0.939,0.528,0.491,0.509,0.893,0.713,0.717,0.107,1.0,0.818,2944,Legitimate
944,2026-08-01T02:03:15,Rover-3,Earth Ground Station,Mars Surface Rover>Mars Orbiter>Lunar Relay Satellite 2>Lunar Relay Satellite 1>Earth Ground Station,741.18,-99.22,557,244,3600,Normal,0.537,0.444,0.445,0.445,0.767,0.548,0.692,0.233,1.0,0.751,2702,Legitimate
945,2026-08-01T02:04:06,Rover-3,Earth Ground Station,Mars Surface Rover>Mars Orbiter>Lunar Relay Satellite 2>Lunar Relay Satellite 1>Earth Ground Station,737.16,-96.49,469,251,3600,Normal,0.767,0.554,0.733,0.644,0.847,0.725,0.697,0.153,1.0,0.815,2934,Legitimate
946,2026-08-01T02:05:19,Rover-3,Earth Ground Station,Mars Surface Rover>Mars Orbiter>Lunar Relay Satellite 2>Lunar Relay Satellite 1>Earth Ground Station,724.86,-96.19,484,245,3600,Normal,0.692,0.98,0.766,0.873,0.955,0.848,0.719,0.045,1.0,0.864,3110,Legitimate
947,2026-08-01T02:05:58,Rover-3,Earth Ground Station,Mars Surface Rover>Mars Orbiter>Lunar Relay Satellite 2>Lunar Relay Satellite 1>Earth Ground Station,716.82,-93.22,522,253,3600,Normal,0.537,0.714,0.755,0.734,1.0,0.751,0.724,0.0,1.0,0.833,2999,Legitimate
948,2026-08-01T02:06:36,Rover-3,Earth Ground Station,Mars Surface Rover>Mars Orbiter>Lunar Relay Satellite 2>Lunar Relay Satellite 1>Earth Ground Station,707.33,-91.57,516,268,3600,Normal,0.519,0.47,0.566,0.518,0.932,0.622,0.709,0.068,1.0,0.783,2820,Legitimate
949,2026-08-01T02:08:01,Rover-3,Earth Ground Station,Mars Surface Rover>Mars Orbiter>Lunar Relay Satellite 2>Lunar Relay Satellite 1>Earth Ground Station,704.37,-96.79,552,272,3600,Normal,0.499,0.424,0.671,0.548,0.849,0.611,0.694,0.151,1.0,0.774,2786,Legitimate
950,2026-08-01T02:08:58,Rover-3,Earth Ground Station,Mars Surface Rover>Mars Orbiter>Lunar Relay Satellite 2>Lunar Relay Satellite 1>Earth Ground Station,741.41,-99.52,475,273,3600,Normal,0.898,0.453,0.41,0.431,0.733,0.623,0.684,0.267,1.0,0.775,2789,Legitimate
951,2026-08-01T02:10:26,Rover-3,Earth Ground Station,Mars Surface Rover>Mars Orbiter>Lunar Relay Satellite 2>Lunar Relay Satellite 1>Earth Ground Station,705.23,-90.89,515,264,3600,Normal,0.459,0.437,0.5,0.468,0.906,0.575,0.667,0.094,1.0,0.751,2705,Legitimate
952,2026-08-01T02:11:07,Rover-3,Earth Ground Station,Mars Surface Rover>Mars Orbiter>Lunar Relay Satellite 2>Lunar Relay Satellite 1>Earth Ground Station,712.12,-98.61,535,266,3600,Normal,0.575,0.6,0.504,0.552,0.932,0.653,0.665,0.068,1.0,0.779,2803,Legitimate
953,2026-08-01T02:12:33,Rover-3,Earth Ground Station,Mars Surface Rover>Mars Orbiter>Lunar Relay Satellite 2>Lunar Relay Satellite 1>Earth Ground Station,740.43,-99.38,491,266,3600,Normal,0.501,0.481,0.451,0.466,0.824,0.564,0.65,0.176,1.0,0.741,2668,Legitimate
954,2026-08-01T02:13:55,Rover-3,Earth Ground Station,Mars Surface Rover>Mars Orbiter>Lunar Relay Satellite 2>Lunar Relay Satellite 1>Earth Ground Station,737.03,-99.12,488,267,3600,Normal,0.574,0.567,0.489,0.528,0.885,0.629,0.647,0.115,1.0,0.764,2749,Legitimate
955,2026-08-01T02:14:31,Rover-3,Earth Ground Station,Mars Surface Rover>Mars Orbiter>Lunar Relay Satellite 2>Lunar Relay Satellite 1>Earth Ground Station,704.08,-90.5,561,260,3600,Normal,0.504,0.434,0.47,0.452,0.767,0.544,0.631,0.233,1.0,0.727,2616,Legitimate
956,2026-08-01T02:15:39,Rover-3,Earth Ground Station,Mars Surface Rover>Mars Orbiter>Lunar Relay Satellite 2>Lunar Relay Satellite 1>Earth Ground Station,722.9,-92.44,484,263,3600,Normal,0.841,0.985,0.664,0.825,0.961,0.863,0.666,0.039,1.0,0.851,3064,Legitimate
957,2026-08-01T02:16:31,Rover-3,Earth Ground Station,Mars Surface Rover>Mars Orbiter>Lunar Relay Satellite 2>Lunar Relay Satellite 1>Earth Ground Station,701.83,-97.66,474,270,3600,Normal,0.773,0.41,0.637,0.524,0.864,0.671,0.667,0.136,1.0,0.786,2829,Legitimate
958,2026-08-01T02:17:31,Rover-3,Earth Ground Station,Mars Surface Rover>Mars Orbiter>Lunar Relay Satellite 2>Lunar Relay Satellite 1>Earth Ground Station,729.16,-93.8,548,255,3600,Normal,0.953,0.758,0.824,0.791,0.945,0.87,0.697,0.055,1.0,0.864,3110,Legitimate
959,2026-08-01T02:18:09,Rover-3,Earth Ground Station,Mars Surface Rover>Mars Orbiter>Lunar Relay Satellite 2>Lunar Relay Satellite 1>Earth Ground Station,705.48,-92.4,502,275,3600,Normal,0.534,0.496,0.653,0.575,0.864,0.637,0.688,0.136,1.0,0.781,2812,Legitimate
960,2026-08-01T02:19:38,Rover-3,Earth Ground Station,Mars Surface Rover>Mars Orbiter>Lunar Relay Satellite 2>Lunar Relay Satellite 1>Earth Ground Station,710.06,-94.17,536,275,3600,Normal,0.457,0.613,0.867,0.74,0.897,0.709,0.691,0.103,1.0,0.807,2906,Legitimate
961,2026-08-01T02:20:56,Rover-3,Earth Ground Station,Mars Surface Rover>Mars Orbiter>Lunar Relay Satellite 2>Lunar Relay Satellite 1>Earth Ground Station,707.24,-91.93,558,253,3600,Normal,0.636,0.551,0.603,0.577,0.878,0.667,0.688,0.122,1.0,0.792,2850,Legitimate
962,2026-08-01T02:22:05,Rover-3,Earth Ground Station,Mars Surface Rover>Mars Orbiter>Lunar Relay Satellite 2>Lunar Relay Satellite 1>Earth Ground Station,719.57,-93.34,507,245,3600,Normal,0.826,0.918,0.772,0.845,0.98,0.874,0.716,0.02,1.0,0.871,3137,Legitimate
963,2026-08-01T02:23:00,Rover-3,Earth Ground Station,Mars Surface Rover>Mars Orbiter>Lunar Relay Satellite 2>Lunar Relay Satellite 1>Earth Ground Station,731.93,-96.03,545,265,3600,Normal,0.82,0.658,0.839,0.748,0.919,0.809,0.73,0.081,1.0,0.855,3076,Legitimate
964,2026-08-01T02:23:55,Rover-3,Earth Ground Station,Mars Surface Rover>Mars Orbiter>Lunar Relay Satellite 2>Lunar Relay Satellite 1>Earth Ground Station,724.82,-97.3,521,257,3600,Normal,0.825,0.873,0.688,0.78,0.988,0.843,0.747,0.012,1.0,0.871,3137,Legitimate
965,2026-08-01T02:25:21,Rover-3,Earth Ground Station,Mars Surface Rover>Mars Orbiter>Lunar Relay Satellite 2>Lunar Relay Satellite 1>Earth Ground Station,728.82,-90.62,471,254,3600,Normal,0.512,0.744,0.463,0.604,0.874,0.648,0.732,0.126,1.0,0.8,2881,Legitimate
966,2026-08-01T02:26:47,Rover-3,Earth Ground Station,Mars Surface Rover>Mars Orbiter>Lunar Relay Satellite 2>Lunar Relay Satellite 1>Earth Ground Station,700.23,-99.71,513,251,3600,Normal,0.527,0.425,0.468,0.446,0.844,0.566,0.707,0.156,1.0,0.763,2745,Legitimate
967,2026-08-01T02:28:04,Rover-3,Earth Ground Station,Mars Surface Rover>Mars Orbiter>Lunar Relay Satellite 2>Lunar Relay Satellite 1>Earth Ground Station,700.1,-93.93,539,274,3600,Normal,0.676,0.432,0.818,0.625,0.83,0.689,0.704,0.17,1.0,0.805,2898,Legitimate
968,2026-08-01T02:28:46,Rover-3,Earth Ground Station,Mars Surface Rover>Mars Orbiter>Lunar Relay Satellite 2>Lunar Relay Satellite 1>Earth Ground Station,710.98,-94.03,491,269,3600,Normal,0.579,0.687,0.82,0.753,0.948,0.759,0.713,0.052,1.0,0.832,2995,Legitimate
969,2026-08-01T02:29:45,Rover-3,Earth Ground Station,Mars Surface Rover>Mars Orbiter>Lunar Relay Satellite 2>Lunar Relay Satellite 1>Earth Ground Station,705.59,-93.05,554,263,3600,Normal,0.926,0.551,0.7,0.626,0.892,0.768,0.721,0.108,1.0,0.838,3016,Legitimate
970,2026-08-01T02:31:12,Rover-3,Earth Ground Station,Mars Surface Rover>Mars Orbiter>Lunar Relay Satellite 2>Lunar Relay Satellite 1>Earth Ground Station,704.54,-98.13,507,265,3600,Normal,0.507,0.54,0.601,0.57,0.932,0.645,0.709,0.068,1.0,0.791,2849,Legitimate
971,2026-08-01T02:31:49,Rover-3,Earth Ground Station,Mars Surface Rover>Mars Orbiter>Lunar Relay Satellite 2>Lunar Relay Satellite 1>Earth Ground Station,706.17,-95.81,552,257,3600,Normal,0.504,0.579,0.902,0.741,0.919,0.726,0.712,0.081,1.0,0.82,2954,Legitimate
972,2026-08-01T02:32:44,Rover-3,Earth Ground Station,Mars Surface Rover>Mars Orbiter>Lunar Relay Satellite 2>Lunar Relay Satellite 1>Earth Ground Station,716.27,-94.53,479,259,3600,Normal,0.815,0.874,0.9,0.887,0.957,0.887,0.738,0.043,1.0,0.883,3178,Legitimate
973,2026-08-01T02:33:59,Rover-3,Earth Ground Station,Mars Surface Rover>Mars Orbiter>Lunar Relay Satellite 2>Lunar Relay Satellite 1>Earth Ground Station,737.1,-98.63,470,248,3600,Normal,0.717,0.505,0.552,0.529,0.828,0.651,0.725,0.172,1.0,0.799,2876,Legitimate
974,2026-08-01T02:35:10,Rover-3,Earth Ground Station,Mars Surface Rover>Mars Orbiter>Lunar Relay Satellite 2>Lunar Relay Satellite 1>Earth Ground Station,737.59,-97.82,534,240,3600,Normal,0.804,0.51,0.646,0.578,0.862,0.706,0.722,0.138,1.0,0.817,2941,Legitimate
975,2026-08-01T02:35:47,Rover-3,Earth Ground Station,Mars Surface Rover>Mars Orbiter>Lunar Relay Satellite 2>Lunar Relay Satellite 1>Earth Ground Station,728.91,-96.27,469,264,3600,Normal,0.502,0.728,0.85,0.789,0.905,0.746,0.726,0.095,1.0,0.832,2995,Legitimate
976,2026-08-01T02:37:03,Rover-3,Earth Ground Station,Mars Surface Rover>Mars Orbiter>Lunar Relay Satellite 2>Lunar Relay Satellite 1>Earth Ground Station,732.57,-95.11,558,251,3600,Normal,0.69,0.624,0.952,0.788,0.887,0.788,0.735,0.113,1.0,0.849,3057,Legitimate
977,2026-08-01T02:37:57,Rover-3,Earth Ground Station,Mars Surface Rover>Mars Orbiter>Lunar Relay Satellite 2>Lunar Relay Satellite 1>Earth Ground Station,700.3,-91.87,495,271,3600,Normal,0.8,0.45,0.545,0.497,0.853,0.662,0.724,0.147,1.0,0.802,2889,Legitimate
978,2026-08-01T02:39:22,Rover-3,Earth Ground Station,Mars Surface Rover>Mars Orbiter>Lunar Relay Satellite 2>Lunar Relay Satellite 1>Earth Ground Station,704.88,-98.5,479,264,3600,Normal,0.552,0.554,0.589,0.571,0.886,0.645,0.712,0.114,1.0,0.792,2853,Legitimate
979,2026-08-01T02:40:18,Rover-3,Earth Ground Station,Mars Surface Rover>Mars Orbiter>Lunar Relay Satellite 2>Lunar Relay Satellite 1>Earth Ground Station,711.71,-97.19,559,247,3600,Normal,0.815,0.732,0.731,0.732,0.88,0.789,0.724,0.12,1.0,0.846,3045,Legitimate
980,2026-08-01T02:40:59,Rover-3,Earth Ground Station,Mars Surface Rover>Mars Orbiter>Lunar Relay Satellite 2>Lunar Relay Satellite 1>Earth Ground Station,703.48,-91.5,481,261,3600,Normal,0.535,0.541,0.523,0.532,0.864,0.616,0.708,0.136,1.0,0.781,2811,Legitimate
981,2026-08-01T02:41:45,Rover-3,Earth Ground Station,Mars Surface Rover>Mars Orbiter>Lunar Relay Satellite 2>Lunar Relay Satellite 1>Earth Ground Station,698.93,-94.98,511,268,3600,Normal,0.628,0.466,0.946,0.706,0.881,0.73,0.711,0.119,1.0,0.821,2957,Legitimate
982,2026-08-01T02:42:53,Rover-3,Earth Ground Station,Mars Surface Rover>Mars Orbiter>Lunar Relay Satellite 2>Lunar Relay Satellite 1>Earth Ground Station,736.53,-92.51,521,255,3600,Normal,0.871,0.508,0.609,0.558,0.945,0.733,0.714,0.055,1.0,0.823,2965,Legitimate
983,2026-08-01T02:43:49,Rover-3,Earth Ground Station,Mars Surface Rover>Mars Orbiter>Lunar Relay Satellite 2>Lunar Relay Satellite 1>Earth Ground Station,717.49,-95.96,461,271,3600,Normal,0.815,0.962,0.906,0.934,0.831,0.878,0.739,0.169,1.0,0.88,3169,Legitimate
984,2026-08-01T02:44:36,Rover-3,Earth Ground Station,Mars Surface Rover>Mars Orbiter>Lunar Relay Satellite 2>Lunar Relay Satellite 1>Earth Ground Station,725.17,-95.55,545,237,3600,Normal,0.639,0.782,0.968,0.875,0.899,0.822,0.751,0.101,1.0,0.866,3117,Legitimate
985,2026-08-01T02:45:15,Rover-3,Earth Ground Station,Mars Surface Rover>Mars Orbiter>Lunar Relay Satellite 2>Lunar Relay Satellite 1>Earth Ground Station,700.78,-93.57,475,236,3600,Normal,0.5,0.515,0.737,0.626,0.803,0.639,0.735,0.197,1.0,0.798,2874,Legitimate
986,2026-08-01T02:46:21,Rover-3,Earth Ground Station,Mars Surface Rover>Mars Orbiter>Lunar Relay Satellite 2>Lunar Relay Satellite 1>Earth Ground Station,734.6,-93.09,555,237,3600,Normal,0.936,0.557,0.686,0.622,0.854,0.758,0.738,0.146,1.0,0.84,3024,Legitimate
987,2026-08-01T02:47:17,Rover-3,Earth Ground Station,Mars Surface Rover>Mars Orbiter>Lunar Relay Satellite 2>Lunar Relay Satellite 1>Earth Ground Station,741.33,-91.78,489,262,3600,Normal,0.805,0.431,0.534,0.482,0.843,0.653,0.725,0.157,1.0,0.8,2879,Legitimate
988,2026-08-01T02:48:31,Rover-3,Earth Ground Station,Mars Surface Rover>Mars Orbiter>Lunar Relay Satellite 2>Lunar Relay Satellite 1>Earth Ground Station,724.1,-97.73,478,254,3600,Normal,0.725,0.824,0.625,0.725,0.94,0.779,0.733,0.06,1.0,0.845,3044,Legitimate
989,2026-08-01T02:49:38,Rover-3,Earth Ground Station,Mars Surface Rover>Mars Orbiter>Lunar Relay Satellite 2>Lunar Relay Satellite 1>Earth Ground Station,713.96,-90.59,539,248,3600,Normal,0.89,0.838,0.438,0.638,0.903,0.767,0.738,0.097,1.0,0.843,3035,Legitimate
990,2026-08-01T02:51:05,Rover-3,Earth Ground Station,Mars Surface Rover>Mars Orbiter>Lunar Relay Satellite 2>Lunar Relay Satellite 1>Earth Ground Station,714.77,-90.89,504,258,3600,Normal,0.486,0.861,0.48,0.671,0.938,0.691,0.731,0.062,1.0,0.815,2934,Legitimate
991,2026-08-01T02:51:53,Rover-3,Earth Ground Station,Mars Surface Rover>Mars Orbiter>Lunar Relay Satellite 2>Lunar Relay Satellite 1>Earth Ground Station,718.74,-91.41,548,249,3600,Normal,0.645,0.989,0.544,0.766,0.937,0.778,0.738,0.063,1.0,0.847,3049,Legitimate
992,2026-08-01T02:52:49,Rover-3,Earth Ground Station,Mars Surface Rover>Mars Orbiter>Lunar Relay Satellite 2>Lunar Relay Satellite 1>Earth Ground Station,721.06,-96.86,523,239,3600,Normal,0.831,0.906,0.696,0.801,0.949,0.845,0.754,0.051,1.0,0.874,3148,Legitimate
993,2026-08-01T02:54:05,Rover-3,Earth Ground Station,Mars Surface Rover>Mars Orbiter>Lunar Relay Satellite 2>Lunar Relay Satellite 1>Earth Ground Station,740.71,-95.27,469,265,3600,Normal,0.668,0.436,0.931,0.683,0.794,0.707,0.747,0.206,1.0,0.826,2973,Legitimate
994,2026-08-01T02:55:13,Rover-3,Earth Ground Station,Mars Surface Rover>Mars Orbiter>Lunar Relay Satellite 2>Lunar Relay Satellite 1>Earth Ground Station,738.74,-99.62,490,260,3600,Normal,0.854,0.487,0.434,0.46,0.829,0.651,0.733,0.171,1.0,0.802,2886,Legitimate
995,2026-08-01T02:56:03,Rover-3,Earth Ground Station,Mars Surface Rover>Mars Orbiter>Lunar Relay Satellite 2>Lunar Relay Satellite 1>Earth Ground Station,709.62,-95.71,524,273,3600,Normal,0.692,0.716,0.875,0.795,0.915,0.8,0.743,0.085,1.0,0.856,3081,Legitimate
996,2026-08-01T02:57:12,Rover-3,Earth Ground Station,Mars Surface Rover>Mars Orbiter>Lunar Relay Satellite 2>Lunar Relay Satellite 1>Earth Ground Station,722.71,-95.19,525,255,3600,Normal,0.82,0.848,0.957,0.903,0.983,0.902,0.767,0.017,1.0,0.897,3230,Legitimate
997,2026-08-01T02:57:53,Rover-3,Earth Ground Station,Mars Surface Rover>Mars Orbiter>Lunar Relay Satellite 2>Lunar Relay Satellite 1>Earth Ground Station,736.57,-92.46,490,243,3600,Normal,0.531,0.508,0.644,0.576,0.891,0.643,0.748,0.109,1.0,0.804,2895,Legitimate
998,2026-08-01T02:58:30,Rover-3,Earth Ground Station,Mars Surface Rover>Mars Orbiter>Lunar Relay Satellite 2>Lunar Relay Satellite 1>Earth Ground Station,699.44,-96.19,472,270,3600,Normal,0.469,0.499,0.796,0.647,0.823,0.647,0.733,0.177,1.0,0.8,2881,Legitimate
999,2026-08-01T02:59:51,Rover-3,Earth Ground Station,Mars Surface Rover>Mars Orbiter>Lunar Relay Satellite 2>Lunar Relay Satellite 1>Earth Ground Station,724.98,-94.19,465,249,3600,Normal,0.572,0.791,0.864,0.828,0.91,0.784,0.741,0.09,1.0,0.85,3059,Legitimate
1000,2026-08-01T03:01:12,Rover-3,Earth Ground Station,Mars Surface Rover>Mars Orbiter>Lunar Relay Satellite 2>Lunar Relay Satellite 1>Earth Ground Station,725.94,-90.36,481,247,3600,Normal,0.569,0.774,0.436,0.605,0.892,0.668,0.73,0.108,1.0,0.807,2904,Legitimate
1001,2026-08-01T03:02:32,Rover-3,Earth Ground Station,Mars Surface Rover>Mars Orbiter>Lunar Relay Satellite 2>Lunar Relay Satellite 1>Earth Ground Station,701.33,-93.1,517,266,3600,Normal,0.598,0.529,0.74,0.634,0.921,0.697,0.725,0.079,1.0,0.815,2934,Legitimate
1002,2026-08-01T03:03:09,Rover-3,Earth Ground Station,Mars Surface Rover>Mars Orbiter>Lunar Relay Satellite 2>Lunar Relay Satellite 1>Earth Ground Station,728.03,-93.49,534,260,3600,Normal,0.465,0.703,0.784,0.744,0.965,0.729,0.725,0.035,1.0,0.826,2973,Legitimate
1003,2026-08-01T03:03:40,Rover-3,Earth Ground Station,Mars Surface Rover>Mars Orbiter>Lunar Relay Satellite 2>Lunar Relay Satellite 1>Earth Ground Station,734.34,-92.09,546,273,3600,Normal,0.391,0.565,0.612,0.588,0.865,0.608,0.708,0.135,1.0,0.778,2801,Legitimate
1004,2026-08-01T03:04:40,Rover-3,Earth Ground Station,Mars Surface Rover>Mars Orbiter>Lunar Relay Satellite 2>Lunar Relay Satellite 1>Earth Ground Station,737.98,-97.82,526,255,3600,Normal,0.961,0.488,0.534,0.511,0.903,0.722,0.71,0.097,1.0,0.818,2946,Legitimate
1005,2026-08-01T03:05:50,Rover-3,Earth Ground Station,Mars Surface Rover>Mars Orbiter>Lunar Relay Satellite 2>Lunar Relay Satellite 1>Earth Ground Station,718.3,-98.47,552,254,3600,Normal,0.762,0.986,0.464,0.725,0.936,0.787,0.721,0.064,1.0,0.844,3039,Legitimate
1006,2026-08-01T03:07:12,Rover-3,Earth Ground Station,Mars Surface Rover>Mars Orbiter>Lunar Relay Satellite 2>Lunar Relay Satellite 1>Earth Ground Station,716.28,-97.3,546,247,3600,Normal,0.536,0.904,0.6,0.752,0.951,0.748,0.725,0.049,1.0,0.832,2996,Legitimate
1007,2026-08-01T03:08:28,Rover-3,Earth Ground Station,Mars Surface Rover>Mars Orbiter>Lunar Relay Satellite 2>Lunar Relay Satellite 1>Earth Ground Station,727.7,-95.52,462,259,3600,Normal,0.653,0.717,0.867,0.792,0.859,0.774,0.733,0.141,1.0,0.844,3038,Legitimate
1008,2026-08-01T03:09:19,Rover-3,Earth Ground Station,Mars Surface Rover>Mars Orbiter>Lunar Relay Satellite 2>Lunar Relay Satellite 1>Earth Ground Station,732.94,-98.69,497,275,3600,Normal,0.712,0.596,0.459,0.527,0.837,0.651,0.72,0.163,1.0,0.797,2870,Legitimate
1009,2026-08-01T03:10:06,Rover-3,Earth Ground Station,Mars Surface Rover>Mars Orbiter>Lunar Relay Satellite 2>Lunar Relay Satellite 1>Earth Ground Station,734.72,-93.47,499,257,3600,Normal,0.636,0.561,0.766,0.663,0.938,0.725,0.721,0.062,1.0,0.823,2963,Legitimate
1010,2026-08-01T03:10:46,Rover-3,Earth Ground Station,Mars Surface Rover>Mars Orbiter>Lunar Relay Satellite 2>Lunar Relay Satellite 1>Earth Ground Station,723.07,-93.95,521,270,3600,Normal,0.509,0.891,0.837,0.864,0.974,0.802,0.733,0.026,1.0,0.853,3071,Legitimate
1011,2026-08-01T03:12:04,Rover-3,Earth Ground Station,Mars Surface Rover>Mars Orbiter>Lunar Relay Satellite 2>Lunar Relay Satellite 1>Earth Ground Station,711.72,-98.4,533,246,3600,Normal,0.601,0.722,0.502,0.612,0.942,0.692,0.727,0.058,1.0,0.814,2930,Legitimate
1012,2026-08-01T03:12:39,Rover-3,Earth Ground Station,Mars Surface Rover>Mars Orbiter>Lunar Relay Satellite 2>Lunar Relay Satellite 1>Earth Ground Station,719.87,-92.51,507,274,3600,Normal,0.447,0.981,0.618,0.8,0.934,0.745,0.73,0.066,1.0,0.833,2999,Legitimate
1013,2026-08-01T03:13:22,Rover-3,Earth Ground Station,Mars Surface Rover>Mars Orbiter>Lunar Relay Satellite 2>Lunar Relay Satellite 1>Earth Ground Station,721.08,-91.91,499,237,3600,Normal,0.59,0.973,0.554,0.764,0.924,0.76,0.734,0.076,1.0,0.839,3022,Legitimate
1014,2026-08-01T03:14:04,Rover-3,Earth Ground Station,Mars Surface Rover>Mars Orbiter>Lunar Relay Satellite 2>Lunar Relay Satellite 1>Earth Ground Station,737.86,-94.47,463,255,3600,Normal,0.579,0.506,0.923,0.714,0.821,0.707,0.73,0.179,1.0,0.82,2952,Legitimate
1015,2026-08-01T03:15:06,Rover-3,Earth Ground Station,Mars Surface Rover>Mars Orbiter>Lunar Relay Satellite 2>Lunar Relay Satellite 1>Earth Ground Station,705.06,-93.48,510,271,3600,Normal,0.948,0.559,0.771,0.665,0.928,0.802,0.741,0.072,1.0,0.856,3081,Legitimate
1016,2026-08-01T03:15:55,Rover-3,Earth Ground Station,Mars Surface Rover>Mars Orbiter>Lunar Relay Satellite 2>Lunar Relay Satellite 1>Earth Ground Station,731.9,-91.61,550,269,3600,Normal,0.726,0.638,0.524,0.581,0.87,0.689,0.733,0.13,1.0,0.815,2934,Legitimate
1017,2026-08-01T03:17:25,Rover-3,Earth Ground Station,Mars Surface Rover>Mars Orbiter>Lunar Relay Satellite 2>Lunar Relay Satellite 1>Earth Ground Station,720.7,-99.68,481,237,3600,Normal,0.386,0.995,0.369,0.682,0.852,0.651,0.721,0.148,1.0,0.798,2871,Legitimate
1018,2026-08-01T03:18:19,Rover-3,Earth Ground Station,Mars Surface Rover>Mars Orbiter>Lunar Relay Satellite 2>Lunar Relay Satellite 1>Earth Ground Station,729.23,-95.21,461,273,3600,Normal,0.855,0.724,0.932,0.828,0.804,0.829,0.737,0.196,1.0,0.863,3109,Legitimate
1019,2026-08-01T03:19:32,Rover-3,Earth Ground Station,Mars Surface Rover>Mars Orbiter>Lunar Relay Satellite 2>Lunar Relay Satellite 1>Earth Ground Station,735.04,-98.53,494,271,3600,Normal,0.664,0.585,0.491,0.538,0.882,0.655,0.725,0.118,1.0,0.8,2881,Legitimate
1020,2026-08-01T03:20:08,Rover-3,Earth Ground Station,Mars Surface Rover>Mars Orbiter>Lunar Relay Satellite 2>Lunar Relay Satellite 1>Earth Ground Station,720.89,-96.51,492,259,3600,Normal,0.49,0.96,0.746,0.853,0.972,0.792,0.735,0.028,1.0,0.851,3062,Legitimate
1021,2026-08-01T03:20:57,Rover-3,Earth Ground Station,Mars Surface Rover>Mars Orbiter>Lunar Relay Satellite 2>Lunar Relay Satellite 1>Earth Ground Station,726.0,-92.24,481,247,3600,Normal,0.745,0.861,0.592,0.726,0.94,0.784,0.742,0.06,1.0,0.85,3061,Legitimate
1022,2026-08-01T03:22:01,Rover-3,Earth Ground Station,Mars Surface Rover>Mars Orbiter>Lunar Relay Satellite 2>Lunar Relay Satellite 1>Earth Ground Station,712.19,-94.44,472,241,3600,Normal,0.857,0.652,0.92,0.786,0.904,0.833,0.756,0.096,1.0,0.871,3136,Legitimate
1023,2026-08-01T03:22:48,Rover-3,Earth Ground Station,Mars Surface Rover>Mars Orbiter>Lunar Relay Satellite 2>Lunar Relay Satellite 1>Earth Ground Station,703.34,-99.35,518,239,3600,Normal,0.689,0.457,0.424,0.441,0.855,0.606,0.733,0.145,1.0,0.786,2830,Legitimate
1024,2026-08-01T03:23:52,Rover-3,Earth Ground Station,Mars Surface Rover>Mars Orbiter>Lunar Relay Satellite 2>Lunar Relay Satellite 1>Earth Ground Station,713.53,-93.28,475,264,3600,Normal,0.846,0.714,0.736,0.725,0.934,0.808,0.745,0.066,1.0,0.859,3093,Legitimate
1025,2026-08-01T03:24:40,Rover-3,Earth Ground Station,Mars Surface Rover>Mars Orbiter>Lunar Relay Satellite 2>Lunar Relay Satellite 1>Earth Ground Station,723.2,-91.88,492,272,3600,Normal,0.723,0.93,0.571,0.751,0.924,0.787,0.751,0.076,1.0,0.854,3075,Legitimate
1026,2026-08-01T03:25:44,Rover-3,Earth Ground Station,Mars Surface Rover>Mars Orbiter>Lunar Relay Satellite 2>Lunar Relay Satellite 1>Earth Ground Station,717.57,-91.49,509,263,3600,Normal,0.845,0.858,0.542,0.7,0.966,0.803,0.759,0.034,1.0,0.862,3104,Legitimate
1027,2026-08-01T03:26:20,Rover-3,Earth Ground Station,Mars Surface Rover>Mars Orbiter>Lunar Relay Satellite 2>Lunar Relay Satellite 1>Earth Ground Station,714.97,-91.07,500,264,3600,Normal,0.49,0.779,0.512,0.646,0.942,0.681,0.747,0.058,1.0,0.817,2941,Legitimate
1028,2026-08-01T03:27:47,Rover-3,Earth Ground Station,Mars Surface Rover>Mars Orbiter>Lunar Relay Satellite 2>Lunar Relay Satellite 1>Earth Ground Station,724.01,-98.19,532,260,3600,Normal,0.405,0.891,0.514,0.703,0.964,0.694,0.739,0.036,1.0,0.819,2947,Legitimate
1029,2026-08-01T03:28:36,Rover-3,Earth Ground Station,Mars Surface Rover>Mars Orbiter>Lunar Relay Satellite 2>Lunar Relay Satellite 1>Earth Ground Station,712.76,-92.13,538,268,3600,Normal,0.754,0.68,0.628,0.654,0.94,0.75,0.741,0.06,1.0,0.838,3018,Legitimate
1030,2026-08-01T03:29:11,Rover-3,Earth Ground Station,Mars Surface Rover>Mars Orbiter>Lunar Relay Satellite 2>Lunar Relay Satellite 1>Earth Ground Station,740.46,-97.43,508,240,3600,Normal,0.491,0.444,0.579,0.511,0.839,0.588,0.718,0.161,1.0,0.774,2788,Legitimate
1031,2026-08-01T03:30:33,Rover-3,Earth Ground Station,Mars Surface Rover>Mars Orbiter>Lunar Relay Satellite 2>Lunar Relay Satellite 1>Earth Ground Station,733.06,-96.89,470,248,3600,Normal,0.476,0.631,0.655,0.643,0.869,0.658,0.709,0.131,1.0,0.796,2865,Legitimate
1032,2026-08-01T03:31:44,Rover-3,Earth Ground Station,Mars Surface Rover>Mars Orbiter>Lunar Relay Satellite 2>Lunar Relay Satellite 1>Earth Ground Station,729.08,-94.67,484,244,3600,Normal,0.687,0.765,1.0,0.883,0.952,0.851,0.73,0.048,1.0,0.868,3126,Legitimate
1033,2026-08-01T03:33:09,Rover-3,Earth Ground Station,Mars Surface Rover>Mars Orbiter>Lunar Relay Satellite 2>Lunar Relay Satellite 1>Earth Ground Station,737.09,-92.7,498,243,3600,Normal,0.451,0.526,0.686,0.606,0.888,0.638,0.716,0.112,1.0,0.791,2849,Legitimate
1034,2026-08-01T03:34:37,Rover-3,Earth Ground Station,Mars Surface Rover>Mars Orbiter>Lunar Relay Satellite 2>Lunar Relay Satellite 1>Earth Ground Station,727.14,-97.74,551,254,3600,Normal,0.428,0.844,0.561,0.703,0.931,0.691,0.713,0.069,1.0,0.809,2911,Legitimate
1035,2026-08-01T03:35:08,Rover-3,Earth Ground Station,Mars Surface Rover>Mars Orbiter>Lunar Relay Satellite 2>Lunar Relay Satellite 1>Earth Ground Station,701.22,-91.32,509,270,3600,Normal,0.434,0.37,0.536,0.453,0.86,0.55,0.688,0.14,1.0,0.75,2700,Legitimate
1036,2026-08-01T03:35:56,Rover-3,Earth Ground Station,Mars Surface Rover>Mars Orbiter>Lunar Relay Satellite 2>Lunar Relay Satellite 1>Earth Ground Station,731.58,-95.99,473,239,3600,Normal,0.714,0.693,0.783,0.738,0.875,0.766,0.7,0.125,1.0,0.83,2988,Legitimate
1037,2026-08-01T03:37:18,Rover-3,Earth Ground Station,Mars Surface Rover>Mars Orbiter>Lunar Relay Satellite 2>Lunar Relay Satellite 1>Earth Ground Station,729.26,-91.27,517,238,3600,Normal,0.529,0.766,0.534,0.65,0.914,0.686,0.698,0.086,1.0,0.802,2886,Legitimate
1038,2026-08-01T03:38:07,Rover-3,Earth Ground Station,Mars Surface Rover>Mars Orbiter>Lunar Relay Satellite 2>Lunar Relay Satellite 1>Earth Ground Station,721.41,-94.06,503,260,3600,Normal,0.735,0.924,0.891,0.908,0.991,0.885,0.726,0.009,1.0,0.878,3162,Legitimate
1039,2026-08-01T03:39:12,Rover-3,Earth Ground Station,Mars Surface Rover>Mars Orbiter>Lunar Relay Satellite 2>Lunar Relay Satellite 1>Earth Ground Station,705.27,-94.83,467,244,3600,Normal,0.858,0.439,0.962,0.701,0.86,0.78,0.734,0.14,1.0,0.846,3046,Legitimate
1040,2026-08-01T03:40:26,Rover-3,Earth Ground Station,Mars Surface Rover>Mars Orbiter>Lunar Relay Satellite 2>Lunar Relay Satellite 1>Earth Ground Station,723.93,-97.7,505,267,3600,Normal,0.666,0.954,0.57,0.762,0.977,0.792,0.743,0.023,1.0,0.853,3071,Legitimate
1041,2026-08-01T03:41:30,Rover-3,Earth Ground Station,Mars Surface Rover>Mars Orbiter>Lunar Relay Satellite 2>Lunar Relay Satellite 1>Earth Ground Station,728.39,-91.89,529,265,3600,Normal,0.873,0.785,0.571,0.678,0.952,0.795,0.75,0.048,1.0,0.857,3083,Legitimate
1042,2026-08-01T03:42:45,Rover-3,Earth Ground Station,Mars Surface Rover>Mars Orbiter>Lunar Relay Satellite 2>Lunar Relay Satellite 1>Earth Ground Station,723.2,-94.87,521,254,3600,Normal,0.643,0.997,0.997,0.997,0.995,0.908,0.774,0.005,1.0,0.901,3245,Legitimate
1043,2026-08-01T03:43:50,Rover-3,Earth Ground Station,Mars Surface Rover>Mars Orbiter>Lunar Relay Satellite 2>Lunar Relay Satellite 1>Earth Ground Station,702.62,-94.48,492,252,3600,Normal,0.866,0.389,0.938,0.664,0.921,0.778,0.775,0.079,1.0,0.859,3093,Legitimate
1044,2026-08-01T03:44:58,Rover-3,Earth Ground Station,Mars Surface Rover>Mars Orbiter>Lunar Relay Satellite 2>Lunar Relay Satellite 1>Earth Ground Station,703.1,-97.98,539,251,3600,Normal,0.789,0.415,0.543,0.479,0.901,0.662,0.758,0.099,1.0,0.814,2931,Legitimate
1045,2026-08-01T03:45:59,Rover-3,Earth Ground Station,Mars Surface Rover>Mars Orbiter>Lunar Relay Satellite 2>Lunar Relay Satellite 1>Earth Ground Station,726.26,-90.83,483,241,3600,Normal,0.963,0.82,0.463,0.641,0.912,0.79,0.763,0.088,1.0,0.859,3093,Legitimate
1046,2026-08-01T03:47:06,Rover-3,Earth Ground Station,Mars Surface Rover>Mars Orbiter>Lunar Relay Satellite 2>Lunar Relay Satellite 1>Earth Ground Station,737.42,-96.29,460,241,3600,Normal,0.816,0.5,0.733,0.616,0.76,0.702,0.754,0.24,1.0,0.827,2976,Legitimate
1047,2026-08-01T03:47:45,Rover-3,Earth Ground Station,Mars Surface Rover>Mars Orbiter>Lunar Relay Satellite 2>Lunar Relay Satellite 1>Earth Ground Station,717.97,-93.02,523,253,3600,Normal,0.549,0.819,0.727,0.773,0.992,0.772,0.756,0.008,1.0,0.851,3063,Legitimate
1048,2026-08-01T03:48:28,Rover-3,Earth Ground Station,Mars Surface Rover>Mars Orbiter>Lunar Relay Satellite 2>Lunar Relay Satellite 1>Earth Ground Station,727.84,-93.26,519,272,3600,Normal,0.617,0.771,0.759,0.765,0.948,0.774,0.759,0.052,1.0,0.853,3069,Legitimate
1049,2026-08-01T03:49:17,Rover-3,Earth Ground Station,Mars Surface Rover>Mars Orbiter>Lunar Relay Satellite 2>Lunar Relay Satellite 1>Earth Ground Station,738.08,-99.15,534,273,3600,Normal,0.729,0.483,0.421,0.452,0.828,0.615,0.737,0.172,1.0,0.791,2846,Legitimate
1050,2026-08-01T03:49:52,Rover-3,Earth Ground Station,Mars Surface Rover>Mars Orbiter>Lunar Relay Satellite 2>Lunar Relay Satellite 1>Earth Ground Station,723.57,-96.06,513,270,3600,Normal,0.491,0.97,0.782,0.876,0.964,0.802,0.747,0.036,1.0,0.858,3088,Legitimate
1051,2026-08-01T03:51:16,Rover-3,Earth Ground Station,Mars Surface Rover>Mars Orbiter>Lunar Relay Satellite 2>Lunar Relay Satellite 1>Earth Ground Station,711.11,-93.76,517,237,3600,Normal,0.474,0.58,0.811,0.696,0.932,0.699,0.74,0.068,1.0,0.821,2955,Legitimate
1052,2026-08-01T03:52:31,Rover-3,Earth Ground Station,Mars Surface Rover>Mars Orbiter>Lunar Relay Satellite 2>Lunar Relay Satellite 1>Earth Ground Station,722.59,-99.55,472,247,3600,Normal,0.62,0.978,0.407,0.692,0.865,0.717,0.737,0.135,1.0,0.826,2973,Legitimate
1053,2026-08-01T03:53:02,Rover-3,Earth Ground Station,Mars Surface Rover>Mars Orbiter>Lunar Relay Satellite 2>Lunar Relay Satellite 1>Earth Ground Station,708.56,-96.92,501,248,3600,Normal,0.439,0.503,0.698,0.6,0.948,0.647,0.723,0.052,1.0,0.797,2869,Legitimate
1054,2026-08-01T03:53:56,Rover-3,Earth Ground Station,Mars Surface Rover>Mars Orbiter>Lunar Relay Satellite 2>Lunar Relay Satellite 1>Earth Ground Station,715.94,-94.38,482,242,3600,Normal,0.858,0.734,0.876,0.805,0.948,0.854,0.743,0.052,1.0,0.874,3145,Legitimate
1055,2026-08-01T03:54:34,Rover-3,Earth Ground Station,Mars Surface Rover>Mars Orbiter>Lunar Relay Satellite 2>Lunar Relay Satellite 1>Earth Ground Station,706.53,-93.9,555,269,3600,Normal,0.54,0.473,0.809,0.641,0.888,0.677,0.733,0.112,1.0,0.811,2919,Legitimate
1056,2026-08-01T03:55:13,Rover-3,Earth Ground Station,Mars Surface Rover>Mars Orbiter>Lunar Relay Satellite 2>Lunar Relay Satellite 1>Earth Ground Station,710.86,-98.54,473,235,3600,Normal,0.57,0.596,0.498,0.547,0.828,0.623,0.716,0.172,1.0,0.786,2830,Legitimate
1057,2026-08-01T03:56:24,Rover-3,Earth Ground Station,Mars Surface Rover>Mars Orbiter>Lunar Relay Satellite 2>Lunar Relay Satellite 1>Earth Ground Station,699.08,-97.1,510,253,3600,Normal,0.678,0.346,0.663,0.505,0.889,0.644,0.706,0.111,1.0,0.79,2844,Legitimate
1058,2026-08-01T03:57:02,Rover-3,Earth Ground Station,Mars Surface Rover>Mars Orbiter>Lunar Relay Satellite 2>Lunar Relay Satellite 1>Earth Ground Station,702.06,-96.35,503,254,3600,Normal,0.565,0.423,0.771,0.597,0.924,0.671,0.7,0.076,1.0,0.797,2870,Legitimate
1059,2026-08-01T03:58:22,Rover-3,Earth Ground Station,Mars Surface Rover>Mars Orbiter>Lunar Relay Satellite 2>Lunar Relay Satellite 1>Earth Ground Station,728.44,-99.09,524,254,3600,Normal,0.519,0.701,0.448,0.575,0.934,0.651,0.693,0.066,1.0,0.788,2836,Legitimate
1060,2026-08-01T03:59:19,Rover-3,Earth Ground Station,Mars Surface Rover>Mars Orbiter>Lunar Relay Satellite 2>Lunar Relay Satellite 1>Earth Ground Station,722.25,-94.53,497,243,3600,Normal,0.974,0.918,0.907,0.912,0.967,0.941,0.73,0.033,1.0,0.898,3232,Legitimate
1061,2026-08-01T04:00:27,Rover-3,Earth Ground Station,Mars Surface Rover>Mars Orbiter>Lunar Relay Satellite 2>Lunar Relay Satellite 1>Earth Ground Station,698.72,-94.98,535,264,3600,Normal,0.755,0.378,0.985,0.682,0.861,0.745,0.732,0.139,1.0,0.834,3001,Legitimate
1062,2026-08-01T04:01:14,Rover-3,Earth Ground Station,Mars Surface Rover>Mars Orbiter>Lunar Relay Satellite 2>Lunar Relay Satellite 1>Earth Ground Station,716.15,-95.44,498,275,3600,Normal,0.725,0.843,0.917,0.88,0.908,0.848,0.75,0.092,1.0,0.874,3147,Legitimate
1063,2026-08-01T04:02:20,Rover-3,Earth Ground Station,Mars Surface Rover>Mars Orbiter>Lunar Relay Satellite 2>Lunar Relay Satellite 1>Earth Ground Station,719.28,-93.75,520,274,3600,Normal,0.797,0.969,0.777,0.873,0.944,0.872,0.768,0.056,1.0,0.888,3196,Legitimate
1064,2026-08-01T04:02:55,Rover-3,Earth Ground Station,Mars Surface Rover>Mars Orbiter>Lunar Relay Satellite 2>Lunar Relay Satellite 1>Earth Ground Station,704.54,-97.2,561,275,3600,Normal,0.494,0.51,0.66,0.585,0.779,0.611,0.744,0.221,1.0,0.792,2850,Legitimate
1065,2026-08-01T04:04:14,Rover-3,Earth Ground Station,Mars Surface Rover>Mars Orbiter>Lunar Relay Satellite 2>Lunar Relay Satellite 1>Earth Ground Station,710.47,-95.16,514,260,3600,Normal,0.549,0.678,0.996,0.837,0.975,0.8,0.753,0.025,1.0,0.859,3093,Legitimate
1066,2026-08-01T04:04:59,Rover-3,Earth Ground Station,Mars Surface Rover>Mars Orbiter>Lunar Relay Satellite 2>Lunar Relay Satellite 1>Earth Ground Station,718.81,-97.3,559,238,3600,Normal,0.667,0.974,0.659,0.817,0.869,0.792,0.759,0.131,1.0,0.859,3091,Legitimate
1067,2026-08-01T04:06:09,Rover-3,Earth Ground Station,Mars Surface Rover>Mars Orbiter>Lunar Relay Satellite 2>Lunar Relay Satellite 1>Earth Ground Station,721.69,-95.76,523,272,3600,Normal,0.725,0.891,0.91,0.901,0.945,0.868,0.775,0.055,1.0,0.889,3199,Legitimate
1068,2026-08-01T04:07:13,Rover-3,Earth Ground Station,Mars Surface Rover>Mars Orbiter>Lunar Relay Satellite 2>Lunar Relay Satellite 1>Earth Ground Station,732.03,-94.7,513,254,3600,Normal,0.848,0.56,0.901,0.731,0.966,0.819,0.782,0.034,1.0,0.875,3150,Legitimate
1069,2026-08-01T04:08:29,Rover-3,Earth Ground Station,Mars Surface Rover>Mars Orbiter>Lunar Relay Satellite 2>Lunar Relay Satellite 1>Earth Ground Station,712.72,-93.6,560,247,3600,Normal,0.597,0.748,0.72,0.734,0.886,0.738,0.775,0.114,1.0,0.846,3045,Legitimate
1070,2026-08-01T04:09:09,Rover-3,Earth Ground Station,Mars Surface Rover>Mars Orbiter>Lunar Relay Satellite 2>Lunar Relay Satellite 1>Earth Ground Station,699.93,-99.02,537,265,3600,Normal,0.573,0.424,0.442,0.433,0.847,0.571,0.744,0.153,1.0,0.778,2799,Legitimate
1071,2026-08-01T04:10:15,Rover-3,Earth Ground Station,Mars Surface Rover>Mars Orbiter>Lunar Relay Satellite 2>Lunar Relay Satellite 1>Earth Ground Station,709.65,-96.23,520,258,3600,Normal,0.807,0.68,0.802,0.741,0.971,0.815,0.755,0.029,1.0,0.865,3113,Legitimate
1072,2026-08-01T04:11:27,Rover-3,Earth Ground Station,Mars Surface Rover>Mars Orbiter>Lunar Relay Satellite 2>Lunar Relay Satellite 1>Earth Ground Station,741.18,-97.93,524,247,3600,Normal,0.681,0.359,0.573,0.466,0.845,0.614,0.734,0.155,1.0,0.789,2841,Legitimate
1073,2026-08-01T04:12:02,Rover-3,Earth Ground Station,Mars Surface Rover>Mars Orbiter>Lunar Relay Satellite 2>Lunar Relay Satellite 1>Earth Ground Station,703.88,-90.98,541,245,3600,Normal,0.485,0.534,0.414,0.474,0.863,0.574,0.71,0.137,1.0,0.767,2759,Legitimate
1074,2026-08-01T04:13:11,Rover-3,Earth Ground Station,Mars Surface Rover>Mars Orbiter>Lunar Relay Satellite 2>Lunar Relay Satellite 1>Earth Ground Station,710.54,-98.4,462,240,3600,Normal,0.748,0.708,0.514,0.611,0.809,0.695,0.708,0.191,1.0,0.808,2910,Legitimate
1075,2026-08-01T04:13:52,Rover-3,Earth Ground Station,Mars Surface Rover>Mars Orbiter>Lunar Relay Satellite 2>Lunar Relay Satellite 1>Earth Ground Station,737.72,-97.27,528,250,3600,Normal,0.588,0.442,0.663,0.553,0.902,0.649,0.699,0.098,1.0,0.789,2841,Legitimate
1076,2026-08-01T04:14:33,Rover-3,Earth Ground Station,Mars Surface Rover>Mars Orbiter>Lunar Relay Satellite 2>Lunar Relay Satellite 1>Earth Ground Station,709.69,-96.91,510,268,3600,Normal,0.592,0.683,0.726,0.705,0.954,0.739,0.705,0.046,1.0,0.822,2961,Legitimate
1077,2026-08-01T04:15:58,Rover-3,Earth Ground Station,Mars Surface Rover>Mars Orbiter>Lunar Relay Satellite 2>Lunar Relay Satellite 1>Earth Ground Station,699.83,-99.6,559,259,3600,Normal,0.468,0.459,0.42,0.439,0.741,0.522,0.677,0.259,1.0,0.736,2648,Legitimate
1078,2026-08-01T04:17:20,Rover-3,Earth Ground Station,Mars Surface Rover>Mars Orbiter>Lunar Relay Satellite 2>Lunar Relay Satellite 1>Earth Ground Station,705.06,-94.96,562,267,3600,Normal,0.526,0.584,0.87,0.727,0.831,0.703,0.681,0.169,1.0,0.802,2886,Legitimate
1079,2026-08-01T04:18:05,Rover-3,Earth Ground Station,Mars Surface Rover>Mars Orbiter>Lunar Relay Satellite 2>Lunar Relay Satellite 1>Earth Ground Station,726.94,-97.15,477,259,3600,Normal,0.659,0.699,0.713,0.706,0.934,0.751,0.692,0.066,1.0,0.822,2960,Legitimate
1080,2026-08-01T04:19:28,Rover-3,Earth Ground Station,Mars Surface Rover>Mars Orbiter>Lunar Relay Satellite 2>Lunar Relay Satellite 1>Earth Ground Station,713.31,-96.35,538,240,3600,Normal,0.507,0.82,0.861,0.84,0.934,0.78,0.705,0.066,1.0,0.836,3011,Legitimate
1081,2026-08-01T04:19:58,Rover-3,Earth Ground Station,Mars Surface Rover>Mars Orbiter>Lunar Relay Satellite 2>Lunar Relay Satellite 1>Earth Ground Station,756.5,-90.45,509,274,3600,Spoofing,0.417,0.202,0.324,0.263,0.486,0.357,0.653,0.514,1.0,0.664,2389,Legitimate
1082,2026-08-01T04:21:01,Rover-3,Earth Ground Station,Mars Surface Rover>Mars Orbiter>Lunar Relay Satellite 2>Lunar Relay Satellite 1>Earth Ground Station,677.82,-102.31,475,271,3600,Spoofing,0.9,0.215,0.243,0.229,0.337,0.424,0.618,0.663,1.0,0.676,2434,Legitimate
1083,2026-08-01T04:21:49,Rover-3,Earth Ground Station,Mars Surface Rover>Mars Orbiter>Lunar Relay Satellite 2>Lunar Relay Satellite 1>Earth Ground Station,685.21,-95.54,515,274,3600,Spoofing,0.727,0.324,0.977,0.651,0.577,0.651,0.623,0.423,1.0,0.763,2747,Legitimate
1084,2026-08-01T04:22:31,Rover-3,Earth Ground Station,Mars Surface Rover>Mars Orbiter>Lunar Relay Satellite 2>Lunar Relay Satellite 1>Earth Ground Station,705.74,-91.02,554,270,3600,Spoofing,0.62,0.7,0.398,0.549,0.831,0.637,0.625,0.169,1.0,0.759,2731,Legitimate
1085,2026-08-01T04:22:57,Rover-3,Earth Ground Station,Mars Surface Rover>Mars Orbiter>Lunar Relay Satellite 2>Lunar Relay Satellite 1>Earth Ground Station,697.69,-97.94,508,263,3600,Spoofing,0.391,0.539,0.637,0.588,0.84,0.602,0.622,0.16,1.0,0.745,2681,Legitimate
1086,2026-08-01T04:24:06,Rover-3,Earth Ground Station,Mars Surface Rover>Mars Orbiter>Lunar Relay Satellite 2>Lunar Relay Satellite 1>Earth Ground Station,724.11,-97.95,531,242,3600,Spoofing,0.71,0.749,0.646,0.698,0.95,0.764,0.643,0.05,1.0,0.81,2915,Legitimate
1087,2026-08-01T04:25:19,Rover-3,Earth Ground Station,Mars Surface Rover>Mars Orbiter>Lunar Relay Satellite 2>Lunar Relay Satellite 1>Earth Ground Station,707.17,-98.85,514,263,3600,Spoofing,0.639,0.751,0.549,0.65,0.934,0.718,0.654,0.066,1.0,0.798,2871,Legitimate
1088,2026-08-01T04:25:55,Rover-3,Earth Ground Station,Mars Surface Rover>Mars Orbiter>Lunar Relay Satellite 2>Lunar Relay Satellite 1>Earth Ground Station,733.53,-100.74,470,273,3600,Spoofing,0.525,0.527,0.385,0.456,0.722,0.54,0.637,0.278,1.0,0.728,2619,Legitimate
1089,2026-08-01T04:27:15,Rover-3,Earth Ground Station,Mars Surface Rover>Mars Orbiter>Lunar Relay Satellite 2>Lunar Relay Satellite 1>Earth Ground Station,729.04,-92.88,558,239,3600,Spoofing,0.514,0.625,0.546,0.586,0.874,0.64,0.638,0.126,1.0,0.764,2752,Legitimate
1090,2026-08-01T04:28:23,Rover-3,Earth Ground Station,Mars Surface Rover>Mars Orbiter>Lunar Relay Satellite 2>Lunar Relay Satellite 1>Earth Ground Station,736.9,-90.78,559,272,3600,Spoofing,0.741,0.487,0.372,0.43,0.764,0.591,0.631,0.236,1.0,0.744,2679,Legitimate
1091,2026-08-01T04:29:12,Rover-3,Earth Ground Station,Mars Surface Rover>Mars Orbiter>Lunar Relay Satellite 2>Lunar Relay Satellite 1>Earth Ground Station,743.27,-98.29,507,276,3600,Spoofing,0.78,0.402,0.641,0.521,0.753,0.644,0.633,0.247,1.0,0.764,2750,Legitimate
1092,2026-08-01T04:30:14,Rover-3,Earth Ground Station,Mars Surface Rover>Mars Orbiter>Lunar Relay Satellite 2>Lunar Relay Satellite 1>Earth Ground Station,743.94,-93.0,477,238,3600,Spoofing,0.871,0.406,0.573,0.49,0.712,0.641,0.634,0.288,1.0,0.763,2748,Legitimate
1093,2026-08-01T04:30:55,Rover-3,Earth Ground Station,Mars Surface Rover>Mars Orbiter>Lunar Relay Satellite 2>Lunar Relay Satellite 1>Earth Ground Station,682.8,-103.2,544,242,3600,Spoofing,0.625,0.341,0.263,0.302,0.389,0.405,0.599,0.611,1.0,0.661,2381,Legitimate
1094,2026-08-01T04:31:27,Rover-3,Earth Ground Station,Mars Surface Rover>Mars Orbiter>Lunar Relay Satellite 2>Lunar Relay Satellite 1>Earth Ground Station,743.22,-90.18,511,241,3600,Spoofing,0.489,0.44,0.357,0.399,0.748,0.509,0.586,0.252,1.0,0.697,2508,Legitimate
1095,2026-08-01T04:32:28,Rover-3,Earth Ground Station,Mars Surface Rover>Mars Orbiter>Lunar Relay Satellite 2>Lunar Relay Satellite 1>Earth Ground Station,682.88,-98.89,487,236,3600,Spoofing,0.86,0.358,0.614,0.486,0.521,0.588,0.586,0.479,1.0,0.726,2615,Legitimate
1096,2026-08-01T04:33:37,Rover-3,Earth Ground Station,Mars Surface Rover>Mars Orbiter>Lunar Relay Satellite 2>Lunar Relay Satellite 1>Earth Ground Station,757.4,-97.81,476,261,3600,Spoofing,0.683,0.305,0.751,0.528,0.572,0.578,0.585,0.428,1.0,0.722,2600,Legitimate
1097,2026-08-01T04:34:14,Rover-3,Earth Ground Station,Mars Surface Rover>Mars Orbiter>Lunar Relay Satellite 2>Lunar Relay Satellite 1>Earth Ground Station,737.94,-99.63,500,235,3600,Spoofing,0.582,0.554,0.554,0.554,0.77,0.615,0.589,0.23,1.0,0.737,2655,Legitimate
1098,2026-08-01T04:35:04,Rover-3,Earth Ground Station,Mars Surface Rover>Mars Orbiter>Lunar Relay Satellite 2>Lunar Relay Satellite 1>Earth Ground Station,723.47,-86.51,540,267,3600,Spoofing,0.847,0.839,0.19,0.515,0.769,0.661,0.6,0.231,1.0,0.758,2730,Legitimate
1099,2026-08-01T04:36:08,Rover-3,Earth Ground Station,Mars Surface Rover>Mars Orbiter>Lunar Relay Satellite 2>Lunar Relay Satellite 1>Earth Ground Station,707.81,-98.11,518,273,3600,Spoofing,0.792,0.777,0.739,0.758,0.917,0.806,0.631,0.083,1.0,0.82,2952,Legitimate
1100,2026-08-01T04:36:53,Rover-3,Earth Ground Station,Mars Surface Rover>Mars Orbiter>Lunar Relay Satellite 2>Lunar Relay Satellite 1>Earth Ground Station,750.53,-92.27,527,250,3600,Spoofing,0.724,0.387,0.547,0.467,0.668,0.582,0.624,0.332,1.0,0.738,2658,Legitimate
1101,2026-08-01T04:38:06,Rover-3,Earth Ground Station,Mars Surface Rover>Mars Orbiter>Lunar Relay Satellite 2>Lunar Relay Satellite 1>Earth Ground Station,680.2,-93.02,527,242,3600,Spoofing,0.617,0.373,0.626,0.499,0.543,0.54,0.611,0.457,1.0,0.718,2584,Legitimate
1102,2026-08-01T04:38:38,Rover-3,Earth Ground Station,Mars Surface Rover>Mars Orbiter>Lunar Relay Satellite 2>Lunar Relay Satellite 1>Earth Ground Station,718.83,-101.59,471,263,3600,Spoofing,0.488,0.937,0.428,0.682,0.765,0.655,0.618,0.235,1.0,0.763,2745,Legitimate
1103,2026-08-01T04:39:26,Rover-3,Earth Ground Station,Mars Surface Rover>Mars Orbiter>Lunar Relay Satellite 2>Lunar Relay Satellite 1>Earth Ground Station,728.03,-94.82,480,265,3600,Spoofing,0.806,0.736,0.826,0.781,0.939,0.827,0.649,0.061,1.0,0.833,3000,Legitimate
1104,2026-08-01T04:39:50,Rover-3,Earth Ground Station,Mars Surface Rover>Mars Orbiter>Lunar Relay Satellite 2>Lunar Relay Satellite 1>Earth Ground Station,746.94,-102.98,511,275,3600,Spoofing,0.387,0.456,0.352,0.404,0.513,0.427,0.616,0.487,1.0,0.677,2436,Legitimate
1105,2026-08-01T04:40:11,Rover-3,Earth Ground Station,Mars Surface Rover>Mars Orbiter>Lunar Relay Satellite 2>Lunar Relay Satellite 1>Earth Ground Station,687.01,-100.25,541,237,3600,Spoofing,0.373,0.465,0.558,0.511,0.53,0.481,0.596,0.47,1.0,0.69,2483,Legitimate
1106,2026-08-01T04:41:13,Rover-3,Earth Ground Station,Mars Surface Rover>Mars Orbiter>Lunar Relay Satellite 2>Lunar Relay Satellite 1>Earth Ground Station,740.83,-90.43,549,257,3600,Spoofing,0.815,0.552,0.427,0.49,0.79,0.646,0.603,0.21,1.0,0.754,2714,Legitimate
1107,2026-08-01T04:41:37,Rover-3,Earth Ground Station,Mars Surface Rover>Mars Orbiter>Lunar Relay Satellite 2>Lunar Relay Satellite 1>Earth Ground Station,756.12,-87.23,527,254,3600,Spoofing,0.413,0.388,0.284,0.336,0.47,0.389,0.571,0.53,1.0,0.644,2318,Suspicious
1108,2026-08-01T04:42:41,Rover-3,Earth Ground Station,Mars Surface Rover>Mars Orbiter>Lunar Relay Satellite 2>Lunar Relay Satellite 1>Earth Ground Station,747.71,-88.11,525,272,3600,Spoofing,0.763,0.499,0.352,0.426,0.56,0.543,0.567,0.44,1.0,0.702,2529,Legitimate
1109,2026-08-01T04:43:40,Rover-3,Earth Ground Station,Mars Surface Rover>Mars Orbiter>Lunar Relay Satellite 2>Lunar Relay Satellite 1>Earth Ground Station,719.75,-100.12,544,239,3600,Spoofing,0.889,0.994,0.579,0.787,0.835,0.824,0.605,0.165,1.0,0.817,2942,Legitimate
1110,2026-08-01T04:44:14,Rover-3,Earth Ground Station,Mars Surface Rover>Mars Orbiter>Lunar Relay Satellite 2>Lunar Relay Satellite 1>Earth Ground Station,740.56,-93.32,495,269,3600,Spoofing,0.56,0.606,0.727,0.666,0.848,0.685,0.617,0.152,1.0,0.773,2783,Legitimate
1111,2026-08-01T04:44:41,Rover-3,Earth Ground Station,Mars Surface Rover>Mars Orbiter>Lunar Relay Satellite 2>Lunar Relay Satellite 1>Earth Ground Station,725.23,-91.65,546,269,3600,Replay,0.469,0.879,0.591,0.735,0.922,0.1,0.54,0.078,1.0,0.505,1817,Suspicious
1112,2026-08-01T04:45:49,Rover-3,Earth Ground Station,Mars Surface Rover>Mars Orbiter>Lunar Relay Satellite 2>Lunar Relay Satellite 1>Earth Ground Station,737.09,-92.7,498,246,3600,Replay,0.662,0.672,0.683,0.677,0.9,0.1,0.474,0.1,1.0,0.473,1702,Suspicious
1113,2026-08-01T04:46:19,Rover-3,Earth Ground Station,Mars Surface Rover>Mars Orbiter>Lunar Relay Satellite 2>Lunar Relay Satellite 1>Earth Ground Station,729.84,-96.54,557,273,3600,Replay,0.524,0.806,0.901,0.853,0.862,0.1,0.418,0.138,1.0,0.445,1601,Suspicious
1114,2026-08-01T04:46:47,Rover-3,Earth Ground Station,Mars Surface Rover>Mars Orbiter>Lunar Relay Satellite 2>Lunar Relay Satellite 1>Earth Ground Station,709.24,-98.41,465,267,3600,Replay,0.509,0.761,0.718,0.74,0.856,0.1,0.37,0.144,1.0,0.419,1510,Suspicious
1115,2026-08-01T04:48:03,Rover-3,Earth Ground Station,Mars Surface Rover>Mars Orbiter>Lunar Relay Satellite 2>Lunar Relay Satellite 1>Earth Ground Station,700.23,-99.71,513,239,3600,Replay,0.532,0.614,0.614,0.614,0.824,0.1,0.33,0.176,1.0,0.398,1431,Malicious (TTL Decayed)
1116,2026-08-01T04:48:49,Rover-3,Earth Ground Station,Mars Surface Rover>Mars Orbiter>Lunar Relay Satellite 2>Lunar Relay Satellite 1>Earth Ground Station,713.99,-97.31,551,240,3600,Replay,0.837,0.854,0.837,0.846,0.904,0.1,0.295,0.096,1.0,0.378,1360,Malicious (TTL Decayed)
1117,2026-08-01T04:49:49,Rover-3,Earth Ground Station,Mars Surface Rover>Mars Orbiter>Lunar Relay Satellite 2>Lunar Relay Satellite 1>Earth Ground Station,720.9,-94.53,477,242,3600,Replay,0.818,0.994,0.848,0.921,0.936,0.1,0.266,0.064,1.0,0.361,1299,Malicious (TTL Decayed)
1118,2026-08-01T04:50:47,Rover-3,Earth Ground Station,Mars Surface Rover>Mars Orbiter>Lunar Relay Satellite 2>Lunar Relay Satellite 1>Earth Ground Station,728.91,-96.27,469,261,3600,Replay,0.858,0.825,0.949,0.887,0.907,0.1,0.241,0.093,1.0,0.346,1245,Malicious (TTL Decayed)
1119,2026-08-01T04:51:29,Rover-3,Earth Ground Station,Mars Surface Rover>Mars Orbiter>Lunar Relay Satellite 2>Lunar Relay Satellite 1>Earth Ground Station,718.31,-97.57,514,275,3600,Replay,0.754,0.948,0.812,0.88,0.919,0.1,0.22,0.081,1.0,0.333,1199,Malicious (TTL Decayed)
1120,2026-08-01T04:52:28,Rover-3,Earth Ground Station,Mars Surface Rover>Mars Orbiter>Lunar Relay Satellite 2>Lunar Relay Satellite 1>Earth Ground Station,741.07,-96.1,562,244,3600,Replay,0.814,0.621,0.982,0.802,0.789,0.1,0.202,0.211,1.0,0.322,1158,Malicious (TTL Decayed)
1121,2026-08-01T04:53:05,Rover-3,Earth Ground Station,Mars Surface Rover>Mars Orbiter>Lunar Relay Satellite 2>Lunar Relay Satellite 1>Earth Ground Station,719.28,-93.75,520,270,3600,Replay,0.658,0.949,0.767,0.858,0.978,0.1,0.187,0.022,1.0,0.312,1123,Malicious (TTL Decayed)
1122,2026-08-01T04:53:56,Rover-3,Earth Ground Station,Mars Surface Rover>Mars Orbiter>Lunar Relay Satellite 2>Lunar Relay Satellite 1>Earth Ground Station,700.23,-99.71,513,261,3600,Replay,0.989,0.604,0.62,0.612,0.847,0.1,0.174,0.153,1.0,0.303,1092,Malicious (TTL Decayed)
1123,2026-08-01T04:54:29,Rover-3,Earth Ground Station,Mars Surface Rover>Mars Orbiter>Lunar Relay Satellite 2>Lunar Relay Satellite 1>Earth Ground Station,722.09,-90.5,501,266,3600,Replay,0.602,0.972,0.517,0.744,0.917,0.1,0.163,0.083,1.0,0.296,1066,Malicious (TTL Decayed)
1124,2026-08-01T04:54:55,Rover-3,Earth Ground Station,Mars Surface Rover>Mars Orbiter>Lunar Relay Satellite 2>Lunar Relay Satellite 1>Earth Ground Station,712.72,-93.6,560,267,3600,Replay,0.495,0.818,0.757,0.787,0.88,0.1,0.153,0.12,1.0,0.289,1041,Malicious (TTL Decayed)
1125,2026-08-01T04:55:47,Rover-3,Earth Ground Station,Mars Surface Rover>Mars Orbiter>Lunar Relay Satellite 2>Lunar Relay Satellite 1>Earth Ground Station,741.33,-91.78,489,259,3600,Replay,0.948,0.623,0.613,0.618,0.842,0.1,0.145,0.158,1.0,0.284,1021,Malicious (TTL Decayed)
1126,2026-08-01T04:56:33,Rover-3,Earth Ground Station,Mars Surface Rover>Mars Orbiter>Lunar Relay Satellite 2>Lunar Relay Satellite 1>Earth Ground Station,741.33,-91.78,489,267,3600,Replay,0.886,0.625,0.624,0.624,0.833,0.1,0.138,0.167,1.0,0.279,1004,Malicious (TTL Decayed)
1127,2026-08-01T04:57:07,Rover-3,Earth Ground Station,Mars Surface Rover>Mars Orbiter>Lunar Relay Satellite 2>Lunar Relay Satellite 1>Earth Ground Station,719.27,-97.18,475,250,3600,Replay,0.631,0.938,0.823,0.88,0.937,0.1,0.133,0.063,1.0,0.275,991,Malicious (TTL Decayed)
1128,2026-08-01T04:57:31,Rover-3,Earth Ground Station,Mars Surface Rover>Mars Orbiter>Lunar Relay Satellite 2>Lunar Relay Satellite 1>Earth Ground Station,708.56,-96.92,501,241,3600,Replay,0.479,0.721,0.843,0.782,0.94,0.1,0.128,0.06,1.0,0.272,978,Malicious (TTL Decayed)
1129,2026-08-01T04:58:02,Rover-3,Earth Ground Station,Mars Surface Rover>Mars Orbiter>Lunar Relay Satellite 2>Lunar Relay Satellite 1>Earth Ground Station,705.48,-92.4,502,261,3600,Replay,0.602,0.668,0.682,0.675,0.937,0.1,0.124,0.063,1.0,0.269,968,Malicious (TTL Decayed)
1130,2026-08-01T04:58:34,Rover-3,Earth Ground Station,Mars Surface Rover>Mars Orbiter>Lunar Relay Satellite 2>Lunar Relay Satellite 1>Earth Ground Station,725.41,-90.82,526,247,3600,Replay,0.628,0.923,0.57,0.747,0.933,0.1,0.12,0.067,1.0,0.266,957,Malicious (TTL Decayed)
1131,2026-08-01T04:59:48,Rover-3,Earth Ground Station,Mars Surface Rover>Mars Orbiter>Lunar Relay Satellite 2>Lunar Relay Satellite 1>Earth Ground Station,716.27,-94.53,479,244,3600,Replay,0.44,0.868,0.907,0.887,0.938,0.1,0.117,0.062,1.0,0.264,950,Malicious (TTL Decayed)
1132,2026-08-01T05:00:46,Rover-3,Earth Ground Station,Mars Surface Rover>Mars Orbiter>Lunar Relay Satellite 2>Lunar Relay Satellite 1>Earth Ground Station,715.1,-99.56,512,272,3600,Replay,0.737,0.857,0.606,0.731,0.9,0.1,0.114,0.1,1.0,0.262,942,Malicious (TTL Decayed)
1133,2026-08-01T05:01:11,Rover-3,Earth Ground Station,Mars Surface Rover>Mars Orbiter>Lunar Relay Satellite 2>Lunar Relay Satellite 1>Earth Ground Station,719.28,-93.75,520,244,3600,Replay,0.506,0.928,0.818,0.873,0.979,0.1,0.112,0.021,1.0,0.26,936,Malicious (TTL Decayed)
1134,2026-08-01T05:02:24,Rover-3,Earth Ground Station,Mars Surface Rover>Mars Orbiter>Lunar Relay Satellite 2>Lunar Relay Satellite 1>Earth Ground Station,716.82,-93.22,522,271,3600,Replay,0.468,0.852,0.77,0.811,0.97,0.1,0.11,0.03,1.0,0.259,931,Malicious (TTL Decayed)
1135,2026-08-01T05:03:04,Rover-3,Earth Ground Station,Mars Surface Rover>Mars Orbiter>Lunar Relay Satellite 2>Lunar Relay Satellite 1>Earth Ground Station,713.22,-92.0,504,274,3600,Replay,0.797,0.768,0.657,0.712,0.907,0.1,0.109,0.093,1.0,0.258,928,Malicious (TTL Decayed)
1136,2026-08-01T05:03:50,Rover-3,Earth Ground Station,Mars Surface Rover>Mars Orbiter>Lunar Relay Satellite 2>Lunar Relay Satellite 1>Earth Ground Station,711.94,-96.45,533,267,3600,Replay,0.939,0.733,0.863,0.798,0.953,0.1,0.108,0.047,1.0,0.257,926,Malicious (TTL Decayed)
1137,2026-08-01T05:04:37,Rover-3,Earth Ground Station,Mars Surface Rover>Mars Orbiter>Lunar Relay Satellite 2>Lunar Relay Satellite 1>Earth Ground Station,722.59,-99.55,472,269,3600,Replay,0.98,0.984,0.584,0.784,0.876,0.1,0.106,0.124,1.0,0.256,920,Malicious (TTL Decayed)
1138,2026-08-01T05:05:28,Rover-3,Earth Ground Station,Mars Surface Rover>Mars Orbiter>Lunar Relay Satellite 2>Lunar Relay Satellite 1>Earth Ground Station,730.37,-92.26,516,265,3600,Replay,0.89,0.83,0.69,0.76,0.956,0.1,0.105,0.044,1.0,0.255,918,Malicious (TTL Decayed)
1139,2026-08-01T05:05:56,Rover-3,Earth Ground Station,Mars Surface Rover>Mars Orbiter>Lunar Relay Satellite 2>Lunar Relay Satellite 1>Earth Ground Station,700.3,-91.87,495,236,3600,Replay,0.552,0.533,0.668,0.6,0.813,0.1,0.105,0.187,1.0,0.255,918,Malicious (TTL Decayed)
1140,2026-08-01T05:06:26,Rover-3,Earth Ground Station,Mars Surface Rover>Mars Orbiter>Lunar Relay Satellite 2>Lunar Relay Satellite 1>Earth Ground Station,708.56,-96.92,501,236,3600,Replay,0.597,0.682,0.792,0.737,0.892,0.1,0.104,0.108,1.0,0.254,915,Malicious (TTL Decayed)
1141,2026-08-01T05:07:15,Rover-3,Earth Ground Station,Mars Surface Rover>Mars Orbiter>Lunar Relay Satellite 2>Unknown-Relay-X>Lunar Relay Satellite 1>Earth Ground Station,731.74,-98.55,502,267,3600,Relay Tampering,0.899,0.776,0.653,0.714,0.902,0.808,0.21,0.098,0.45,0.485,1744,Suspicious
1142,2026-08-01T05:08:15,Rover-3,Earth Ground Station,Mars Surface Rover>Mars Orbiter>Lunar Relay Satellite 2>Unknown-Relay-X>Lunar Relay Satellite 1>Earth Ground Station,718.46,-96.27,548,238,3600,Relay Tampering,0.635,0.907,0.872,0.89,0.913,0.832,0.303,0.087,0.45,0.517,1862,Suspicious
1143,2026-08-01T05:09:08,Rover-3,Earth Ground Station,Mars Surface Rover>Mars Orbiter>Unknown-Relay-X>Lunar Relay Satellite 2>Lunar Relay Satellite 1>Earth Ground Station,699.81,-94.3,488,274,3600,Relay Tampering,0.791,0.55,0.886,0.718,0.826,0.763,0.372,0.174,0.25,0.409,1472,Suspicious
1144,2026-08-01T05:10:18,Rover-3,Earth Ground Station,Mars Surface Rover>Mars Orbiter>Lunar Relay Satellite 2>Unknown-Relay-X>Lunar Relay Satellite 1>Earth Ground Station,727.98,-96.14,495,273,3600,Relay Tampering,0.465,0.841,0.868,0.855,0.914,0.772,0.432,0.086,0.45,0.536,1929,Suspicious
1145,2026-08-01T05:11:34,Rover-3,Earth Ground Station,Mars Surface Rover>Mars Orbiter>Lunar Relay Satellite 2>Unknown-Relay-X>Lunar Relay Satellite 1>Earth Ground Station,700.63,-93.89,508,237,3600,Relay Tampering,0.399,0.547,0.839,0.693,0.864,0.662,0.466,0.136,0.45,0.515,1855,Suspicious
1146,2026-08-01T05:12:05,Rover-3,Earth Ground Station,Mars Surface Rover>Mars Orbiter>Unknown-Relay-X>Lunar Relay Satellite 2>Lunar Relay Satellite 1>Earth Ground Station,726.4,-96.95,518,267,3600,Relay Tampering,0.615,0.875,0.777,0.826,0.962,0.807,0.518,0.038,0.25,0.449,1615,Suspicious
1147,2026-08-01T05:12:46,Rover-3,Earth Ground Station,Mars Surface Rover>Mars Orbiter>Unknown-Relay-X>Lunar Relay Satellite 2>Lunar Relay Satellite 1>Earth Ground Station,708.71,-91.33,509,273,3600,Relay Tampering,0.853,0.674,0.6,0.637,0.882,0.752,0.553,0.118,0.25,0.445,1600,Suspicious
1148,2026-08-01T05:13:54,Rover-3,Earth Ground Station,Mars Surface Rover>Mars Orbiter>Lunar Relay Satellite 2>Lunar Relay Satellite 1>Unknown-Relay-X>Earth Ground Station,730.58,-92.39,496,246,3600,Relay Tampering,0.51,0.733,0.708,0.721,0.933,0.721,0.578,0.067,0.65,0.65,2339,Suspicious
1149,2026-08-01T05:14:31,Rover-3,Earth Ground Station,Mars Surface Rover>Unknown-Relay-X>Mars Orbiter>Lunar Relay Satellite 2>Lunar Relay Satellite 1>Earth Ground Station,700.75,-93.79,507,256,3600,Relay Tampering,0.747,0.532,0.836,0.684,0.916,0.758,0.605,0.084,0.05,0.24,863,Malicious (TTL Decayed)
1150,2026-08-01T05:15:21,Rover-3,Earth Ground Station,Mars Surface Rover>Mars Orbiter>Lunar Relay Satellite 2>Unknown-Relay-X>Lunar Relay Satellite 1>Earth Ground Station,729.06,-96.69,515,247,3600,Relay Tampering,0.886,0.772,0.776,0.774,0.952,0.847,0.641,0.048,0.45,0.608,2190,Suspicious
1151,2026-08-01T05:16:32,Rover-3,Earth Ground Station,Mars Surface Rover>Mars Orbiter>Unknown-Relay-X>Lunar Relay Satellite 2>Lunar Relay Satellite 1>Earth Ground Station,727.49,-96.84,560,271,3600,Relay Tampering,0.467,0.794,0.768,0.781,0.87,0.725,0.654,0.13,0.25,0.46,1654,Suspicious
1152,2026-08-01T05:17:49,Rover-3,Earth Ground Station,Mars Surface Rover>Unknown-Relay-X>Mars Orbiter>Lunar Relay Satellite 2>Lunar Relay Satellite 1>Earth Ground Station,736.59,-91.08,500,242,3600,Relay Tampering,0.387,0.589,0.556,0.572,0.864,0.599,0.646,0.136,0.05,0.227,817,Malicious (TTL Decayed)
1153,2026-08-01T05:18:15,Rover-3,Earth Ground Station,Mars Surface Rover>Mars Orbiter>Unknown-Relay-X>Lunar Relay Satellite 2>Lunar Relay Satellite 1>Earth Ground Station,705.52,-91.31,475,241,3600,Relay Tampering,0.533,0.578,0.585,0.581,0.838,0.633,0.644,0.162,0.25,0.439,1580,Suspicious
1154,2026-08-01T05:19:08,Rover-3,Earth Ground Station,Mars Surface Rover>Mars Orbiter>Unknown-Relay-X>Lunar Relay Satellite 2>Lunar Relay Satellite 1>Earth Ground Station,739.53,-90.47,503,263,3600,Relay Tampering,0.827,0.537,0.525,0.531,0.832,0.68,0.649,0.168,0.25,0.449,1618,Suspicious
1155,2026-08-01T05:19:58,Rover-3,Earth Ground Station,Mars Surface Rover>Unknown-Relay-X>Mars Orbiter>Lunar Relay Satellite 2>Lunar Relay Satellite 1>Earth Ground Station,713.38,-94.47,526,247,3600,Relay Tampering,0.918,0.77,0.984,0.877,0.974,0.912,0.689,0.026,0.05,0.264,950,Malicious (TTL Decayed)
1156,2026-08-01T05:20:19,Rover-3,Earth Ground Station,Mars Surface Rover>Mars Orbiter>Lunar Relay Satellite 2>Lunar Relay Satellite 1>Unknown-Relay-X>Earth Ground Station,736.06,-92.46,557,261,3600,Relay Tampering,0.439,0.59,0.726,0.658,0.886,0.66,0.684,0.114,0.65,0.663,2387,Legitimate
1157,2026-08-01T05:21:16,Rover-3,Earth Ground Station,Mars Surface Rover>Mars Orbiter>Lunar Relay Satellite 2>Lunar Relay Satellite 1>Unknown-Relay-X>Earth Ground Station,713.21,-96.39,494,259,3600,Relay Tampering,0.737,0.74,0.736,0.738,0.956,0.792,0.701,0.044,0.65,0.706,2543,Legitimate
1158,2026-08-01T05:22:05,Rover-3,Earth Ground Station,Mars Surface Rover>Mars Orbiter>Lunar Relay Satellite 2>Unknown-Relay-X>Lunar Relay Satellite 1>Earth Ground Station,711.54,-91.5,541,242,3600,Relay Tampering,0.957,0.702,0.579,0.641,0.91,0.787,0.714,0.09,0.45,0.612,2202,Suspicious
1159,2026-08-01T05:22:39,Rover-3,Earth Ground Station,Mars Surface Rover>Mars Orbiter>Lunar Relay Satellite 2>Unknown-Relay-X>Lunar Relay Satellite 1>Earth Ground Station,719.32,-99.47,539,237,3600,Relay Tampering,0.662,0.978,0.43,0.704,0.863,0.733,0.716,0.137,0.45,0.599,2156,Suspicious
1160,2026-08-01T05:23:17,Rover-3,Earth Ground Station,Mars Surface Rover>Mars Orbiter>Lunar Relay Satellite 2>Unknown-Relay-X>Lunar Relay Satellite 1>Earth Ground Station,718.1,-91.83,555,264,3600,Relay Tampering,0.761,0.931,0.592,0.762,0.914,0.8,0.729,0.086,0.45,0.618,2226,Suspicious
1161,2026-08-01T05:23:48,Rover-3,Earth Ground Station,Mars Surface Rover>Mars Orbiter>Unknown-Relay-X>Lunar Relay Satellite 2>Lunar Relay Satellite 1>Earth Ground Station,740.44,-98.22,531,262,3600,Relay Tampering,0.61,0.412,0.534,0.473,0.869,0.606,0.711,0.131,0.25,0.447,1609,Suspicious
1162,2026-08-01T05:24:18,Rover-3,Earth Ground Station,Mars Surface Rover>Mars Orbiter>Lunar Relay Satellite 2>Unknown-Relay-X>Lunar Relay Satellite 1>Earth Ground Station,708.68,-90.64,493,240,3600,Relay Tampering,0.588,0.637,0.473,0.555,0.862,0.64,0.7,0.138,0.45,0.571,2057,Suspicious
1163,2026-08-01T05:25:01,Rover-3,Earth Ground Station,Mars Surface Rover>Mars Orbiter>Lunar Relay Satellite 2>Unknown-Relay-X>Lunar Relay Satellite 1>Earth Ground Station,706.37,-95.59,464,248,3600,Relay Tampering,0.905,0.589,0.87,0.73,0.859,0.806,0.716,0.141,0.45,0.617,2220,Suspicious
1164,2026-08-01T05:25:30,Rover-3,Earth Ground Station,Mars Surface Rover>Unknown-Relay-X>Mars Orbiter>Lunar Relay Satellite 2>Lunar Relay Satellite 1>Earth Ground Station,714.51,-95.38,477,247,3600,Relay Tampering,0.574,0.842,0.9,0.871,0.932,0.812,0.73,0.068,0.05,0.258,929,Malicious (TTL Decayed)
1165,2026-08-01T05:26:15,Rover-3,Earth Ground Station,Mars Surface Rover>Mars Orbiter>Unknown-Relay-X>Lunar Relay Satellite 2>Lunar Relay Satellite 1>Earth Ground Station,738.62,-97.55,557,273,3600,Relay Tampering,0.954,0.438,0.603,0.52,0.819,0.703,0.726,0.181,0.25,0.469,1690,Suspicious
1166,2026-08-01T05:26:35,Rover-3,Earth Ground Station,Mars Surface Rover>Mars Orbiter>Lunar Relay Satellite 2>Unknown-Relay-X>Lunar Relay Satellite 1>Earth Ground Station,740.31,-95.44,512,262,3600,Relay Tampering,0.425,0.422,0.87,0.646,0.889,0.651,0.715,0.111,0.45,0.578,2081,Suspicious
1167,2026-08-01T05:27:25,Rover-3,Earth Ground Station,Mars Surface Rover>Mars Orbiter>Unknown-Relay-X>Lunar Relay Satellite 2>Lunar Relay Satellite 1>Earth Ground Station,737.11,-99.46,538,276,3600,Relay Tampering,0.86,0.502,0.411,0.456,0.797,0.642,0.704,0.203,0.25,0.453,1630,Suspicious
1168,2026-08-01T05:28:36,Rover-3,Earth Ground Station,Mars Surface Rover>Mars Orbiter>Lunar Relay Satellite 2>Lunar Relay Satellite 1>Unknown-Relay-X>Earth Ground Station,722.82,-98.87,506,263,3600,Relay Tampering,0.431,0.908,0.477,0.693,0.969,0.696,0.703,0.031,0.65,0.679,2445,Legitimate
1169,2026-08-01T05:29:53,Rover-3,Earth Ground Station,Mars Surface Rover>Mars Orbiter>Unknown-Relay-X>Lunar Relay Satellite 2>Lunar Relay Satellite 1>Earth Ground Station,700.13,-96.69,472,236,3600,Relay Tampering,0.366,0.448,0.716,0.582,0.792,0.58,0.685,0.208,0.25,0.436,1571,Suspicious
1170,2026-08-01T05:30:41,Rover-3,Earth Ground Station,Mars Surface Rover>Mars Orbiter>Unknown-Relay-X>Lunar Relay Satellite 2>Lunar Relay Satellite 1>Earth Ground Station,713.84,-93.35,523,243,3600,Relay Tampering,0.943,0.79,0.778,0.784,0.963,0.868,0.712,0.037,0.25,0.499,1795,Suspicious
1171,2026-08-01T05:30:44,Rover-3,Earth Ground Station,Mars Surface Rover>Mars Orbiter>Lunar Relay Satellite 2>Lunar Relay Satellite 1>Earth Ground Station,706.85,-91.04,706,3006,3600,Bundle Flooding,0.267,0.607,0.522,0.564,0.026,0.355,0.659,0.974,1.0,0.665,2395,Legitimate
1172,2026-08-01T05:30:48,Rover-3,Earth Ground Station,Mars Surface Rover>Mars Orbiter>Lunar Relay Satellite 2>Lunar Relay Satellite 1>Earth Ground Station,706.8,-93.27,455,2931,3600,Bundle Flooding,0.303,0.614,0.785,0.7,0.235,0.484,0.632,0.765,1.0,0.705,2537,Legitimate
1173,2026-08-01T05:30:50,Rover-3,Earth Ground Station,Mars Surface Rover>Mars Orbiter>Lunar Relay Satellite 2>Lunar Relay Satellite 1>Earth Ground Station,729.33,-94.31,433,2065,3600,Bundle Flooding,0.313,0.667,0.961,0.814,0.336,0.569,0.623,0.664,1.0,0.733,2639,Legitimate
1174,2026-08-01T05:30:54,Rover-3,Earth Ground Station,Mars Surface Rover>Mars Orbiter>Lunar Relay Satellite 2>Lunar Relay Satellite 1>Earth Ground Station,736.17,-91.08,636,3060,3600,Bundle Flooding,0.353,0.512,0.524,0.518,0.106,0.374,0.586,0.894,1.0,0.644,2318,Suspicious
1175,2026-08-01T05:30:57,Rover-3,Earth Ground Station,Mars Surface Rover>Mars Orbiter>Lunar Relay Satellite 2>Lunar Relay Satellite 1>Earth Ground Station,705.48,-97.17,649,2172,3600,Bundle Flooding,0.36,0.568,0.624,0.596,0.247,0.45,0.565,0.753,1.0,0.666,2396,Legitimate
1176,2026-08-01T05:30:58,Rover-3,Earth Ground Station,Mars Surface Rover>Mars Orbiter>Lunar Relay Satellite 2>Lunar Relay Satellite 1>Earth Ground Station,704.61,-93.13,689,2051,3600,Bundle Flooding,0.365,0.559,0.757,0.658,0.138,0.455,0.549,0.862,1.0,0.661,2381,Legitimate
1177,2026-08-01T05:31:02,Rover-3,Earth Ground Station,Mars Surface Rover>Mars Orbiter>Lunar Relay Satellite 2>Lunar Relay Satellite 1>Earth Ground Station,702.22,-94.14,598,2389,3600,Bundle Flooding,0.415,0.517,0.904,0.71,0.269,0.526,0.545,0.731,1.0,0.687,2475,Legitimate
1178,2026-08-01T05:31:04,Rover-3,Earth Ground Station,Mars Surface Rover>Mars Orbiter>Lunar Relay Satellite 2>Lunar Relay Satellite 1>Earth Ground Station,707.01,-98.16,430,2799,3600,Bundle Flooding,0.412,0.642,0.523,0.582,0.184,0.44,0.529,0.816,1.0,0.647,2331,Suspicious
1179,2026-08-01T05:31:07,Rover-3,Earth Ground Station,Mars Surface Rover>Mars Orbiter>Lunar Relay Satellite 2>Lunar Relay Satellite 1>Earth Ground Station,719.75,-97.28,430,1772,3600,Bundle Flooding,0.435,0.933,0.62,0.777,0.365,0.588,0.538,0.635,1.0,0.708,2550,Legitimate
1180,2026-08-01T05:31:11,Rover-3,Earth Ground Station,Mars Surface Rover>Mars Orbiter>Lunar Relay Satellite 2>Lunar Relay Satellite 1>Earth Ground Station,703.76,-96.58,571,2928,3600,Bundle Flooding,0.459,0.555,0.718,0.636,0.236,0.492,0.531,0.764,1.0,0.669,2408,Legitimate
1181,2026-08-01T05:31:12,Rover-3,Earth Ground Station,Mars Surface Rover>Mars Orbiter>Lunar Relay Satellite 2>Lunar Relay Satellite 1>Earth Ground Station,703.56,-92.88,545,2681,3600,Bundle Flooding,0.444,0.563,0.692,0.628,0.288,0.497,0.526,0.712,1.0,0.669,2408,Legitimate
1182,2026-08-01T05:31:16,Rover-3,Earth Ground Station,Mars Surface Rover>Mars Orbiter>Lunar Relay Satellite 2>Lunar Relay Satellite 1>Earth Ground Station,735.91,-96.22,517,1719,3600,Bundle Flooding,0.489,0.485,0.776,0.63,0.488,0.559,0.531,0.512,1.0,0.695,2501,Legitimate
1183,2026-08-01T05:31:17,Rover-3,Earth Ground Station,Mars Surface Rover>Mars Orbiter>Lunar Relay Satellite 2>Lunar Relay Satellite 1>Earth Ground Station,734.92,-91.8,362,2885,3600,Bundle Flooding,0.473,0.519,0.57,0.545,0.0,0.391,0.51,1.0,1.0,0.62,2231,Suspicious
1184,2026-08-01T05:31:19,Rover-3,Earth Ground Station,Mars Surface Rover>Mars Orbiter>Lunar Relay Satellite 2>Lunar Relay Satellite 1>Earth Ground Station,700.68,-93.68,426,1610,3600,Bundle Flooding,0.495,0.509,0.821,0.665,0.305,0.533,0.513,0.695,1.0,0.678,2440,Legitimate
1185,2026-08-01T05:31:20,Rover-3,Earth Ground Station,Mars Surface Rover>Mars Orbiter>Lunar Relay Satellite 2>Lunar Relay Satellite 1>Earth Ground Station,720.6,-97.53,529,2692,3600,Bundle Flooding,0.498,0.908,0.593,0.75,0.298,0.574,0.523,0.702,1.0,0.697,2511,Legitimate
1186,2026-08-01T05:31:23,Rover-3,Earth Ground Station,Mars Surface Rover>Mars Orbiter>Lunar Relay Satellite 2>Lunar Relay Satellite 1>Earth Ground Station,734.12,-96.76,346,2593,3600,Bundle Flooding,0.533,0.55,0.699,0.624,0.067,0.462,0.514,0.933,1.0,0.65,2341,Legitimate
1187,2026-08-01T05:31:26,Rover-3,Earth Ground Station,Mars Surface Rover>Mars Orbiter>Lunar Relay Satellite 2>Lunar Relay Satellite 1>Earth Ground Station,733.97,-90.37,446,2280,3600,Bundle Flooding,0.547,0.566,0.431,0.498,0.252,0.449,0.504,0.748,1.0,0.641,2307,Suspicious
1188,2026-08-01T05:31:28,Rover-3,Earth Ground Station,Mars Surface Rover>Mars Orbiter>Lunar Relay Satellite 2>Lunar Relay Satellite 1>Earth Ground Station,702.82,-91.72,558,2913,3600,Bundle Flooding,0.549,0.555,0.573,0.564,0.227,0.476,0.5,0.773,1.0,0.65,2341,Legitimate
1189,2026-08-01T05:31:29,Rover-3,Earth Ground Station,Mars Surface Rover>Mars Orbiter>Lunar Relay Satellite 2>Lunar Relay Satellite 1>Earth Ground Station,716.43,-98.95,449,1562,3600,Bundle Flooding,0.551,0.934,0.448,0.691,0.383,0.579,0.512,0.617,1.0,0.695,2503,Legitimate
1190,2026-08-01T05:31:32,Rover-3,Earth Ground Station,Mars Surface Rover>Mars Orbiter>Lunar Relay Satellite 2>Lunar Relay Satellite 1>Earth Ground Station,704.41,-94.45,377,3026,3600,Bundle Flooding,0.584,0.59,0.936,0.763,0.078,0.547,0.517,0.922,1.0,0.685,2465,Legitimate
1191,2026-08-01T05:31:35,Rover-3,Earth Ground Station,Mars Surface Rover>Mars Orbiter>Lunar Relay Satellite 2>Lunar Relay Satellite 1>Earth Ground Station,699.64,-97.99,400,1754,3600,Bundle Flooding,0.594,0.498,0.548,0.523,0.22,0.465,0.509,0.78,1.0,0.649,2338,Suspicious
1192,2026-08-01T05:31:37,Rover-3,Earth Ground Station,Mars Surface Rover>Mars Orbiter>Lunar Relay Satellite 2>Lunar Relay Satellite 1>Earth Ground Station,707.47,-99.57,314,1707,3600,Bundle Flooding,0.594,0.683,0.405,0.544,0.104,0.446,0.5,0.896,1.0,0.638,2297,Suspicious
1193,2026-08-01T05:31:41,Rover-3,Earth Ground Station,Mars Surface Rover>Mars Orbiter>Lunar Relay Satellite 2>Lunar Relay Satellite 1>Earth Ground Station,731.12,-90.65,331,2324,3600,Bundle Flooding,0.63,0.613,0.469,0.541,0.046,0.44,0.491,0.954,1.0,0.632,2275,Suspicious
1194,2026-08-01T05:31:42,Rover-3,Earth Ground Station,Mars Surface Rover>Mars Orbiter>Lunar Relay Satellite 2>Lunar Relay Satellite 1>Earth Ground Station,737.65,-90.66,357,1684,3600,Bundle Flooding,0.606,0.492,0.484,0.488,0.091,0.418,0.48,0.909,1.0,0.619,2227,Suspicious
1195,2026-08-01T05:31:44,Rover-3,Earth Ground Station,Mars Surface Rover>Mars Orbiter>Lunar Relay Satellite 2>Lunar Relay Satellite 1>Earth Ground Station,723.78,-92.15,612,1759,3600,Bundle Flooding,0.629,0.826,0.648,0.737,0.322,0.606,0.499,0.678,1.0,0.7,2522,Legitimate
1196,2026-08-01T05:31:47,Rover-3,Earth Ground Station,Mars Surface Rover>Mars Orbiter>Lunar Relay Satellite 2>Lunar Relay Satellite 1>Earth Ground Station,739.39,-93.55,406,2655,3600,Bundle Flooding,0.651,0.472,0.834,0.653,0.122,0.52,0.502,0.878,1.0,0.668,2406,Legitimate
1197,2026-08-01T05:31:48,Rover-3,Earth Ground Station,Mars Surface Rover>Mars Orbiter>Lunar Relay Satellite 2>Lunar Relay Satellite 1>Earth Ground Station,702.68,-95.74,422,1830,3600,Bundle Flooding,0.634,0.551,0.809,0.68,0.313,0.577,0.513,0.687,1.0,0.695,2501,Legitimate
1198,2026-08-01T05:31:49,Rover-3,Earth Ground Station,Mars Surface Rover>Mars Orbiter>Lunar Relay Satellite 2>Lunar Relay Satellite 1>Earth Ground Station,740.46,-91.19,457,2623,3600,Bundle Flooding,0.645,0.466,0.546,0.506,0.205,0.465,0.506,0.795,1.0,0.648,2334,Suspicious
1199,2026-08-01T05:31:51,Rover-3,Earth Ground Station,Mars Surface Rover>Mars Orbiter>Lunar Relay Satellite 2>Lunar Relay Satellite 1>Earth Ground Station,717.39,-99.35,394,2119,3600,Bundle Flooding,0.669,0.935,0.434,0.684,0.182,0.555,0.513,0.818,1.0,0.686,2471,Legitimate
1200,2026-08-01T05:31:53,Rover-3,Earth Ground Station,Mars Surface Rover>Mars Orbiter>Lunar Relay Satellite 2>Lunar Relay Satellite 1>Earth Ground Station,716.01,-97.48,510,2334,3600,Bundle Flooding,0.679,0.878,0.622,0.75,0.394,0.643,0.533,0.606,1.0,0.727,2618,Legitimate
1201,2026-08-01T05:32:36,Unregistered-Node-15,Earth Ground Station,Unregistered-Node>Earth Ground Station,728.84,-89.53,464,248,3600,Unauthorized Injection,1.0,1.0,1.0,1.0,0.786,0.946,0.992,0.214,0.0,0.004,14,Malicious (TTL Decayed)
1202,2026-08-01T05:33:25,Unregistered-Node-71,Earth Ground Station,Unregistered-Node>Earth Ground Station,724.34,-90.6,560,253,3600,Unauthorized Injection,1.0,1.0,1.0,1.0,0.853,0.963,0.994,0.147,0.0,0.004,14,Malicious (TTL Decayed)
1203,2026-08-01T05:34:39,Unregistered-Node-87,Earth Ground Station,Unregistered-Node>Earth Ground Station,716.89,-88.7,552,268,3600,Unauthorized Injection,1.0,1.0,1.0,1.0,0.808,0.952,0.993,0.192,0.0,0.004,14,Malicious (TTL Decayed)
1204,2026-08-01T05:34:59,Unregistered-Node-85,Earth Ground Station,Unregistered-Node>Earth Ground Station,741.54,-103.38,471,253,3600,Unauthorized Injection,1.0,1.0,1.0,1.0,0.588,0.897,0.985,0.412,0.0,0.004,14,Malicious (TTL Decayed)
1205,2026-08-01T05:35:26,Unregistered-Node-22,Earth Ground Station,Unregistered-Node>Earth Ground Station,704.59,-74.32,521,239,3600,Unauthorized Injection,1.0,1.0,1.0,1.0,0.427,0.857,0.979,0.573,0.0,0.004,14,Malicious (TTL Decayed)
1206,2026-08-01T05:35:58,Unregistered-Node-55,Earth Ground Station,Unregistered-Node>Earth Ground Station,713.03,-105.7,562,240,3600,Unauthorized Injection,1.0,1.0,1.0,1.0,0.536,0.884,0.983,0.464,0.0,0.004,14,Malicious (TTL Decayed)
1207,2026-08-01T05:36:35,Unregistered-Node-83,Earth Ground Station,Unregistered-Node>Earth Ground Station,731.44,-116.05,521,266,3600,Unauthorized Injection,1.0,1.0,1.0,1.0,0.432,0.858,0.979,0.568,0.0,0.004,14,Malicious (TTL Decayed)
1208,2026-08-01T05:37:17,Unregistered-Node-36,Earth Ground Station,Unregistered-Node>Earth Ground Station,718.96,-78.25,502,255,3600,Unauthorized Injection,1.0,1.0,1.0,1.0,0.594,0.899,0.985,0.406,0.0,0.004,14,Malicious (TTL Decayed)
1209,2026-08-01T05:38:06,Unregistered-Node-18,Earth Ground Station,Unregistered-Node>Earth Ground Station,703.07,-72.66,511,261,3600,Unauthorized Injection,1.0,1.0,1.0,1.0,0.421,0.855,0.978,0.579,0.0,0.004,14,Malicious (TTL Decayed)
1210,2026-08-01T05:39:13,Unregistered-Node-49,Earth Ground Station,Unregistered-Node>Earth Ground Station,700.68,-99.97,530,275,3600,Unauthorized Injection,1.0,1.0,1.0,1.0,0.753,0.938,0.991,0.247,0.0,0.004,14,Malicious (TTL Decayed)
1211,2026-08-01T05:39:53,Unregistered-Node-97,Earth Ground Station,Unregistered-Node>Earth Ground Station,705.0,-95.95,470,238,3600,Unauthorized Injection,1.0,1.0,1.0,1.0,0.854,0.963,0.995,0.146,0.0,0.004,14,Malicious (TTL Decayed)
1212,2026-08-01T05:40:44,Unregistered-Node-34,Earth Ground Station,Unregistered-Node>Earth Ground Station,732.65,-97.02,528,255,3600,Unauthorized Injection,1.0,1.0,1.0,1.0,0.948,0.987,0.998,0.052,0.0,0.004,14,Malicious (TTL Decayed)
1213,2026-08-01T05:41:55,Unregistered-Node-56,Earth Ground Station,Unregistered-Node>Earth Ground Station,735.54,-113.06,558,236,3600,Unauthorized Injection,1.0,1.0,1.0,1.0,0.378,0.845,0.977,0.622,0.0,0.004,14,Malicious (TTL Decayed)
1214,2026-08-01T05:42:22,Unregistered-Node-5,Earth Ground Station,Unregistered-Node>Earth Ground Station,714.97,-79.65,499,254,3600,Unauthorized Injection,1.0,1.0,1.0,1.0,0.626,0.906,0.986,0.374,0.0,0.004,14,Malicious (TTL Decayed)
1215,2026-08-01T05:43:24,Unregistered-Node-18,Earth Ground Station,Unregistered-Node>Earth Ground Station,735.57,-86.09,533,255,3600,Unauthorized Injection,1.0,1.0,1.0,1.0,0.719,0.93,0.971,0.281,0.0,0.004,14,Malicious (TTL Decayed)
1216,2026-08-01T05:44:08,Unregistered-Node-88,Earth Ground Station,Unregistered-Node>Earth Ground Station,719.46,-96.87,529,262,3600,Unauthorized Injection,1.0,1.0,1.0,1.0,0.979,0.995,0.996,0.021,0.0,0.004,14,Malicious (TTL Decayed)
1217,2026-08-01T05:44:58,Unregistered-Node-64,Earth Ground Station,Unregistered-Node>Earth Ground Station,718.96,-99.32,512,251,3600,Unauthorized Injection,1.0,1.0,1.0,1.0,0.954,0.989,0.998,0.046,0.0,0.004,14,Malicious (TTL Decayed)
1218,2026-08-01T05:45:42,Unregistered-Node-4,Earth Ground Station,Unregistered-Node>Earth Ground Station,725.05,-99.3,560,248,3600,Unauthorized Injection,1.0,1.0,1.0,1.0,0.842,0.96,0.994,0.158,0.0,0.004,14,Malicious (TTL Decayed)
1219,2026-08-01T05:46:10,Unregistered-Node-81,Earth Ground Station,Unregistered-Node>Earth Ground Station,734.56,-87.46,536,236,3600,Unauthorized Injection,1.0,1.0,1.0,1.0,0.714,0.929,0.989,0.286,0.0,0.004,14,Malicious (TTL Decayed)
1220,2026-08-01T05:46:36,Unregistered-Node-32,Earth Ground Station,Unregistered-Node>Earth Ground Station,716.9,-83.01,502,237,3600,Unauthorized Injection,1.0,1.0,1.0,1.0,0.645,0.911,0.987,0.355,0.0,0.004,14,Malicious (TTL Decayed)
1221,2026-08-01T05:47:37,Unregistered-Node-15,Earth Ground Station,Unregistered-Node>Earth Ground Station,711.88,-87.29,531,271,3600,Unauthorized Injection,1.0,1.0,1.0,1.0,0.787,0.947,0.985,0.213,0.0,0.004,14,Malicious (TTL Decayed)
1222,2026-08-01T05:47:58,Unregistered-Node-66,Earth Ground Station,Unregistered-Node>Earth Ground Station,721.66,-114.07,528,252,3600,Unauthorized Injection,1.0,1.0,1.0,1.0,0.512,0.878,0.982,0.488,0.0,0.004,14,Malicious (TTL Decayed)
1223,2026-08-01T05:48:35,Unregistered-Node-74,Earth Ground Station,Unregistered-Node>Earth Ground Station,699.28,-89.79,463,248,3600,Unauthorized Injection,1.0,1.0,1.0,1.0,0.682,0.921,0.988,0.318,0.0,0.004,14,Malicious (TTL Decayed)
1224,2026-08-01T05:49:31,Unregistered-Node-64,Earth Ground Station,Unregistered-Node>Earth Ground Station,702.62,-95.13,531,243,3600,Unauthorized Injection,1.0,1.0,1.0,1.0,0.897,0.974,0.99,0.103,0.0,0.004,14,Malicious (TTL Decayed)
1225,2026-08-01T05:50:39,Unregistered-Node-26,Earth Ground Station,Unregistered-Node>Earth Ground Station,727.23,-94.86,491,275,3600,Unauthorized Injection,1.0,1.0,1.0,1.0,0.905,0.976,0.996,0.095,0.0,0.004,14,Malicious (TTL Decayed)
1226,2026-08-01T05:51:53,Unregistered-Node-34,Earth Ground Station,Unregistered-Node>Earth Ground Station,740.48,-73.51,547,244,3600,Unauthorized Injection,1.0,1.0,1.0,1.0,0.376,0.844,0.963,0.624,0.0,0.004,13,Malicious (TTL Decayed)
1227,2026-08-01T05:52:49,Unregistered-Node-75,Earth Ground Station,Unregistered-Node>Earth Ground Station,715.77,-75.75,536,239,3600,Unauthorized Injection,1.0,1.0,1.0,1.0,0.474,0.869,0.98,0.526,0.0,0.004,14,Malicious (TTL Decayed)
1228,2026-08-01T05:53:30,Unregistered-Node-45,Earth Ground Station,Unregistered-Node>Earth Ground Station,710.21,-109.04,515,253,3600,Unauthorized Injection,1.0,1.0,1.0,1.0,0.605,0.901,0.985,0.395,0.0,0.004,14,Malicious (TTL Decayed)
1229,2026-08-01T05:54:31,Unregistered-Node-41,Earth Ground Station,Unregistered-Node>Earth Ground Station,733.99,-80.75,491,262,3600,Unauthorized Injection,1.0,1.0,1.0,1.0,0.607,0.902,0.985,0.393,0.0,0.004,14,Malicious (TTL Decayed)
1230,2026-08-01T05:55:16,Unregistered-Node-3,Earth Ground Station,Unregistered-Node>Earth Ground Station,709.25,-101.07,529,257,3600,Unauthorized Injection,1.0,1.0,1.0,1.0,0.796,0.949,0.992,0.204,0.0,0.004,14,Malicious (TTL Decayed)
